time,people,weekend,hope,Twitter,Fire,game,support,draw,games,help,fall,Mexico,morning,rain,share,Jaebeom,World,first,public,@MCamerlengo:,https://t.co/Lrx39rXNSp,tweet,Congrats!,@taekookmemories:,Jungkook's,@ronnui_:,ùóôùó•ùóòùóòüëâ,@ADNanime,@igetloudtf:
share,dreams,like,Happy,photo,Birthday,LGBT,etsy,Britain,death,vintage,Support,birthday,song,dance,https://t.co/MA5cYobSzH,üò≠üòÇüòÇüòÇüòÇüòÇüò©ü§¶üèæ‚Äç‚ôÇÔ∏è,#etsy,Lisa,best,important,German,community?,Instagram,https://t.co/xiGNS8IIJv,offers,handmade,@movementsCA:,Any‚Ä¶,trending
videos,future,fuck,daddy,like,content,girl,naughty,best,thick,milf,breeding,butt,@Realtor_NG:,these.üòá,https://t.co/cRydQp8hh6,Justine,muscle,naked,#ass,Bel‚Ä¶,Sabarimala,hard,team!\n\nHair:,Rodil\nMake,@bernardokath‚Äôs,Rosario\nStyling:,Neric,Aranilla\nCostume:,share
like,moon,house,future,today,heart,hits,Twitter,party,young,weekend,students,star,Republicans,says:,Tory,together,@yashar,trending,@Billionaires10x:,solat,fuck,jumaat,@imanissapearl:,https://t.co/JTkNQR9jnc,interview,#BuyCBD,#CBDstore,#CBDedibles,#CBDcandy
white,like,beer,glass,Gemini,walk,friends,friend,babe,time,stay,best,work,https://t.co/tWIgHTjFtf,@1800BUDDHA:,fucking,weekend,draw,wine,@TalibKweli,tampon,Unknown,@tonetalks,oddly,vomiting,shoes,tax.,world,@Genius:,groceries
flying,photo,people,like,Warren,draw,vote,games,book,inktober,Like,doodle,young,hair,@encikmatahari:,support,SpongeBob,,@Poshmarkapp,memes,Hillary,Squidward,@ProudResister:,https://t.co/8waMJaTAfQ,#poshmark,illustration,Bigil,German,urban,sketch,general.\n\nI
happy,anniversary,mina,videos,heart,sweet,smile,thanks,like,time,dance,Happy,jihyo,soul,wife,dreams,work,@jaymesblond:,https://t.co/uImVq8e7N4,probaly,@smhbrook:,grateful,performance,lmaooooodeletoooo,https://t.co/EYEv8YrVOh,nice,happiness,manhandling,#KamleshTewari,girl
best,Live,world,sports,future,Green,Special,walking,alcoholic,,@Solextial:,tired,friends,house,summer,college,Like,dreams‚≠êÔ∏è,@sjhsjh0628:,Broadcast,,Swooning\n\nhttps://t.co/NJQ7Jz6vXi,lunch,woman,digital,fall,.@AOC,review,libs,swear.,this!!!,https://t.co/8nHUDNPyym
Saudi,event,time,United,Bigil,Hope,legal,growth,first,movie,iTunes,Birthday,girl,color,Hillary,character,Senator,,professional,,work,best,Arkansas,,@tfrogdotcom:,homeless,mixtapes,still,,Education,MOTS:,Persona\n#67,Arabia\n#1,Answer\n#131
song,pretty,death,sweet,people,best,like,photos,time,hope,friends,Antifa,church,@peakylui:,Shelby.,https://t.co/KHxy5YYBy0,https://t.co/6kNlh7udrZ,\n#ÏóëÏÜå,\n#EXO,outsmarted,@CarlosSimancas:,@grecciiiaaaa:,couple!,Norris!\n\nüòÜ,https://t.co/NXXJ1Q5o2Y,Libya,birth,,trauma,,taeil,Preach
like,enjoy,world,people,Bigil,money,regret,facial,logo,lost,Fake,bottom,snap,work,üëëüíØ\n\n@actorvijay,pretty,time,funny,real,skirt,@hnybeezzz:,watches,üëçüèªüëçüèª,problematic,cute!!!!!,tweet,https://t.co/c96sdJ35Mr,#BlackMagic2019\nFROM,price\",\"reasonable
like,Origi,fucking,Mane,game,Klopp,best,united,given,YNWA,costume,photos,liverpool,United,fraud,goals,Handball,foul?,Antifa,media,#PCAs,#TheGroup,MUFC,Portland,fouled,dahyun,Voter,@JeremyClarkson,VOTER,mina
Michael,Google,fire,community,animal,airport,woman,history,best,listen,wedding,people,wife,Floro,Gove,\n‚Äî\nFor,#KathNiel!,\n#BlackMagic2019\n#StarMagicHalloween\nüì∏,fake,@androidauth,@mnmlcase,@KhairulAbror1:,https://t.co/wyFJNl2L25,fuck,\n\nBest,Mark\n\n#MarkTuan,London!,important,https://t.co/PefFam4F‚Ä¶,@MayaJama:
world,first,single,game,best,like,heart,friend,American,Honda,Dragon,train,photo,lair.,Like,@ElsaSketch:,#Untitl‚Ä¶,BELL,ALARM,fire,RINGING,Agai‚Ä¶,market,lost,\n\nAs,border,,@kuyaofcedward:,Congratulations,\"run,competitor
respect,words,time,cool,people,TANHAJI,important,Special,fuck,earth,show,LOVE,hard,comic,Tanhaji,flying,church,privacy,hair,pretty,everyone\n\nBut,@HELLOBABYBOY310:,Satlok,place),brand,@RandoTheReal:,https://t.co/86RSsW6AG8,queen,https://t.co/AXAesp3s4T,unacceptable.
deal,Labour,Boris,vote,British,people,remain,election,Tory,support,Leave,party,government,Remain,public,extension,Scotland,Milestone,Vote,@labourleave:,Remainers,Scottish,step,,winning,democracy,lost,Ireland,Farage,@CocaOlaaa:,@joannaccherry
twitter,like,single,relationships,community,song,insta,Children,career,women,@666RAMOX:,saturday,https://t.co/2Vi4uQUtga,fuck,https://t.co/eqqlHD6np0,@peterquillsI:,Like,recommendation.,impact:,statement...,settling,Hollywood,vibe...,America,Disappeared,help,Sales,@stateofgrace:,show,@DavidCayJ:
Happy,birthday,happy,Birthday,show,hope,weekend,nipples,tshirt,gift,best,Hope,happiness,today,enjoy,true,amazing,awesome,@Diddy:,Dogs,twins,https://t.co/p5C04h6ooM,@4yun1yuni:,borne,,Youngboy,morning,Omg.,Dahyun,@fakehistoryhunt:,heat,‚Ä¶
Beautiful,like,people,girl,Hope,mood,Facebook,ARMY,Japanese,rock,best,homeless,luxury,Solar,single,ALBUM,October,time,Malaysia,photo,MAMAMOO,morning,students,happy,flowers,tricky,Facebook,,Wheein,Unfollowed,Special
people,like,work,time,stop,happy,support,surprise,Twitter,government,trade,heart,bitcoin,followan?,relax,coffee,hope,Ford,crypto,Bernie,@Yuno_lt:,blockchain,grateful,Allah,https://t.co/jbb69n7uIW,terrorists,,fambest?,HKPolice,Video,\n\n\"
like,time,train,lost,girl,focus,share,best,@AMIT_GUJJU:,people,JISOO,dispute\n\nNow,talk,change,personality,,gift,Schiff,bonus.,@KavliyaForever:,Surprise!,Baby,winning,given,illness.,co-conspirator,Wonderland\",Verdict‚Ä¶,\n@realDonaldTrump:,testifying.\"Alice,measuring
like,costume,Like,diabetes,fuck,time,mindset,fact,running,pregnant,happy,peace,Bigil,hits,Soul-stirring,'out,world',@chrisdelia:,#Bigil!,https://t.co/uoD0YOU7uX,https://t.co/kGgfyr3jU0,pretty,@primadonatae:,@Jacquees:,üí•üëë\n\nClick,woman,ü§¢ü§¢üò∑üò∑,@c_bhatoey:,words,........
today,time,space,Cancer,Sagittarius,NASA,show,Hello,courage,deal,amazing,@SdDawg8:,girls,‚ÄúChooses‚Äù,Grandpa,house,cats.,Washington,coffee,uncles,rack,NIGHT!,Like,girl,College,strength,unfollower,CHICKS!\n\n#BlackMagic2019,https://t.co/wDrX1gxrR2,ü§£LIZQUEN
people,like,awesome,today,time,games,respect,Chennai,Tamil,President,exols,hope,journalists,perfect,https://t.co/4jKaa3bSqa,‚à™Ôºæ„ÇßÔºæ‚à™,pretty,Hello,dinner,daddy,Class,\n\nSource:,@strunubi_yu:,tough.,proud,Á´ãÂ†¥Êñ∞ËÅû,just.,gay.,Saquon,wall
movies,like,movie,film,show,Marvel,kids,parents,time,Netflix,talk,first,series,read,twitter,comic,morning,happy,book,weed,squirt,@funkemcfly:,https://t.co/D66dJQ6XPK,Batman,City.,comedy,superhero,Horror,@aliceintrapland:,comics
like,stop,United,twitter,Florida,teacher,today,courage,party,stay,time,update,instagram,Happy,Gemini,@GotJanie:,Rudys,young,senate‚Ä¶,women,Black,sports,kpop,Republican,.@JJWatt,Tweeps,,loves‚Ä¶,tweet,behead,Birthday
Jesus,Christ,Church,church,real,sales,Bible,faith,Christian,Spanish,Catholic,Kurdish,@karanjohar,Dust,hard,media,jacket.,vote,@boye_g:,Christ.,Minister...,https://t.co/hNyeopRmYb,@itsindysev:,@siano4progress:,Fashionista,trying.‚Ä¶,https://t.co/a5tbktfRgP,unto,Kittredge,,style...but
like,read,change,friend,events,world,tweet,people,development,Saturday,Need,london,vote,bartender,Overwatch,@GreatWishIist:,shower,Adopt,leans,Video,@MrBeastYT:,https://t.co/ggLHpkIHD3,https://t.co/8mKqsFfyWA,@Neon_woof:,fall,@_StylesZX2:,sneakily,Cantina,future,woman
hero,real,President,United,like,dancer,wife,today,Today,dahyun,time,friends,amazing,portrait,Removing,Menendez:,outgrow,@OnlyCae_:,given,\"betrayal,patting,bullshit!,fuck,@jeongyeonjy:,her???,chaeng,sobbing,,jeongmo,people,pretty
winning,World,Congratulations,game,Houston,mood,tweet,home,series,yoonmin,best,Chapman,first,Nationals,https://t.co/nzbbZXkMWC,\"Titanic\",@taijay_blagrove:,lauv,astros,https://t.co/qVpvwFfmgN,@quistalktoem:,CAREFUL,Twitter,Nats,dreams,@JiminsTaeddyb:,@MLBONFOX:,https://t.co/20DRNCLIsY,reading,@nehochu_:
Need,work,help,Money,hard,code,perfect,kookoo,best,money,children,parents,sketch,Learning,discount,carbonated\n12.,soda:\n\n18.,rank\n14.,these\n13.,possibly\n15.,\n16.,you\n17.,because\n10.,beverages\n11.,they\n9.,Digital,taco,proportion,@So_Safadezas:,thanks
trump,show,fraud,people,MUFC,legs,audio,Sundowns,stop,public,gradient,versatile,Bob‚Äôs,Marshall‚Äôs,smile,@ncamisile_:,@_missssbk:,https://t.co/HYETvtHs2y,https://t.co/NoMnWCSugd,true,talk,cures,Shouldn‚Äôt,aesthetics.,@Fahrenthold,@kieradxni:,hoseok,UNITED!,üî¥‚ö™Ô∏è‚ö´Ô∏è\n\n#MUFC,PSA:
like,hotel,MUFC,stories,single,stay,school,work,stretch,survival,Film,journalistic,balls,city,airport,son's,Kurdish-held,defensible,https://t.co/hodQ0H4AwU,support,crime,Wales,fuck,workout,liar,market,@bunnny_buns_art:,kids,one:\nCartoon,woman
like,peace,morning,city,Mane,rock,home,time,grateful,Overwatch,song,stop,Update,ghost,reference,ROJO,@Panashe181:,@JuddApatow:,push‚Ä¶,you‚Äù\nhttps://t.co/pCUszhbz1A,lifestyle....Remember,STARTSSSSSS,@UtdJL:,https://t.co/ffmMlXYUOi,hair,soul,American,critique,walking,Tampa
money,Scorpio,Twitter,sing,like,first,Learn,clip,real,Valimai,social,Media,hope,legal,Contest,daddy,breaking,friend,given,Policy.,culture,Tuned..!‚Ä¶,internship,1976,show,Earn,,song,@ScottHech:,NOLA,United
song,friend,like,best,listen,Hope,Time,first,perfect,star,Radhe,together,MUFC,jimin,@Lialisaaa:,https://t.co/TY96rup9gS,playlist,@billmaher:,energy,#Radhe,TZUYU,#Pric‚Ä¶,heavenly,LMFAOOOOOOO,blood,selfie,weekend,morning,https://t.co/dQVPfmQnBZ,snippet
like,fall,research,time,future,girl,young,website,queen,vegan,economy,best,lady,heart,#ÏµúÏòÅ‚Ä¶,@peta,LMAAAOOO,green,https://t.co/9oGAHHsWuv,\nGOT7üíöüíöüíöüíöüíöüíöüíöüê•\nKEEP,adult,too\nMen,moveon,https://t.co/ZrWbSeiAvA,@quraishahnur:,data,@rynford_:,COMPANY,@ImVontee:,meat
help,people,time,Louis,photo,dragon,Harry,heart,Instagram,talk,neon,Tomlinson,fake,@MothershipSG:,stream,@bestsongzwrld:,Lebanese,smile,hero,@DimpledDork_:,emoji,Watch,Florida,rock,Beirut,streaming,Stranger,Liam,Rampalji,character
people,change,like,stop,climate,public,death,fuck,Design,fact,vote,time,restaurant,,color,focus,SecDef‚Äôs,Climate,inappropriately,https://t.co/PW8UY3kjGO,@88SEATTLE61:,@SenatorDurbin,@AdDien90:,@RachelintheOC:,cars,transportati‚Ä¶,Identity,groped/touched,Impressively,,(bar,,https://t.co/qwIOeWavKp
Tulsi,Hillary,Russian,Clinton,paid,woman,daily,pregnant,talk,Dems,girls,stop,nice,party,running,Video,@Pschmeichel1:,read,controversy.,equating,awsome:,ART\n\nMade,https://t.co/aobwf6zKGT,https://t.co/nmLTwWHlTh,@smh_natii2:,https://t.co/lm5IacTOxD,@SarahLongwell25:,https://t.co/xvoGx4tXRe,mark,candidates\"
ALBUM,MINHYUK,SHOWNU,like,Time,tired,queen,today,Congress,massage,facebook,Flash,camera,Wi-Fiüì∂\n@mtuan93,https://t.co/zMCEu6glmc,191019\n-\nüá´üá∑\nI,Osiris,Great!,Invite,\"how,handle.,NAILED,@hell0erick:,üòçüíô\n\n#SPOOKtacularKathNiel,@Official_MX_jp:,playlist,ALWAYS,,https://t.co/iTtftnaDy7,gift.,ordering
true,earth,brain,like,world,people,power,worship,dream,Video,interview,VOTE,ARMY,PTSD,traumatic,@QMagazine,@LanaDelRey:,event,https://t.co/GwVpQDPuro,@TheShawnVotes,MENDES,events,suicide,Youth!,@realmedicineMI,\"imminent\",@pitbullsad,colors,words,Australia
people,thanks,power,first,support,best,wild,happy,friends,google,media,work,kids,world,like,Zuckerberg,white,healthy,game,whore,fucking,talk,@mygbebe:,asking!,Republican,country.\n\nThank,win.\n\nWe're,life!‚Ä¶,fuck,again‚Äú
like,people,train,morning,real,time,pretty,help,Like,positivity,brand,first,single,work,stop,Klopp,Louis,talk,baecation,vote,pileup,32-car,Bernie,https://t.co/qmkSknkSRU,pre-match,friend,funny,light,clocked,wrecking
stop,like,Indian,people,Palm,Malaysia,amazing,smile,tired,girl,Labour,girls,blood,throwback,dam‚Ä¶,#iSupport45,\n#USA,https://t.co/Hf1frFmWZA,today,time,Tories,,it\"\n\nTories,,2019\n\"This,2010-2017:\n\"It's,Lately,‚ÄúTrump,\nAre,kidding?,impeachment,few,
ocean,like,dress,makeup,heart,girls,wedding,best,snapchat,Dogs,enjoy,twitter,vibes,hope,Family,Valley,Action,largest,@AndyLeeman91:,https://t.co/OTG20WxG6B,#Thalaivar168,unearthed,backgrou‚Ä¶,horses,BOLD,jimin,Kings,,@ShawtyRiri:,discoveries,https://t.co/pnnKOUoMT7
help,President,morning,hope,people,Winter,Fall,interview,first,pink,power,Please.üò≠üôèüèæüôèüèæ,@shei_willie:,https://t.co/0Ufb5mpwcM,pain,twitter,digital,@kimvanadium:,june,mood,Deep,photographer,selfie,movement.,small,,breaking,hard,ONCEHALLOWEEN2,@fllwhp:,strength
like,best,surprise,Hello,song,trump,Washington,history,LGBTQ,YUGYEOM,support,perspective,guitar,magic,Chairman,@Enough212:,time,Dep‚Ä¶,would?,patron,hero,fixated,women,Americans‚Äô,@BBhuttoZardari,tissue,Teen,talk,Folded,oligarch
MUFC,work,first,Government,commission,President,children,Venezuela,home,world,@CBSSports:,profiting,October,you???,Saturday,@foxindimples:,partici‚Ä¶,chan\",#hugsforchan\nhttps://t‚Ä¶,üòä\n\n#MUFC,stays....,16\n‚Ä¢,https://t.co/OiyIm8zgtn,https://t.co/PUKJbJnZEw,determination\n\n‚Ä¢,dababy,enrich,trading,like,Yovanovitch:
Truth,work,fucking,President,journalism,single,hard,World,@bilbowt:,help,trees,TRUMP,talk,https://t.co/VvVSRKanWA,Health,like,Haunted,WINTER,\nTHE,integral,first,Canadian,people,SOLDIER,ans‚Ä¶,FALCON,Worry,@paul_serran:,@QmagaMike:,canvas
Bernie,like,book,Warren,election,fake,Twitter,Canadian,vote,show,Women,time,first,history,party,children,support,public,school,progress,incomplete,Liberal,Charing,Sanders.,Bray,Liberals,Green,Alberta,Road!,Foyles,
movie,Disney,pumpkin,best,mood,kids,home,twitter,deep,GOAL,Rashford,morning,time,pain,stop,people,hero,weekend,@IntThings:,https://t.co/2Lfi‚Ä¶,@ayyydaniela:,cross‚Ä¶,James's,mins)\n\nMarcus,@justinhmin:,Competition,power,https://t.co/M6UdsLJXkm,@TaikaWaititi:,passion
dream,real,change,climate,like,best,MUFC,lost,show,fake,power,time,home,beauty,social,heart,sunshine,Happy,support,Birthday,happiness,prayer,Cleveland,reassuring,fact,help,Steal,first,FACTS:\n\n-,crisis\n\n-
MUFC,first,pain,thanks,time,Twitter,Rashford,holiday,morning,people,United,series,GGMU,happy,Film,chance‚Ä¶,lead!,running,Today,releases!,tweet,@Moohd_Ilham:,united,hook-up,@hibbettsports:,fucking,irene,Mane,@McfGerri:,https://t.co/yBsCDKEcQY
women,talk,first,like,fucking,children,hair,earth,black,people,Black,support,treats,kids,reference,white,community,trans,party,metal,@ImpeachmentHour:,ADOS,spacewalkers,Women,government,woman,sister,,FORTNITE,outfit,,microphone
fuck,calm,talk,public,fact,depression,anxiety,fucking,people,cool,like,game,women,friends,Worldwide,@GeekRemix:,@meGa_Dyke:,shawl.\n\nI,Lecturer:,off.\nMartin,off.\nAtkinson,theatre:,*asks,https://t.co/R4HnofT9ha,question*\n\nEveryone,@Aliyahjx_:,embarassing,Riiiise,topping,days...
people,funny,time,morning,support,Today,Americans,true,Blessed,read,Time,happy,volunteers,words,fuck,LOVE,house,android,Dallas,stay,meditation,care!,shop,kids,humor,sorrows,reading,impeachment,pain,peace
future,time,sports,cash,stop,train,game,cancer,rain,parents,change,money,support,mobile,snap,like,important,'keep,mind',Venmo:,moly,,JKbday,40!?!?......,#JK‚Ä¶,Minnesota.,star,üôè\n\nFour-time,legend,Con‚Ä¶,https://t.co/nKwiPfTKQv
like,work,Today,peace,Nigeria,morning,friends,first,amazing,gym.,artists,Nigerian,content,@JDNalton:,https://t.co/nQ8v6tom4n,üò≠üò≠üò≠üòÇüòÇüòÇ,As***le,https://t.co/cEuUIOHmyO,@ryanmcnally95:,FE3H,it.\n\nI,@Sarge_Mt:,killers,today,https://t.co/j0Mzjkur8g,anniversary,government,Ghana,kids,@GoldenKnights:
first,like,talk,time,people,thanks,deal,today,hope,girl,single,read,ü•∫now,[kst],morning,flying,bucks,henchman,REVEALED:,like!,Action,America,action,this....,@Out5p0ken:,right?\",tight,Ajay,https://t.co/RH85Cx0hKr,https://t.co/BmXARrrvYG
amazing,coffee,shop,Tacha,real,read,charity,Very,taekook,pretty,rock,hope,0:20,1:43\n,\"neh~\",,#taekook\n,@versacehome_ng,\"V-ssi\",‚îÄ‚îÄ‚îÄ‚äô‚îÄ‚îÄ‚îÄ‚îÄ‚îÄ‚îÄ‚îÄ,America,NOOOOOOOO,today,best,https://t.co/JfDJ3TFp6R,mistake,,event,wife,airport,Happy
like,Vote,time,streaming,chat,stream,twitch,deal,USSD,people,youtube,single,tweet,Life,Modi,Bollywood,change,ALLEGED,STATEMENT\n\nDISCONTINUATION,betterüëèüèΩüëèüèΩüëèüèΩüëèüèΩüëèüèΩüëèüèΩüëèüèΩüëèüèΩüëèüèΩüëèüèΩüëèüèΩüëèüèΩüëèüèΩüëèüèΩüëèüèΩüëèüèΩ,https://t.co/VwLms3ve3c,Twitch,train,celebrity,NIGERIA\n\n@DrIsaPantami\n#FMoCtoday\n#FMoC19\n#FMoCStat‚Ä¶,film,photo,Need,Munc‚Ä¶,support
ESPN,Capricorn,teachers,girl,public,time,Vegas,building,like,Support,today,future,funny,single,Writing:,admire.,@noacmps:,https://t.co/GvaB9J6j2X,city‚Äôs,Loan,Loads,inflatable,obstructing,#NBA,checkpoint,Kongers.,Chunking,1990.,complains,church
beauty,truth,Dems,rubber,first,Patriots,SEONGHWA,world,character,words,crackdowns,queen,Rouge,Like,@hollandcourtney:,Family,time,Polaroid,Primer,#UNIQ,:\n\n#‡∏´‡∏ß‡∏±‡∏á‡∏≠‡∏µ‡πâ‡∏õ‡πã‡∏≠,@WYBthaifans:,‚ú®[UPDATE],it...\n\n,https://t.co/aWKC9huVil,all-star,sunkissed,products:,Atlanta,look)
like,people,twitter,heart,first,hair,articles,happy,@couribruv:,media,https://t.co/rMNsIbSutL,social,Nature,talk,Vote,Cory,@JonasBelgica,caps,Booker,faham,yourself?,@malaymango:,community,kita.\nbut,@BsbLifestyle__:,impeachment,Tulsi:\n\nMarianne,\nYang\nPete\nBeto\nDonald,silver,@fylassssss:
people,white,stop,like,dream,black,tired,friend,research,death,Instagram,Pewdiepie,pewdiepi‚Ä¶,reciting,@louiecasttro,wattpad,pretty,English,@dylanthegypsy:,lyrics;,masking,procrastination,@deray:,hard,promise.,amazing,‚Äúplanning.‚Äù,@sairasameerarao:,Ocean,power
people,government,military,like,house,first,fire,Michael,worship,HongKong,respect,https://t.co/XaMrcWp4i7,@janineshuitaa:,housing,Black,Capricorn\n\nyou,windchill,truth,https://t.co/oWMZ2FnDA5,‚ÄúLGBT,Together,,truth!,activists‚Äù.,America,scammers,tryin‚Ä¶,vandalism,@PhoebeShafinaz:,inability,debt.\n\nTogether,
restaurant,Sana,saturday,community,Special,wall,happiness,amazing,single,Scorpios,chicken,stop,positivity,adorable,Reading,like,mafia:,pretty,tree,ALBUM,Dahyun,@ChickfilA,Tzuyu,environment,@hkdnow1:,selling,shuts,people,Everton,‚Äú#FightForFreedomStandWithHongKong‚Äù‚Ä¶
power,mood,hope,help,sweet,world,light,lady,smile,best,friend,Africa,photo,CHAN,show,stop,faith,Trending,testing.,privately.,sketch,eventually.,Juvenile,Edelgard,Rural,march.,CALLS,$2,000?!?!,Airlines,depression
campaign,Kurdish,like,racist,English,Warren,Americans,Saturday,paid,chan\n‚†Ä,much\n‚†Ä\n‚†Ä\n\n#hugsforchan\nhttps:/‚Ä¶,appeal,,election,@samswey:,Gillum,fraudster‚Ä¶,morning,analyst,Hindu,airpods,gift,Distance,fact,President,review,stay,Dollar,photos,peng,@jenniaki:
Football,Video,Hero,ESPN,Oregon,gift,work,real,Future,USSD,Time,vote,single,NIGERIA\n-,@chikanels:,N5000.\n-‚Ä¶,Beautiful,nice,yeah?,Twitter,Doral,remain,Championship,College,tiktok,Prepare,Stays,Gerrard,Spotify,hooman
people,world,England,stay,like,Light,funny,best,song,Europe,Africa,read,proud,master,hope,stop,shoes,English,Wales,Netflix,America,Glasses,support,yaoi,cosplayer,2009.,white,paid,convention.,cosplayer,
smile,morning,film,queen,like,kpop,help,Women,rock,justice,show,https://t.co/NJ7LiMLjmX,\nhttps://t.co/XwOgY9PqqK,heart,future,Korea.,@GautamGambhir,somebody‚Äôs,Cool,Ryzza,@alvarezdaryll:,Dizon,pigeon,@LtGovDelhi,goals,#TPHOnline,stan.,Kerala,https://t.co/Jgx1mKMDri,EXOprint
stay,people,Dems,breeding,Mommy,Listen,school,share,like,SoundCloud,friends,show,fucking,Instagram,today,humor,instagram,Modi,important‚Ä¶,words,Engel,https://t.co/k3LmS6edhi,Vote,https://t.co/LqJzTw815C,liberals,,unannounced,https://t.co/G4NyCd4dCA,@Xo_Shereen_Xo:,Reply,bitch?
YUGYEOM,deep,proud,people,stories,HongKong,Legislative,Councillor,fall,Facts,support,tight,Throwback,spray.,Quote,Thumb?,money,stinging,chemicals.,mosque‚Äôs,Apologies,retching,JAEBEOM,showering,hairs,@HongKongHermit:,‚Äòget,important,taehyung's,facts,
time,first,World,today,Hello,United,Gemini,interview,update,America,help,Vandy,Astros,,https://t.co/v7lab2khd4,@mya_rosee:,@SECNetwork)\nhttps://t.co/XIojgd4kHt,Mumbai,initially,experimental,decades;,girl,Memphis,@patrooocle:,Barr,,birthday,rerun/repla‚Ä¶,'hero',Election/Final,support,greetings
Free,like,Salah,hockey,Download,sport,wall,today,President,best,Rashford,time,first,yet,\n\nHillary,Asset‚Äù\n\nBut,@spittinchiclets:,@jazieeey:,kee‚Ä¶,https://t.co/Tc5m2bolPy,https://t.co/o6bKMsRLxA,woman,winner,Kindle,help,strength,women,Sale,Dance,U.S.-Mexico,scary
like,first,peace,Beautiful,iPhone,women,walk,YUGYEOM,amazing,shopping,Philadelphia,unique,Baby,Kenya,Walking,completing,photo,African,Nature,submission,Here,,@PandaGifter,Congratulations,Italy,smart.,trade,shop,morning,space,,Republicans
mood,white,racist,kids,morning,time,fucking,like,legs,first,@Rinawbu:,Africa,https://t.co/m6Zd3E9MDq,matriks,perlis,@maisarahdamia_:,racism,https://t.co/L5h31g4fbb,dream,@Forbes,buttons,perfect,twitter,Oklahoma,@keepslayeyn:,spot,,selling,undo,@haetbitmark:,https://t.co/emL4YTRKpA
fall,people,Durham,time,bear,Doral,iPhone,scary,cash,deal,true,happy,young,movies,golf,science,Baby,together,trap,like,Trumps,morning,misery,winter,vibes,enjoy,deeds,Hindus,lewd,Lmfaoooooooo
black,girls,parents,women,like,school,white,people,Deep,Very,song,Fake,building,woman,trump,diet,change,Brooklyn,Media,fred,Worried,Trivia:,interview,young,hair,Durham,range.,tweet,litter,woody
like,Very,game,photo,Christian,Liberals,shoes,Pakistani,Conservatives,restaurant,Like,HongKong,funny,inktober,@MACHE275),@brkicks\n\n(via,community,https://t.co/ioDQQqMtiv,@shanmushy:,#watercannon,Execu‚Ä¶,poll,iPhone,Doval,,hooping,like?\",@Ali_MuhammadPTI:,iPad,\n\n\"CNN...I,Sierr‚Ä¶
first,time,best,pretty,home,show,single,like,singer,stop,heart,LOVE,fish,English,NGOs,Jimin.\",@canzaynnot:,Like,polls,https://t.co/CC‚Ä¶,https://t.co/pZwZ5h467A,Movement','Mass,release.,'Obstructing',school:,hope,@heibeipangzai:,@akaworldwide:,amazing\nHwasa
today,Snapchat,Anime,October,performance,fuck,leaves,stop,like,vote,gift,Video,desi,horse,AKSHAY,listen,Bro,,drowned,NBC‚Äôs,read,https://t.co/Etc8MYOJvX,training,sliding,@teexxx03:,KUMAR,pro-EU,Brexit:\nThe,support,won‚Äôt.,https://t.co/QryGklvc9E
today,Mina,green,oceans,fire,show,nice,light,single,brand,games,Bigil,work,lost,talk,mural,Vettri,Stedman,Hughley??????????????????,@_KingMalcolm:,https://t.co/fC3RF2GLsb,https://t.co/rdzj1tmeHq,unnie\",#Vettri,masks.\n\nFo‚Ä¶,mature,\n\nNearly,\n\nOct,@adultswim,#rickandmorty
stop,draw,like,girl,fucking,dirty,Clinton,HongKong,hope,games,stream,time,Tulsi,bomb,World,children,people,government,(mix‚Ä¶,independents,Israeli,Canadian,critic,Mirror,@TheDailyShow:,Palestinian,series,@TristanNodalo:,LOVES,together
Harry,Watch,Prince,Hello,Saudi,people,fall,Hope,Missing,thanks,awesome,support,Days,@baileymay:,United,Blood,@iTunes,surprise,Obama,DAHYUN,Gatie,Tesla,Brazil,SANA,morning,'Her',neat,you\"\n\nI,Southeast,;\n\n\"
game,deal,like,Like,first,today,Doral,development,President,career,money,united,marvel,Reply,yielding,@houstonxjordan:,https://t.co/PZgp8fjnAm,Turbo,Requested,Stockholm,Forrest,@tinyanimaIs:,capcom,enter:\n-,https://t.co/wacf4nQ9jo,@MostRequestLive:,Angelina,help,#NowP‚Ä¶,IPHONE
happy,proud,Mina,first,United,Happy,best,hard,birthday,true,dream,Very,update,Today,world,paid,work,education,Twicetagram,wall,zankush,truly,,https://t.co/zTE14pc08w,sure;,@asante_waa:,prematurely.,security,Islands,youu,hope
show,ghost,today,time,given,media,share,Giuliani,Gandhi,Family,tweet,Georgia,playlist,Update,social,XiaoZhan,update,suicide,campaign,bottles,Pompeo,@RocksyLight:,Blast,cannabis,stay,Pashtuns,changes!,Swedish,Tsui,,‚ú®\n\nVacantion
protest,journalists,funny,money,hits,time,Origi,fucking,media,Fake,friend,üòÖüòÖüòÖüòÖ,Cannon?,words,baby.....,please!!,yixing....,https://t.co/R86hC0TDTU,Michael,conservative.,https://t.co/90f5Lf22Ct,hates:,people,soldiering‚Ä¶,World,said?,publicity,@Mr_Overlooked:,honourable,https://t.co/zf9‚Ä¶
single,drama,President,amazing,Listen,Trumps,Doral,Indian,liar,BLOCKBUSTER,lunch,movie,Special,@iHrithik,@StickboyBangkok:,colleagues,,Hop,,https://t.co/eQJ4edHxkZ,tweet,Ada‚Ä¶,Hillary,funny,@EZBiGirl,@Leo_Tweets:,#Leo's,CLINTON,self-destruct,house!‚Äù\n\nTrump,@EZBiGirl:,HILLARY
like,cool,costume,designer,cooking,Ajith,American,best,today,fresh,time,woman,Doral,Very,girls,abeg.,first,Greatness,Replay,pumping,Biden-Ukraine,galore,Sukamuljo,Sanjaya,Fernaldi,@KelechiAFC:,brand,üôåüèæ\n\nIt,‚ÄòConspiracy,MADDD
YUGYEOM,Virgo,words,dancer,Gemini,Scorpio,Bernie,selling,Obama,twitter,reppin',https://t.co/mdBsEA5nbs,first-place,@NHL.,üî•\n\n#OneBuffalo,best,Sanders:\n\nAOC\n\nIlhan,Tlaib\n\nIt‚Äôs,Sarsour\n\nRashida,Omar\n\nLinda,clear:\n\nBernie‚Äôs‚Ä¶,monolingual,#JoeBurrow!,people,Abhijit,Congress,https://t.co/jqimFpkwZC,first,reading,career
American,Twitter,first,like,work,film,World,butt,Saudi,surprise,President,dancer,camera,Hindu,dress,wall,woman,fake,OnlyFans,dahyun,British,@dgpup,Branch,sana,tease,girl,Taeyong,investigations,Relations,deepening
gift,read,Gift,work,friends,sale,help,fuck,social,Gold,money,shop,grateful,leaves,walk,Fall,üí™\n\n#MUNLIV,Fashion,preparations...,https://t.co/YoYvwmF6i7,persona,https://t.co/fXekAYquCs,https://t.co/sQOx04EVWc,Friday,feral,Football,mankind,data,Etsy,Today
today,support,real,woman,birds,green,Pompeo,morning,public,girl,character,light?,https://t.co/bW1tZtZqDW,@teteprint:,apo‚Ä¶,Doral,\"well,Goodluck,Outrageous!,https://t.co/gheSrNWlVm,\n#PoliceState,@ananavarro:,Rashford,help,@616clint:,media,online\",https://t.co/5Z0B3FWy9i,@SonyMusicSouth,#HongKongRioters
like,hope,happy,world,work,campaign,truth,skills,Sweepstakes,hard,taekook,\n\n#Sweepstakes,fundamentally,learn,,Africa's,Twitter,chuu,she?,@ManUtdMindset:,real,shoulda,heejin,improve.,Buzz,rock,Louis,@wonderofscience:,girls:,INJECT,listen
best,Muhammad,like,song,weekend,Tamil,house,tired,Whistle,time,Bookings,Book,show,Japanese,poem,walking,youtube,#Mosqu‚Ä¶,Tsimshatsui,irritant,,beach,#HugsforChan,him:,ùô¨ùôûùô©ùôù,@PericoPrincess,#BestOnEarth,ùô®ùô©ùôûùô°ùô°,https://t.co/UHymNhoAqV,\n\n#Chris,#CB97
girl,single,like,kpop,time,song,Capricorn,friends,hard,christmas,wife,show,lost,best,DAHYUN,reading,fuck,work,/krt/,@rosaalieee:,brilliant,,Manning,https://t.co/DkNiUeaBsc,understanding,,loyal,,nasty,,HERE.,members:,Peyton,NOTICE?
talk,like,people,time,happy,Friends,Giuliani,change,girl,white,model,hope,dance,fundraising,Graham's,@HelenArmstrong5:,share,poster,replying‚Äù\nbold,\"terasa\",(Jamie,Harrison),#MINA\n\nThe,191020\n#Ìä∏ÏôÄÏù¥Ïä§,https://t.co/CzaXEhroKt,work,job‚Äù,@iFireMonkey:,millionaire,,V-Buck
church,Facebook,time,future,hard,Toronto,happy,Church,help,today,morning,power,Send,girls,\n\nHistory,song,bankers,star,wired,tats,pete,poetry,phones.,Atlanta,culture,journalists,pending,fact,india,Gemini
words,like,help,women,Time,hope,camera,wine,Black,update,selena,Winston,important,feelings,,turn,,space,mood,feminists,light,first,meme,thick,tides,Lite,Quentin,@Wordspiring:,#wonwoo,\n‚†Ä\n‚†Ä\n‚†Ä\n‚†Ä\n‚†Ä\n‚†Ä\n‚†Ä\n‚†Ä\n‚†Ä\n‚†Ä\n‚†Ä\n‚†Ä,performance,Churchill‚Äôs
like,time,Microsoft,hair,Black,Android,money,Special,Americans,fucking,Life,iPhone,healthy,@LILBabyy4PF:,freedom,Watch,Apple,energy,dream,submissive,Samsung,whateva,keep‚Ä¶,cho‚Ä¶,heart,trumps,PICTURES,\n\nyou,Mexico,young
school,Oregon,black,stop,tweet,Black,deal,Happy,yusol,https://t.co/wePre9nGST,@yuunisol:,Congratulations,words,Piece!!,https://t.co/9WGERg2o4l,it!\n,security,@najihahermy:,@CBSNews:,friend,attentionüòç,doesn‚Äôt.,Female.,attractive,like,https://t.co/k0n0q05mwZ,\n\nüì∑,#KathNiel!‚Ä¶,flowers,writ‚Ä¶,https://t.co/rcrp9eBhwI
read,tweet,like,twitter,book,reading,apple,work,house,running,Read,time,#Î∏åÏïÑ‚Ä¶,PhotoÔΩúJeA]\nBrown,observations,https://t.co/wZrSgVW0WO,Congratulations,pulse,,quickening,@DickKingSmith:,discovery:,crystallising.,diversity,bcos,#WeMissAshDeepInYUDKBH,condolences,Result,@001Danish,scrubs,@SonyTV
like,house,coffee,people,hoseok,thanks,gold,Happy,birthday,cooking,fact,party,protests,tweet,yoongi,shading,bottom,lisa‚Äôs,weekend,phantom,@unsenthugot:,spin.,earthquakes,milktea,true,mic*,https://t.co/Ud3NBmc9k7,:\njisoo,https://t.co/JycAT2xHg4,scheduling
LOVE,OKAY,HELP,TRUMP,LOST,@KatyTurNBC:,https://t.co/ScaMn5BSMK,important,FRIENDS,BOYS,EYES,MIND,SLEEP,GOES,DANCE,trans,KILL,trade,TOLD,ATTENTION,TALKING,MAKING,STARTED,SOFT,SEEING,junhoe,SECOND,MONTH,BLESS,@michaelbeatty3:
Indian,Army,white,guns,President,Pakistani,Singam2,vote,100?,Time...\n\n,gracefu‚Ä¶,But.\n\nMelania,world,Modi,Shaheed.,10,000?,undertak‚Ä¶,30,000?,1,000?,shelling,CFVs.,character,Communist,Tangdhar,show,@SunTV,hoists,Indians,Pakistan‚Äôs,PoK:
game,today,Cowboys,girls,Need,Murray,like,Lions,Rams,career,best,birthday,Miami,Texans,Colts,Dolphins,Giants,Redskins,Singletary,Falcons,girl,@MatthewBerryTMR,@YahooFantasy,#FantasyFootball,games,trade,Cats,Live,Vikings,Flex
best,friends,hope,people,thick,fucking,happy,friend,focus,today,chicken,stop,world,like,Christian,pickle,actio‚Ä¶,Dems,Kong.\nI,Muslims.\nI,@ic409:,marinate,brine,@AmbassadorRice:,it\nBut,@lZoe7i5:,\nCover,@Gwyn_crnchzz:,show,WHCD
like,facts,people,America,today,Facts,public,song,brain,artists,flowers,twitter,walk,President,exp‚Ä¶,catchphrase,soothing,fuck,hair,feeling,,Namdaan,help,albums,,guy‚Ä¶,@SebGorka:,lost,#‡§∏‡§§‡§≠‡§ï‡•ç‡§§‡§ø_‡§∏‡•á_‡§Ö‡§¶‡•ç‡§≠‡•Å‡§§_‡§≤‡§æ‡§≠\nAny,fucken,scan,Mimi
Black,Magic,like,girl,Congratulations,https://t.co/V8aroH9BKk,@ABSCBNShowbizUP:,security,https://t.co/ETJHM0qjMv,YUGYEOM,Republican,studying???,skip????,earning?????,start????,poggers,moai,Pompeo,,strength,https://t.co/xPyEN2tIRN,@senn_twt:,@KrishnanGaniel:,https://t.co/GVscsbN5QP,trans,Friday,bigil,others..,held‚Ä¶,lash,(Part
like,fuck,Davido,character,stop,first,Children,Instagram,Chioma,people,vote,photo,Dems,Christian,Bigil,@aimanzhaikal_:,winning\nEverybody,winning\nWizkid,winning\nAll,#GugOthandayo,world,(+12,school‚Ä¶,1,385,94‚Ä¶,Bethany,TRACK,time,game,necklaces,Allah
Syrian,Kurdish,happiness,city,creative,meme,public,mark,best,time,party,woman,Americans,Resistance,@RepSwalwell:,dedication.,house,https://t.co/8PlK3bDwfd,simultaneously‚Ä¶,given,fall,review,who:\n\nLIKE,first,@yokoboji:,else's,\nRETWEET,Partyüéâüéâ\n\nFollow,Party.\n\nFollow,üí¨\n\nDrop
like,pretty,time,ONCEHALLOWEEN2,teaser,nice,talk,fucking,white,morning,photos,house,Happy,black,moon,superiority,kids,spurs,Army,mother,Diwali,,Valley.,@Currymuncher00:,https://t.co/le6bPH5PIr,people,tiger,weakness.,\"Trump,Beautiful,@TheAbridgedZach:
game,first,games,goals,Tennessee,home,change,today,energy,Michigan,time,like,lost,Bama,Alabama,running,Georgia,RISE,budget.,nonchalant?‚Äù\n\nMe:\n\n,https://t.co/ETf8AfWGht,@phamousphillips:,Klopp,Umar,#SpiderVerse,@pinot:,calm,fan's,Pruitt,magic
respect,HongKong,HKPolice,freedom,people,democracy,religion,hkpolice,help,Beautiful,HongKongers,protest,journalists,fire,women,@ShibaniMahtani,show,shitüòÇüòÇüòÇ,pigeon,real,https://t.co/Pqj4OW5d59,@badiucao,Believe,numbers.,LOVE,NUEST,Hongkongers,#HongKongers,‚Äúfuck,Communist
fake,like,lunch,pigeon,today,weed,time,lady,LOVE,birthday,promise,,Watch,fe3h,words,friend,allergic,boutta,kpop,@StGilesResident:,@davi‚Ä¶,@David_Cameron‚Äôs,show,Krist,Valimai,Cherish,given,@SJofficial,https://t.co/O0o2Yla2r4,@LindseyGrahamSC...,downfall
King,Find,Black,Send,true,Wendy,Baby,Instagram,seteth,@flamingopunch:,https://t.co/SPz15Ppozl,Naira,girl,@bernardokath,,Arsenal,#SPOOKtacularKathNiel‚Ä¶,HAHAHHAHSHAHA,@KATHkayek:,birthday,Sonipat,Baroda,,Kidneys,Women,@warmblue0221:,[EUB,https://t.co/NHj37Anixt,cut\n\nhttps://t.co/VH4nqCTlmU,game,performance,JACKSON
leaves,best,Autumn,like,animation,friend,kpop,penis,girl,yoongi,dancer,people,game,golf,World,NO.1,‚ú®üëëüôåüèº,first,@lqkimjongin:,@itsJeffTiedrich,https://t.co/fPkYgKrkYe,friends,@gabbywapzxc:,exam!!!,twitter,https://t.co/isnOpyKc0Q,@turbofart420:,tonight‚Äù,white,‚Äúbaee
vote,Republicans,Senate,election,like,help,first,shopping,anniversary,President,support,October,show,money,Establishment,trending,Fall,Schiff,goals!,democrats,Republican,üò±üî•\n\nhttps://t.co/f‚Ä¶,https://t.co/s6DNwtxvPR,siblings:,@ttaevee:,\n\nolder,difficult.,KST,,@BangtanTrends:,'mono'
people,tweet,vote,Conservative,time,Repost,world,Conservatives,@thespybrief,hits,corruption,parking,https://t.co/81yNUwocHF,#Repost,nails,#ThalaFans,words,austerity,hope,fuck,helps‚Ä¶,#HKPoliceTerrorists,\n\nAvoid,Equal...,proud,Facebook,support,cannon.\n\nObviously,‚Ä¶,@KATHNIELSpikers:,\n\nThanks.
cool,time,naked,real,women,work,help,NAMJOON,like,election,Dating,first,mother,Indian,witch,World,overwh‚Ä¶,@SorryDontClaire:,Russ,Effectively,hard,responded.,CFVs,Sectors,shahkot,Jura,,Nousehri,hits,https://t.co/d2Zmd7LzHW,contest
hard,Libra,innovation,American,fall,Like,fucking,walking,hair,like,running,funny,ASTRO,game,pretty,work,media,naked.,Beauty,@natureiscruel:,iTunes,Saudi,hoax,,chick‚Äôs,https://t.co/TPzCqoVjrd,@pineabul:,pain,hope,ominous,Britney
together,heart,pumpkin,Today,spooky,time,work,people,like,gradient,fucking,October,dream,friends,girls,today,unique,plastic,seokjin,nevermind,pumpkins,@effyourwords:,@relatingtext:,#HeroISL,ref,,support,@KeralaBlasters,@rylnei:,#KERKOL,@knamored:
home,tweet,Help,Twitter,lost,training,Dahyun,stay,Instagram,Rashford,money,Tear‚Äù,this.\n\nW‚Ä¶,insta,piss,wife,way.‚Ä¶,@daniela_florezz:,@Yankees:,running,sensational,work,@2HJae:,#ÏòÅÏû¨,#YoungJae,\n#GOT7_SPINNINGTOP,https://t.co/slSPBWH6Tj,@2hjae96,#Í∞ìÏÑ∏Î∏ê,\nüíì\n\n#GOT7
Business,Health,Free,Marketing,Data,Sales,Digital,shopping,Read,Learn,hiring,Science,Security,Management,woman,work,Market,data,Media,Technology,Healthcare,titanic,Education,Life,Need,shortly.,Tech,Services,Google,ICYMI
money,like,tweet,work,pain,friends,IMPACT,LISA,game,best,UpüôåüèΩ\nRetweet,@KensBestLyfe:,https://t.co/AJOe2WDKlI,Jammed,Harry,birthday,insurance,fuck,Marc,collaborate,prank,support,King,blessed.,jewelry,Americans,@mmpadellan,@wisteriamemory_:,Happy,trickiest
findom,like,tree,goals,Messi,paid,Send,femdom,paypig,fire,hung,given,money,Goddess,goddess,Doral,slave,#paypig,teacher,deep,angered,corruption,#femdom,Justice,lost,Mane,report,,time,toes,fucking
first,game,time,ASTROS,today,PlayStation,stay,true,party,money,like,\n\n#NYYvsHOU\n\nhttps://t.co/uH672ZHtxE,@TheIsiahNunez:,performance,Modern,#SPOOKtacul‚Ä¶,@alekia_:,https://t.co/SOBkGc8MOB,GALING!,üòç#MayWardBlackMagicalNight,Deep,people,7:30pm,choked,fish,8:30pm,McCain's,American,Chandler,Survive
energy,positive,Taurus,change,Power,single,vibes,dance,stop,https://t.co/QgmyPBbOyY,stay,@joelycett:,https://t.co/Miqg6y4PNj,@Boii_McCoy:,@MsAvaArmstrong,winning,wall,Bernard,inauguration,@Swamy39,teaser,scary,Kartarpur,game,@sundargv:,serotonin,seungyoun,funny!,President,@Edward47058863
Bigil,Virgo,mother,show,like,peace,clip,Bookings,Chennai,Breaking,earth,Media,justice,Republicans,@lilaaron911:,https://t.co/HkT4kuLIsa,vibing...,people,funny,girl‚Äù,bro....,dream,words,Christian,@argumentwinner:,@kolohekaia:,https://t.co/8v4GwTihjE,interview,Laca:,Scorpio
YUGYEOM,game,time,SEHUN,Apple,friends,photo,seein,LOOKS.,LIKE.,@natasharothwell:,BEING.,ALLY.,@JamesCageWhite:,https://t.co/GwO76uKJ5s,https://t.co/mScCSJLnVK,app,I,awareness,@hiraijiwoo:,https://t.co/fG184ATHfY,this???!?!?,australia,fight,,\n#NoRoomForRacism,@travis_orr1:,chats,park,clear...\n,https://t.co/qur8ZQeb1X,https://t.co/6wOiAhM1W7
friends,friendship,like,fucking,happy,teacher,support,Birthday,dance,@bagsoverfame:,https://t.co/x7zZIfnPO3,https://t.co/9jgxCLKCj5,@dino_comedy:,potion,people,shrek,Saudi,manners.,@ani_digital:,NUEST,Ram',iTunes,'Jai,Bengal's,Basirhat\n\nRead,https://t.co/KGOGT‚Ä¶,flourishing,racism,Schmidt,@copeland2x:
help,Like,fortnite,like,donate,reddit,fail,medical,work,kids,support,money,iPhone,students,research,show,power,share,stay,remain,cancer,social,@WolfRewardz:,https://t.co/gm90UiJAza,@904sav:,Delhi,Nigeria,government,father's,Very
respect,october,reading,people,government,light,money,media,@fairyktth:,https://t.co/hxP48y81rh,@anthoknees:,Maldives,Misgendering,confession,borahae,https://t.co/Ne2DZSd1yt,tweet,@starrfireeeee:,https://t.co/eoLRaUKjpz,Nurse,help,eilish‚Äù\n‚Äùbillie,eilish‚Äù\n‚Äúbillie,eilish‚Äù\n\n‚Äúuh,2017‚Äù\n‚Äúits,@sevenfour2008:,2018‚Äù\n‚Äú‚Ä¶,uncovers,United,while‚Ä¶
NowPlaying,Listen,Radio,listen,Rock,Live,Watch,Time,Life,Playing:,like,subscribe,HELP,#FeelSpecial,@JYPETWICE:,Videos,@Igot7Linn:,taehyung‚Äôs,@snuglytae:,https://t.co/vN8ynv‚Ä¶,Jazz,coffee?,grateful,Euroboys,https://t.co/FyvRe2m0fp,‚Äú(üçû‚Ä¢Õà·¥ó‚Ä¢Õàüçû)‚Äù,Flawless,school,Lisa,racist
worship,time,true,first,mood,death,cancer,real,Today,Cancer,Twitter,history,adventure,TAEMIN,people,world,truth,attack!,Houston,Ubuntu,elsa,@WestieJordan:,song,in\n,Moslems,popo's,BANGKOK,morning,@vaIkyried:,https://t.co/XvFa6RU‚Ä¶
morning,real,work,people,game,democracy,bears,children,happy,young,women,woman,Arizona,thekingofunderdogs/IG),life\n\n(via,https://t.co/HiohXw8DAR,reeling,today,coffee,breakfast,Vande,Saturday,Woman:,Mataram,weekend,BMK(V)J.,Bordeaux,flying,fire,@deadluvrboy:
Twitter,people,help,like,heart,breaking,first,hope,yoongi,LinkedIn,Yoongi,sorry\n2.,right?\n\nMost,parts:\n\n1.,fault\n3.,fact,superm,@SHlRLEYH:,https://t.co/lQLg1lmYni,Lisa,largest,show,sing,beca‚Ä¶,Carl,masa,yacht,future,stabbing‚Ä¶,Allah
show,today,amazing,Life,friends,kids,best,Film,happy,like,event,strength,woman,Live,hard,world,Dreamy,mina,people,time,‚ù§Ô∏è‚Äù‚Ä¶,Mesmerizes,https://t.co/iYCoO‚Ä¶,insightful,bfore,single,@nylsyhndh:,https://t.co/KyioLFz1WU,World,studio:
like,best,Twitter,first,hits,world,song,Cute,daily,videos,help,Euphoria,funny,lite‚Ä¶,girl,#Euphoria,BIGIL,divinely,@ibii_a:,dance?!,@taeveey:,different.\n,https://t.co/LaeOSJKLMe,@madd_madam:,gummy\n|___________________________|\n‚ù§1,üîÑ0\n___‚Ä¶,single,tweet,@direklauren_:,protests
hair,like,people,black,world,color,Very,fall,adorable,dirty,pink,white,parents,nails,blonde,brain,pretty,Bush's,Kashoggi,Epsteins,NSFW,#È≠îÈÅìÁ•ñÂ∏à,milky,Epstein,,wolves,jaehyun,braids,Khashoggi's,,@jihyoskatara:,@Tayyyunbothered:
tired,fucking,hard,like,brain,real,people,tree,mother,Antifa,Scotland,Google,fire,Hope,astronomical,-You,..When,American-who,..BAM,broadway,parents,spooky,Tory,guy‚Äôs,@ProudPuff:,fuckers,history,gunpoint,@leapsaw:,@octoIing:
like,namjoon,seokjin,content,beats,bird,Switch,Nintendo,bisexual,education,hits,important,heart,https://t.co/jawE49tAn8,housing,@tamacooch:,Twitter?,one:\nLiterally,https://t.co/qreaPQabCi,talk,FIRST!,cuddled,https://t.co/dtzimD1X3d,Tripura,gas,,@_Deashay:,Christianity‚Ä¶,@LMcCullers43,@cherryemoticon:,management,
like,people,together,time,true,real,work,help,today,stream,happy,stay,future,Europe,Assuming,Hello,home,morning,elle,artists,mood,@blizzybam:,https://t.co/wX6gD1IDW1,guru.,media,hope,mantras,friends,Legend,bhakti.
party,Republican,President,people,best,college,impeachment,media,Warren,pretty,fucking,Instagram,flying,brain,future,social,@RahulGandhi:,Banerjee,\n\nThese,Bestfriends,privacy,Chernow,biographer,memory\"\n\n-,mind,\",@adamcbest:,BOX.,popul‚Ä¶,viral,Arsenal‚Äôs,Apologize
coup,Media,Ocean,Schiff,help,today,Republicans,hero,Bidens',yoongi,ex-VP,,@CLewandowski_:,https://t.co/U4AjBJoA2g,Mitt,2016.\n,Arabic,Listen,@GladdOnTwitch,@ModernTryhard,@FleshCrunch,@Ehroar,@AyyItsChevy,@Sweatcicle,@ITzYanis21:,mana,fresh,Peaceful,@soieange:,Peace,cabal
perfect,fact,proud,building,writers,soul,like,world,prayer,time,hid‚Ä¶,Bears,Copy,2025,ups/downs,https://t.co/U2Msph6ptU,impeachment,Entries,Sarkar,divorce,yibo,+30K,+25K,\n#Mersal,today,https://t.co/QKNdYArwAf,performance,cashless.,deep,Free
people,like,fake,social,real,anxiety,share,summer,school,house,goals,time,show,legend,future,power,young,trans,Madrid,adulthood,photos,walker:,@_omnificent_:,important!¬°!¬°\n\nSummer,#TakeItBack!!,https://t.co/4eFUCKOyxS,#GOT7inEurope,man...,trending,South‚Ä¶
like,people,time,help,best,world,awesome,Saturday,HKPolice,pasta,Twitter,ALBUM,masjid,future,listen,@defsjacks:,HongKong,https://t.co/Xjr4UtvxjU,forward!,HELP,3years,@MimiTajiri:,Doesn‚Äô‚Ä¶,Marlians!!!,https://t.co/EExtT4j5PM,climate,Videos,Wings,Powerful.,@jaynooch:
history,world,American,lunch,time,Uber,Congress,best,election,@bazzi:,VOTE,Aslam,Muhammad,welder,Plumber\nYOU,Karim's\nYOU,Barber\nYOU,Momin\nYOUR,Ruksana\nYOUR,DONKISS\nFreaktastic,old.\n\nYou,people.\n\nYou,Inkigayo,disrupted,protest,,CATEGORY,overhead,DANGER.,\n\nCALLING,pbuh
like,pretty,heart,vampire,single,goth,help,NUEST,culture,work,world,jimin,protest,Doral,minhyun,soul,@politvidchannel:,Leagues,institution.,@MSN:,https://t.co/ykj8Vw0hlE,reading,https://t.co/sJxpVo90e3,boat.,üò¨6Ô∏è‚É£,@TimesNow,@livingd0ll:,@bigKurama:,@GIRLMEETSEVlL:,note.
like,sharing,important,real,time,song,Hindu,soul,Hope,poll,kids,fake,twitter,wall,show,plastic,stories,Very,Bigil,thanks,LOVE,fundraising,Twitter,daily,Like‚Ä¶,panics,Naeun,4:05pm.,Catchy,back\n
President,Pelosi,Republicans,impeachment,Nancy,Congress,African,given,Dems,American,Schiff,first,impeach,money,Twice,time,read,fishing,Americans,@vantebear_:,happy,students,despera‚Ä¶,October,debut\n\n‚òπÔ∏è‚òπÔ∏è‚òπÔ∏è‚òπÔ∏è‚òπÔ∏è‚òπÔ∏è‚òπÔ∏èüò≠üò≠üò≠üò≠üò≠\n\n@TXT_members,@TXT_bighit\nhttps://t.co/hTLsaADBec,Find,show,101%,Huntington
Entropy,Book,Teaser,DWAY,#Entropy\n#Sweet_Chaos,Houston,@mongday:,DOWOON,rejected,,Fascinating,#Entropy,#DOWOON\n#The_Book_of_Us,#ÎèÑÏö¥\n\n#DAY6,@les_htx:,https://t.co/Jlf7kQyKrm,film,@JoWolffBSG:,worldwide,Dowoon,beer,club's,escorted,government,criti‚Ä¶,#allredallequal,Roo‚Ä¶,@PremierLeague‚Äôs,@BR_MLB:,Video\nhttps://t.co/oXhQ6NZveD\n\n2019.10.22,#OCT22\n#MIRRORS‚Ä¶
book,read,young,single,Congratulations,woman,time,friend,reading,best,birthday,cool,Happy,Thread,important,black,African,‚Äúdamn,author,Coup,series,\"GYAN,Cancer\nForever.\nTo,kids..,billionaire.,dehydrated,@Neelofa:,mystery,spying,#‡§∏‡§§‡§≠‡§ï‡•ç‡§§‡§ø_‡§∏‡•á_‡§Ö‡§¶‡•ç‡§≠‡•Å‡§§_‡§≤‡§æ‡§≠\nSay
LOVE,people,stop,largest,time,tree,show,respect,like,home,death,birds,thanks,deep,Gang.,#GlossyPosse,https://t.co/yimv6gsnAz,amazing,greeted,secularists,year:,\"co-existing\",plants,SHOWER,PRAISE,fact‚Ä¶,wedding,ENDLESS,Gee,,@khonamarie:
Tulsi,Russian,support,hiring,President,Hillary,people,American,Obama,Bernie,media,tweet,Clinton,true,Security,together,Putin,rodriguez,vote,election,johansson,@villianeuve:,https://t.co/2y0EquwePQ,‚Äúrather,job),helpful‚Äù\n\n‚Äúi,refrigerator,Intelligence,,Attorney‚Ä¶,EVERYTHING.\n\nAn
people,government,like,legal,public,hard,talk,construction,incompetent,,event,erratic,,@celestialhoseok:,irritable,,whole‚Ä¶,https://t.co/IMVFU6PeNm,Leave,TRUTH,shoutout,awesome,movie,happens,,happy,ahhh,Weeks,BALL,kitchen,@AbhishyantPK:,‚Äúmenyusahkan,Dahlah‚Ä¶,@brhodes:
college,sister,school,students,today,real,like,toddlers,parents,public,teacher,Very,education,alternative,teaching,Like,‚Äúyour,@Dylan_wadley:,teachers,https://t.co/22Xpni1WQt,@KieseLaymon:,support,stranger..,@Aimnhazmi:,https://t.co/tjbMPM7VRb,Stolen,aloud,Teacher,women,money
Special,walking,clothes,best,Uber,people,world,LOVE,rate,@Jamierodr14:,HEARTWARMING!,leader.,#ITA2019,support,true,#ITAAwards2019,Doral,nice,stay,JOKE,house,brian,,https://t.co/fdvKknbW3e,@aylaffyu_:,takeaway,subtle,economy,Jerome,#AVTA2019,#RaiderNation
like,time,fucking,regret,Deal,weekend,lost,American,rate,smile,psychology,Days,fall,fuck,hard,real,weight.,dance,building,peace,mandate,ateez,MySpace,Hiro,event,floods,blacks,@cheripiart:,plea‚Ä¶,Bigil
time,game,people,fall,single,future,LOVE,share,Boris,proud,cancer,Find,lost,American,Mera,Wisconsin,amazing,@JRFURugby,movie,Marr,Fleck,(famous,(Monsters,Hatter\nMomo,Inc)\nSana,movie)\nJeongyeon,Cosplay\n\nNayeon,P.J.,@jnkjisoo:,power
first,time,like,writer,Americans,hope,hero,show,lost,enjoy,together,YOONGI,share,tired,meow,Website,Miami,economy,Yorkers,views\n-LY:TEAR,book,MISSED:\n-Jimin,Vlive\n-Joon,Weverse\n-Jin,\n-'Make,update,film,Haley,pretty,Pence.
walk,Game,Allah,time,reading,perfect,studio,amazing,flowers,media,Quran,garden,ARMY,English,@SteveBarclay,angers,ears,,@ismaelan:,today,\n\nI,speechless,\n\nAnd,too!\n\nYes,,@SooChoiFolder:,@sturdyAlex:,depravity.,\n\nAnswer,\nhttps://t.co/sY2dkLE0h7,DExEU,ABSOL‚Ä¶,flower,GLOBE
work,hard,gender,time,Read,like,Putin,review,change,money,amazing,degree.,friend,support,force‚Ä¶,people,read,@darwinlechler:,morning,table.‚Äù,proud,stored,@ROHLL5:,man!!!!,abortion,YES!,@kelvi:,ASTROS,overwhelmed,https://t.co/OkHtzvdtJK
game,first,home,winner,party,Spanish,enjoy,heart,listen,sunset,Catalan,help,soccer,amazing,lost,Republicans,like,Salah,Blessings,Sunset,Magic,'Black,\n\nSee,Magic'.,Bernardo‚Ä¶,\n\nKathryn,time,\nYou‚Ä¶,\n#SundayMorning,rewarding
young,like,woman,stop,vote,cancer,YUGYEOM,chicken,deep,time,walk,PORN,winner,FJFJDKKF,yixing',palette,https://t.co/3DWei6tDs3,\n\ntHIS,'puppy,American,unholy,dorm,thinking.,Baby,Beautiful,share,ONLINE\nClick,drunk.,@ettph:,progress
running,fucking,girls,real,like,children,spiderman,support,Rashford,paid,money,LOVE,wild,Russian,future,media,@lastraight1:,fake,power,USSD,true,weekend,disavows,extension,https://t.co/bujMcNo7zK,birthday,Urgent,shoved,outlet,yeet!
Hillary,Clinton,time,President,truth,stories,cake,Watch,Green,first,hits,URGENT,woman,money,hard,lunch,MESSAGE:,‚Äúcupcake‚Äù,@sottgrande:,mckinney.,kamille,walk,one:\n\nwhite,@heyitzkennedi:,https://t.co/pPiTkQHwuJ,Tulsi,aide,Stein,,BIGIL,PACK
America,time,learning,respect,trade,perfect,Free,best,Americans,like,games,rate,performance,you\n\nMe:,government,ü§Ø\n\n(via,@monetxchange:,https://t.co/r7MzC1TiqP,@RoddyRicch:,training,fuck,https://t.co/Hmimiy0Kdq,hard,photos,power,https://t.co/36605dUUSf,\n\n#Turkey_is_not_alone,pick-six,\nhttps://t.co/RMXRH3tC5z,@AF_Football)
trending,mood,best,fucking,government,world,twins,vote,fuck,Twitter,social,Spotify,people,Bigil,fact,real,shopping,socialism,@IdolsSA,journalists,Micayla,stop,tag!,Luyolo,Dahyun,bang:,germs\n\nCillit,@Kca_14:,https://t.co/wvwWPRPJHT,resisted
like,fact,people,first,help,property,rain,cake,camping,film,Davido,real,Facebook,home,plastic,stunningly,@Mesut_Ausil:,anything.\n\nReason,everywhere.\nWhen,@rizickyusuph1:,Hagri‚Ä¶,father.,mole,@ddale8:,business‚Ä¶,@miraaaaeee:,und‚Ä¶,seniors,young,malay
media,social,people,like,Mina,kids,courage,hard,Jihyo,cartoon,meme,Indian,focus,profit.,world,memes,sexualize,@Snowden:,content,inaugurations.,https://t.co/sXqqYi0k86,lost,words,Hypernormalizing,violence.,important,funny,exposed,\nPray,@R_Calico:
action,Aries,color,best,like,costume,world,meme,friends,interview,‚ù§\n\nCongrats,superm,fact,Biggest,bombs,,morning,photos,to..,@NourSaghir:,https://t.co/laSipflnNA,@dearra:,actor,tinamad,umisip,https://t.co/QrOuLroiL9,@Nikkiminaj2815:,to...\n\n#BlackMagic2019,jump\",@JayMcGuiness,Watch
Baby,like,time,stop,first,selling,girl,people,mood,game,work,help,film,event,@38_degrees,Pittsburgh,@gumtree,motorcycle,single,young,heart,Somali,deep,videos,Bernie,BEYOND,today,believe.,gurl,camera
like,twitter,Like,World,time,anxiety,pretty,games,Jesus,funny,Movies,animal,Minecraft,Schiff,@ijaicool:,*The,game,‚ÄúHey,,https://t.co/SYSbfndtWT,@iamRashmika,@BostonStrong_34:,fuck,@gainbtsmuttuals,rings.‚Äù\n\nEVERYBODY:,AGAIN*\n\nYankees,teaser,lady,home,@stfububz:,@x1members
October,Bigil,YouTube,time,Watch,Valimai,Ajith,worldwide,kids,Video,fire,Hits,h-he,orlando,show,nose.....,https://t.co/rPCwv2Q4Xt,assist,,videos,@eradikaiit:,https://t.co/RJPFoXLXsB,25th.,\n\n#Khaidi,looks.,deep,@migslacson:,https://t.co/ei2iPP3bdS,stressful,,@ActorVijayUniv:,Time
October,Time,military,focus,BIGBANG,Friday,Bigil,Cute,Monster,Saturday,hope,streaming,first,enjoy,Africa,event,friend,\n\n#Thalapathy,Housefull4,@ChelseaFC:,@supermupdate:,Hudson-Odoi,weekend,https://t.co/ze1Lk9C5kI,#sylvixweek2019,Pulisic,breakthrough,Kerala...\n\nBox,Kerala...,@tanawwww:
amazing,politics,woman,time,happy,Canadian,ASTROS,suicide,hope,Seattle,USSD,song,Likely,balls.,morning,WALK-OFF‚ÄºÔ∏è\n\nJOSE,enhanced,https://t.co/ApCguWfTk2,Impressive,young,@hot_pcy_pict:,respect,worship,@LATINCULOS:,KHALIFA,share,BLACK\n\nPART,Reading,@MaximeBernier:,revamped.
listen,people,time,fact,Esperanto,like,Apple,help,deep,Read,pets,\nR‚Ä¶,immigration,Bolton\nBetanyahu,Esper\nTim,Pence\nMike,Cook\nMike,@malayopangumaga:,https://t.co/Mfs8QA5BBa, ≥·µâ·µÉÀ¢·µí‚Åø, ≥ ∞ ∏·µê·µâ,·∂ú·µÉ·µòÀ¢·µâ, ∑·∂¶·µó ∞·µí·µò·µó,world,share,cool,healthy,work,thanks,stay
Today,help,Vintage,house,mother,lion,CHIP,swag,today,Gold,Posner,https://t.co/PZKJNJfdWI,Sirsa,@MikePosner:,October,death),Going.,https://t.co/4h7pPQTV9T,kins,quotes,King,Dragon,existed.,@Ms_Aflatoon:,Hillary,SHOWS,LINKS,Jesus...,clean-up,LOVE
best,given,Special,dancer,Cool,first,SB19,queen,share,@hardtiiimes:,https://t.co/2eWcwAp9o1,medical,\nLisa,people,OCTOBER,twitter,animation,Bhakti,update\n\n‚ÄúGOT7,AGAS‚Ä¶,legend,Tatva,darshi,Opinion:,vote,Singapore,CURED\n,Ontario,World,support
people,meow,Scorpio,Like,Indian,Army,ALBUM,summer,Doral,daily,Correa,else-,support,@ssyatul:,https://t.co/9Q90UpwecO,smile,cave,@Always,lives.\n\nhttps://t.co/NqxWNjwDwT,WORTH!!!,Targeting,ruins,Needed,like,empire!,https://t.co/VxnAA9d8Ds,Time,https://t.co/CZL8JBxwTr,https://t.co/gkWsSjoXYg,HYUNGWON
parents,children,regret,like,proud,kids,home,girl,mood,pretty,Baby,@naudiad_:,#SweetestDay,\"adopt\",https://t.co/TRmOEuqFQW,@dreddxn:,makeup,lot\n‚†Ä‚†Ä,\n‚†Ä\n‚†Ä\n‚†Ä\n‚†Ä\n‚†Ä\n‚†Ä\n‚†Ä,‚†Ä\n‚†Ä\n‚†Ä\n‚†Ä\n‚†Ä\n‚†Ä\n‚†Ä‚†Ä,Stuart,Funko,brightness,chicken,tight,trap,orphanage,protests,60:3,cars
fucking,Apple,Spotify,wife,Missing,Cummings,Save,happy,people,culture,Corrupt,audio,\"Fella,overstepped,CHEN,merc‚Ä¶,leaked?,@jiminscloset1:,superintendent,,Sir),@_TudyNiece:,Widow,#JIMINstyle,_differentbutsame,,Gucci\n\n#JIMIN,ÏôîÏñ¥Ïöî~!üòâ\"\n\n‚Ü†,moods,Kerala,teller:,@mustymichelle:
people,stop,show,money,real,time,like,together,grateful,Doral,fuck,fact,first,walking,history,work,important,truth,anyone.‚Ä¶,public,they'‚Ä¶,@Politidope:,Twitter,\n\nWe‚Äôre,NHS\n\nTogether,havin,praised,\n\nLooking,cooler,@lilpocketpapi:,https://t.co/Ikn7B4eXNR
like,breakfast,chicken,cheese,chocolate,dinner,brunch,delicious,cake,sweet,best,Bigil,British,mood,Philly,recipe,fresh,meat,today,cooking,Watch,vegan,apple,important,technique,nice,@prabhu_sr,balcony,fries,Game
hope,like,Liberal,Fact,Schiff,sana,JUNGKOOK,tight,faith,Dreamcatcher,nice,Fall,Brazil,Pokemon,show,breaking,frie‚Ä¶,‚ú®üíú\n#JUNGKOOK,Siyeon,best,https://t.co/a8zpz2pfcn,BIGIL,#Dreamcatcher\n#ÏãúÏó∞,@UnconditionalSY:,#Siyeon\n@hf_dreamcatcher,America,@ColourPopCo:,ARMY,@nrzhda:,@sanasloops:
jimin,song,healthy,park,iphone,like,happy,dance,time,listen,Twitter,blood,talk,help,deeper.,home,yoongi,method.,pretend.,perfect,@tifahenna:,https://t.co/8CPa75iqh5,(Shastra),this...but,fucking,flexed,vacation,@MrRandyWATTsun:,https://t.co/JFZrGm2WYw,@Oceandiversity2:
nice,Very,work,Twitter,content,Time,best,morning,people,weekend,cool,Giants,hard,today,book,https://t.co/0H2tHGsgqV,@bet2win10,min/km,,#itsyourmoment,TYPE,hearing-impaired,parking,sign-language,chemicals,President,roller,precedence,edward,cardboard,pattinson
United,Manchester,Live,Salah,Stream,Rashford,game,MUFC,united,today,Watch,German,Origi,winning,Klopp,stream,Mane,WONDERLAND,goals,liverpool,YNWA,change,GGMU,games,Alisson,salah,methodology,estimating,@ATEEZofficial:,crowds\nhttps://t.co/l‚Ä¶
shower,session,brain,classic,Rohit,Rashford,sport,women,listen,party,amazing,morning,@Mayyyyy_Z:,videos,bigot,ùöÜùöëùöíùöúùöôùöéùöõ\n#Markson,https://t.co/4FgCYKxDsp,Gatie:,@_iw77_:,https://t.co/GAFRxKc9vb,@yrsunflower__:,Fake,likable,running,attitudes,,canal.,aneurysm.,protest,dusted.,@prasannavishy:
time,like,poll,heart,lunch,parents,Mina,artwork,Prabhas,trending,‚Äúceasefire‚Äù,Baahubali,shower,tactic‚Ä¶,fundraising,extremists,,hain,gap.,help,ALBUM,@Femmefeministe:,film,property,significance,meat,breaking,@MikeRJohnson777:,https://t.co/RuHOAJRg2X,learning‚Ä¶,witch.
photo,trans,like,best,today,people,friends,white,Mistress,time,support,rescue,TZUYU,bird,@sunnytaeup:,Tension,#Ìä∏ÏôÄÏù¥Ïä§,#TWICE¬†¬†#Maleficent2,Forest,escaltes,government,it.\n\n#BjpPlaysPoliticsofDeath,Tiananmen,@Gay__Omens:,pretty,https://t.co/TRAHHqF‚Ä¶,morning\n\n#ÏØîÏúÑ,ONCE\n\nDon‚Äôt,Subhan,Beijing,
stop,lost,reading,like,stream,fucking,tweet,best,homework,heart,people,mark,work,Housefull4,Book,fuck,Doral,@SwaggerSouls:,friend,proud,deal,@akshaykumar:,hila‚Ä¶,hard,@sevenlkon:,\n#BlackMagic2019\n#MetroxBlackMagic2019\n#StarMagicHalloween,Kathryn.,Gained,https://t.co/ra7QsDIKHa,@fullsunie1:
like,time,dance,Naira,reading,stop,dancer,fucking,friends,camera,first,true,tired,security,happy,Facebook,üòÇüòÇ\n\nThis,üî•üî•\n#starboyfest,United,\nhttps://t.co/fJfqDGDxFC,series,movie,makeup,sage,required.,DONG,wild,flying,rock,@conangray:
like,kpop,support,blog,single,YUGYEOM,money,happy,yoongi,read,Breaking,teaser,girl,house,Maharashtra,first,share,@MW_Unrest:,https://t.co/68soxODFbj,adopted\",\"quietly,Twitter,Nolo,Schiff,@CarloThatguy69:,https://t.co/mB24E6T716,nap.,Smile,world,Coffee
