Twitter,Instagram,content,Film,Breaking,Learn,like,Bigil,History,Facebook,Media,LinkedIn,Content,homeless,Hello,@madd_madam:,ğŸ”„0\n___â€¦,gummy\n|___________________________|\nâ¤1,Dreamy,reading,https://t.co/lQLg1lmYni,hearing-impaired,@SHlRLEYH:,https://t.co/iYCoOâ€¦,Mesmerizes,art\n|___________________________|\nâ¤4,sign-language,ğŸ”„1\n________â€¦,first,Policy.
nice,like,Very,thanks,pretty,work,lifestyle,babe,Beautiful,stay,naughty,game,friend,Hope,dream,@fairyktth:,https://t.co/hxP48y81rh,chat,perfect,morning,today,weekend,amazing,Bro,,funny,#UNIQ,world,âœ¨[UPDATE],@WYBthaifans:,:\n\n#à¸«à¸§à¸±à¸‡à¸­à¸µà¹‰à¸›à¹‹à¸­
Nurse,perfect,like,travelling,Radhe,future,contest,kitty,@MothershipSG:,method.,ROJO,Sabarimala,#Radhe,(Shastra),skip????,Hello,studying???,STARTSSSSSS,https://t.co/ffmMlXYUOi,earning?????,@UtdJL:,start????,tats,PORN,@TalibKweli,teaching,prayer,@iFireMonkey:,weekend,\n\nyou
fucking,like,Origi,Klopp,fuck,camera,game,running,tired,findom,Apple,time,girls,Mane,spiderman,people,United,given,united,train,treats,Salah,paypig,femdom,nice,liverpool,babe,today,MUFC,(â€¢â—¡â€¢)
help,people,like,share,support,medical,donate,today,winter,YouTube,work,stay,Send,Hello,Indians,HKPolice,lady,justice,swag,money,friend,videos,HongKong,kindness,sharing,time,subscribe,thanks,sweet,Subscribe
cool,like,costume,rate,cooking,Ajith,designer,Bigil,naked,respect,Dating,women,Valimai,pretty,game,funny,alcoholic,,shading,proud,@Poshmarkapp,Very,@Solextial:,forward!,overwhâ€¦,@smhbrook:,@SorryDontClaire:,#poshmark,probaly,lmaooooodeletoooo,@peterquillsI:
ONCEHALLOWEEN2,MUFC,inktober,Brazil,TZUYU,Missing,SEHUN,CHEN,@baileymay:,@houstonxjordan:,https://t.co/PZgp8fjnAm,borahae,https://t.co/Ne2DZSd1yt,America,phantom,Madhya,iKON,XiaoZhan,https://t.co/le6bPH5PIr,TAEHYUNG,@EZBiGirl,#CHEN,unbothered,coffee?,Yogesh\nHails,@EZBiGirl:,Pradesh\nBenefit,walk,die\",rail
heart,together,Bernie,like,soul,time,breaking,people,pumpkin,bottom,rock,show,Today,best,grateful,world,comic,support,ocean,Warren,sunset,Blessings,Assuming,rodriguez,@villianeuve:,johansson,https://t.co/2y0EquwePQ,home,clear:\n\nBernieâ€™sâ€¦,Sunset
money,like,cash,people,Money,piss,code,paid,Conservatives,insurance,Venezuela,time,discount,help,Twice,Liberals,charity,work,stop,lost,selling,real,market,@CBSSports:,given,abeg.,mobile,wealth,movies,galore
Virgo,time,like,church,stop,ğŸ˜…ğŸ˜…ğŸ˜…ğŸ˜…,game,@peakylui:,Shelby.,https://t.co/KHxy5YYBy0,baby.....,https://t.co/R86hC0TDTU,yixing....,@GreatWishIist:,REVEALED:,perfect,https://t.co/ggLHpkIHD3,henchman,streaming,@Xo_Shereen_Xo:,https://t.co/G4NyCd4dCA,@Gwyn_crnchzz:,@Out5p0ken:,Microsoft,bounty,Marc,first,https://t.co/RH85Cx0hKr,integral,Facts
Need,Murray,today,NUEST,@LILBabyy4PF:,Singletary,minhyun,@MatthewBerryTMR,help,@YahooFantasy,angers,outsmarted,Austin,#FantasyFootball,@BenSchragg,(+12,@grecciiiaaaa:,dreamsâ­ï¸,whateva,@sjhsjh0628:,1,385,94â€¦,@ismaelan:,too!\n\nYes,,today,\n\nI,speechless,\n\nAnd,BOX.,\n\npc:,CHECKMARK,https://t.co/lnRvDhIKV1,@MyFantasyLeague
Trending,today,time,Facts,HongKong,marathon,Burisma,Singapore,awesome,Capricorn,Baby,reassuring,Bobâ€™s,Mera,Marshallâ€™s,bullshit!,@_missssbk:,https://t.co/HYETvtHs2y,https://t.co/H8gINAi6uN,netflix,outgrow,(famous,(Monsters,@MayaJama:,Hatter\nMomo,Inc)\nSana,https://t.co/ekebWB5hvn,movie)\nJeongyeon,Like,Cosplay\n\nNayeon
parents,children,proud,regret,like,kids,work,today,home,lost,support,hard,lunch,fucking,pretty,fall,people,young,analysis,Children,Very,church,flying,World,talk,@funkemcfly:,https://t.co/D66dJQ6XPK,help,first,\"adopt\"
home,tweet,Help,Twitter,like,dream,training,lost,Dahyun,fresh,Update,time,facts,lady,first,housing,Doral,kitchen,stay,kids,stretch,leaves,Together,,dreams,pumping,Rashford,Today,dinner,funny,church
song,listen,like,Hope,NowPlaying,sing,Listen,building,friend,insta,bird,seokjin,Reply,content,christmas,SoundCloud,Time,best,single,Radio,unique,proud,Brooklyn,rock,playlist,first,trump,videos,Soul,@rosaalieee:
Indian,Army,white,people,guns,Modi,Pakistani,drama,media,Tangdhar,like,courage,audio,Abhijit,girl,happy,Indians,today,Shaheed.,undertakâ€¦,CFVs.,given,Doval,,reciting,@Ali_MuhammadPTI:,shelling,Narendra,time,Jura,,Hindu
focus,best,Dogs,Time,Sundowns,like,YUGYEOM,time,Cats,tree,Milestone,tight,@AndyLeeman91:,https://t.co/OTG20WxG6B,LOOKS.,@natasharothwell:,LIKE.,BEING.,NGOs,ALLY.,Arabic,https://t.co/GwO76uKJ5s,step,,@MrBeastYT:,Chiefs,game,@Forbes,@CocaOlaaa:,https://t.co/WI1Q3Wtpvw,gold\n\n
people,like,talk,stop,work,respect,show,Friends,deep,stories,Harry,HKPolice,ateez,important,Capricorn\n\nyou,right?\n\nMost,win.\n\nWe're,country.\n\nThank,sorry\n2.,fault\n3.,parts:\n\n1.,homeless,tired,embarassing,privacy,#HKPoliceTerrorists,world,home,luxury,Vande
natural,balls,beach,Tearâ€,this.\n\nWâ€¦,listen,#iSupport45,\n#USA,https://t.co/Hf1frFmWZA,versatile,classic,@starrfireeeee:,https://t.co/eoLRaUKjpz,Raises,tough.,Ji's,VIOLENCE,$150,000,GO!!,America,@Moohd_Ilham:,sermons,@najihahermy:,aesthetics.,Observers,,passionate.,@Currymuncher00:,@BarstoolsTweets:,Wows,faham
Special,Like,words,walking,clothes,Valimai,like,Mistress,iPhone,LOVE,Artist,Contest,Uber,Inkigayo,SEONGHWA,TZUYU,submission,first,HEARTWARMING!,@Jamierodr14:,#íŠ¸ì™€ì´ìŠ¤,Winston,winning,#TWICEÂ Â #Maleficent2,@FlagsMashupBot:,enter:\n-,turn,,@SamSykesSwears:,@WolfRewardz:,https://t.co/86RSsW6AG8
real,like,beauty,sharing,truth,democracy,time,important,people,meme,remain,hero,model,fuck,MUFC,bears,stop,fact,memes,show,brain,fake,Twitter,bitcoin,Resistance,change,life\n\n(via,https://t.co/HiohXw8DAR,thekingofunderdogs/IG),enjoy
Happy,birthday,Birthday,happy,hope,Today,best,anniversary,weekend,today,Hope,amazing,true,twitter,October,gift,GHOE,party,proud,prayer,prank,enjoy,event,twins,Send,Youngboy,awesome,@Diddy:,videos,Piece!!
hero,like,time,Valimai,people,JISOO,https://t.co/ETf8AfWGht,nonchalant?â€\n\nMe:\n\n,@phamousphillips:,one:\nLiterally,Removing,https://t.co/qreaPQabCi,City.,australia,\"betrayal,adulthood,Menendez:,vibes,@thespybrief,DONG,Jude,Horan,masking,Previous,Gotham,procrastination,@Camila_Cabello:,Laca:,https://t.co/DcZfs0jTiq,ğŸ˜\n\nHow
first,time,career,game,namjoon,party,Cool,like,writer,Israeli,girl,bisexual,comedy,Missing,relationships,morning,games,Magic,Congratulations,winning,history,Space,Seattle,Ubuntu,'Black,birthday,Denis,Magic'.,â€œLGBT,\n\nKathryn
show,like,character,today,Dahyun,draw,Media,Cute,nipples,tshirt,amazing,gradient,review,time,snap,Life,wife,friends,fundraising,talk,photo,kpop,best,gift,Women,strength,Bidens',fact,ex-VP,,Graham's
government,people,military,Spanish,corruption,extension,October,Conservative,Catalan,BIGBANG,protest,fish,support,Michael,stop,world,Madrid,Lebanese,enjoy,power,Palestinian,vote,Corruption,horses,@boye_g:,media,TRUTH,Minister...,city,https://t.co/hNyeopRmYb
vote,Republicans,Boris,election,Labour,Congress,people,Warren,Liberal,Conservative,Leave,Tory,party,Senate,Fact,Vote,Deal,support,Schiff,future,deal,tweet,Women,Maharashtra,Remain,campaign,remain,Canadian,Liberals,Marr
people,awesome,Michael,protests,economy,Tamil,time,Chennai,tied,Baby,Gove,BIGIL,like,camping,today,poem,refugees,game,bartender,city,@Mesut_Ausil:,Hagriâ€¦,learn,,leans,Santiago,world,fire,show,#Lebanon,ICYMI
world,history,lunch,like,best,series,trade,culture,people,first,sketch,scary,Kpop,sports,Scotland,change,Dragon,fucking,Honda,earth,movies,wild,bomb,time,vegan,watches,Free,train,Sweden,wisdom
single,wall,community,like,shopping,Louis,brand,airport,Ocean,game,relationships,lost,twitter,woman,bottles,song,Harry,master,Rock,construction,time,stay,College,rose,mature,Acting,President,Doral,first,talk
LOVE,HELP,MUFC,OKAY,TRUMP,NAILED,ENDLESS,PRAISE,BOYS,WINTER,loyal,,understanding,,SHOWER,nasty,,SOLDIER,FALCON,EYES,FRIENDS,SLEEP,SHES,https://t.co/GSWsNEYbl5,it!\n,KILL,\nTHE,MIND,ğŸ˜ğŸ’™\n\n#SPOOKtacularKathNiel,ğŸ˜Š\n\n#MUFC,https://t.co/OiyIm8zgtn,https://t.co/y1VaB9uBLg,https://t.co/PUKJbJnZEw
stop,Doral,people,stream,peace,Vote,flying,deep,like,HongKong,Google,Malaysia,selling,time,Indian,Legislative,Palm,immigration,show,first,Councillor,fail,wedding,politics,twitch,friends,pink,vote,Delhi,Pewdiepie
girl,like,kpop,single,time,Capricorn,best,strength,penis,people,emoji,growth,trap,summer,twitter,house,squirt,woman,morning,first,DAHYUN,Somali,dancer,Friday,weed,lost,Japanese,/krt/,focus,https://t.co/DkNiUeaBsc
YUGYEOM,astronomical,https://t.co/CZL8JBxwTr,seein,rank\n14.,\n16.,carbonated\n12.,moly,,possibly\n15.,soda:\n\n18.,these\n13.,you\n17.,Venmo:,broadway,beverages\n11.,JKbday,because\n10.,they\n9.,40!?!?......,#JKâ€¦,@ssyatul:,@Panashe181:,@tamararenaye:,https://t.co/a6aiJFPdAH,youâ€\nhttps://t.co/pCUszhbz1A,@ProudPuff:,this???!?!?,@hiraijiwoo:,https://t.co/fG184ATHfY,overstepped
jimin,healthy,park,song,like,iphone,heart,help,throwback,happy,talk,namjoon,seokjin,dream,time,yoongi,blood,friends,dance,deep,hoseok,Read,energy,jungkook's,girls,debut\n\nâ˜¹ï¸â˜¹ï¸â˜¹ï¸â˜¹ï¸â˜¹ï¸â˜¹ï¸â˜¹ï¸ğŸ˜­ğŸ˜­ğŸ˜­ğŸ˜­ğŸ˜­\n\n@TXT_members,@TXT_bighit\nhttps://t.co/hTLsaADBec,vacation,please!!,@nochudevil
twitter,future,Time,party,America,Today,Allah,perfect,reading,Republican,interview,Need,videos,weekend,like,learning,Free,Durham,Very,hotel,beats,time,enjoy,Fall,Florida,Naira,ghost,Baby,streaming,grace
teacher,United,Washington,Church,courage,church,Gandhi,Mane,friends,hero,sales,work,Winning,Goals,stay,Send,event,https://t.co/9jgxCLKCj5,@dino_comedy:,heavenly,Need,Requested,today,strength,stop,fixated,@ani_digital:,'Jai,Ram',https://t.co/KGOGTâ€¦
mood,saturday,kookoo,NAMJOON,yoonmin,Photoï½œJeA]\nBrown,#ë¸Œì•„â€¦,liteâ€¦,breeding,elsa,divinely,secularists,@taeveey:,lauv,in\n,\"co-existing\",@vaIkyried:,https://t.co/XvFa6RUâ€¦,maleficent\n\n,pick-six,\nhttps://t.co/RMXRH3tC5z,ğŸ¤¯\n\n(via,@AF_Football),@SonyTV,Sanjaya,Fernaldi,Sukamuljo,@nehochu_:,#WeMissAshDeepInYUDKBH,right\n#yoonmin
Russian,Tulsi,Hillary,people,President,media,like,woman,paid,American,true,taekook,Obama,Clinton,trump,support,Putin,Dems,Bigil,work,money,TAEMIN,https://t.co/TY96rup9gS,@Lialisaaa:,yusol,https://t.co/wePre9nGST,@yuunisol:,#taekook\n,,\"neh~\"
YUGYEOM,HALLOWEEN,Microsoft,LOVE,SANA,JAEBEOM,Bigil,OKAY,MOMO,ENOUGH,drowned,#Vettri,Vettri,@KatyTurNBC:,https://t.co/ScaMn5BSMK,Philippines,https://t.co/JBKmisF9dS,\n\nNearly,\n\nOct,@intanzu_:,@teexxx03:,ğŸ’ª\n\n#MUNLIV,preparations...,https://t.co/YoYvwmF6i7,@fakehistoryhunt:,'flex',,'cramp',wasn't.\nBurn,heat,â€¦,DAHYUN
best,friends,thick,like,friend,queen,Muhammad,dancer,first,world,walking,song,photo,focus,Allah,actor,kpop,LGBTQ,trump,digital,Ford,Christian,Miami,sports,Euphoria,Download,actress,@sunnytaeup:,Depâ€¦,Bestfriends
photo,fall,kids,hair,woman,Saudi,iPhone,color,iTunes,Davido,adorable,apple,Very,animal,Yoongi,first,jaehyun,Trivia,like,Hope,happy,Instagram,Chioma,children,Hello,selfie,HongKong,learning,facial,time
respect,house,young,fire,people,important,white,Kurdish,share,beer,HongKong,glass,like,racist,HKPolice,tree,time,religion,city,woman,kids,Read,Mommy,playlist,Tacha,racism,HongKongers,party,wine,cool
game,games,today,like,yoongi,English,Find,first,winning,Apple,Game,Cowboys,Giants,Tennessee,legs,lost,Rams,hockey,Texans,sport,best,Pokemon,Michigan,Today,Lions,Bears,adventure,soccer,Georgia,Falcons
women,first,African,trans,people,talk,Dems,woman,like,white,research,morning,Black,stop,shoes,time,cool,young,walk,science,Women,black,earth,gender,children,hair,Walking,community,security,fact
like,costume,diabetes,peace,twitter,hits,mindset,song,star,exols,future,Christian,world,funny,âˆªï¼¾ã‚§ï¼¾âˆª,https://t.co/4jKaa3bSqa,191019\n-\nğŸ‡«ğŸ‡·\nI,https://t.co/zMCEu6glmc,Wi-FiğŸ“¶\n@mtuan93,Assetâ€\n\nBut,yet,\n\nHillary,@aimanzhaikal_:,potion,baecation,pushâ€¦,justice,like?\",@naudiad_:,shrek,\n\n\"CNN...I
Black,Magic,Congratulations,Free,Gold,Vintage,NowPlaying,Download,October,PlayStation,Fall,Winter,Market,Life,Women,Sale,Live,Modern,Baby,share,Game,Green,Gift,Time,Family,Review,Samsung,winning,Radio,Repost
Business,work,data,Data,MUFC,Health,Marketing,Science,Read,hiring,Learn,Security,Google,Digital,Management,Education,Sales,Media,Learning,Android,October,Technology,Leadership,@celestialhoseok:,https://t.co/IMVFU6PeNm,Content,\"well,@EmrgencyKittens:,Tech,SecDefâ€™s
YUGYEOM,like,CHAN,funny,Stedman,Hughley??????????????????,@_KingMalcolm:,https://t.co/fC3RF2GLsb,\n\nHistory,https://t.co/RHN8ZQIyNY,patron,Writing:,admire.,#GOT7inEurope,titanic,https://t.co/GvaB9J6j2X,@noacmps:,@gabbywapzxc:,shortly.,exam!!!,https://t.co/isnOpyKc0Q,Apologize,BIGIL,tampon,tax.,https://t.co/U2Msph6ptU,Brexit:\nThe,empire!,pro-EU,https://t.co/VxnAA9d8Ds
Gemini,Class,Mitt,Republicans,RISE,masjid,ASTRO,jacket.,stay,@karanjohar,https://t.co/d2Zmd7LzHW,Floro,Dust,#KathNiel!,\n#BlackMagic2019\n#StarMagicHalloween\nğŸ“¸,\nâ€”\nFor,191020\n#íŠ¸ì™€ì´ìŠ¤,#MINA\n\nThe,https://t.co/CzaXEhroKt,#JoeBurrow!,@hollandcourtney:,Dessalines,Fashionista,trying.â€¦,CAREFUL,style...but,SHINE,#JalenHurts!,SEHUN,https://t.co/20DRNCLIsY
public,people,British,journalists,fraud,education,show,teachers,trump,dirty,creative,government,crime,Government,transport,housing,power,work,Flash,community,October,future,Freedom,read,dedication.,important,Cannon?,students,Osiris,Remainers
true,worship,Jesus,earth,cancer,time,Life,real,Peace,Christ,like,bear,power,death,dream,Cancer,mother,world,sports,Happiness,colors,Allah,peace,tribute,Action,share,Mina,supreme,soul,faith
action,Aries,wild,Kerala,time,Bollywood,movie,Bigil,film,movies,like,actor,future,fishing,best,BLOCKBUSTER,@hardtiiimes:,https://t.co/2eWcwAp9o1,King,party,@iHrithik,first,Nintendo,comedy,morning,Very,Film,Hrithik,\n\nSome,malay
stop,Italy,KPOP,game,Allah,NO.1,ğŸ˜­ğŸ˜‚ğŸ˜‚ğŸ˜‚ğŸ˜‚ğŸ˜‚ğŸ˜©ğŸ¤¦ğŸ¾â€â™‚ï¸,https://t.co/MA5cYobSzH,âœ¨ğŸ‘‘ğŸ™ŒğŸ¼,hanbin,support,Twitter?,https://t.co/2Lfiâ€¦,Difficult,@ayyydaniela:,Quran,Steal,boat.,like,spin.,ğŸ˜­ğŸ˜­ğŸ˜­ğŸ˜‚ğŸ˜‚ğŸ˜‚,Opinion:,Kathryn.,\n#BlackMagic2019\n#MetroxBlackMagic2019\n#StarMagicHalloween,first,@realmedicineMI,@khonamarie:,thingking,https://t.co/axjuUh4dTj,@ryanmcnally95:
TRUMP,Baby,Gemini,game,Phoebe,Award!,rock,@tamacooch:,https://t.co/jawE49tAn8,regret,https://t.co/Mfs8QA5BBa,@malayopangumaga:,HOTTIES,Ê³áµ‰áµƒË¢áµ’â¿,Ê·á¶¦áµ—Ê°áµ’áµ˜áµ—,á¶œáµƒáµ˜Ë¢áµ‰,Ê³Ê°Ê¸áµáµ‰,zankush,https://t.co/zTE14pc08w,just.,Naeun,\n#NoRoomForRacism,clear...\n,@heavenbrat:,https://t.co/qur8ZQeb1X,https://t.co/U2HtAm0RJk,TRACK,Scorpio,lives.\n\nhttps://t.co/NqxWNjwDwT,(Team
pretty,ocean,like,teaser,best,girl,photos,rubber,friend,heart,flowers,funny,adorable,hair,death,house,color,lady,time,iPad,kitten,tree,sweet,iPhone,walk,crackdowns,today,morning,flower,awesome
deal,like,students,people,Doral,important,trade,Boris,vote,time,remain,school,hope,yielding,stop,Maldives,@Pschmeichel1:,hung,Today,today,https://t.co/SOBkGc8MOB,@alekia_:,siblings:,https://t.co/s6DNwtxvPR,\n\nolder,@ttaevee:,june,money,best,prayer\nLord
movie,walk,friend,leaves,Disney,Game,animation,Autumn,best,pumpkin,like,movies,studio,Prince,TANHAJI,time,Marvel,first,positivity,blood,deep,World,Netflix,star,amazing,film,hits,Toronto,https://t.co/tWIgHTjFtf,@1800BUDDHA:
American,history,time,surprise,people,like,fall,freedom,hard,Uber,Congress,first,President,America,real,election,fact,city,photo,support,morning,woman,Chairman,British,Greatness,mercâ€¦,World,Aslam,leaked?,superintendent,
Tulsi,Hillary,Clinton,Bernie,like,party,Russian,reference,people,draw,running,Antifa,Warren,Dems,Putin,vote,show,Republicans,first,Republican,MSNBC,trump,game,Iowa,facts,@RahulGandhi:,independents,Banerjee,\n\nThese,Gang.,#GlossyPosse
pigeon,Virgo,Capricorn,time,seteth,#ìµœì˜â€¦,incompetent,,https://t.co/SPz15Ppozl,@flamingopunch:,Target,chan\nâ €,much\nâ €\nâ €\n\n#hugsforchan\nhttps:/â€¦,one:\n\nwhite,shitğŸ˜‚ğŸ˜‚ğŸ˜‚,@heyitzkennedi:,https://t.co/pPiTkQHwuJ,Valimai,promise,,https://t.co/v7lab2khd4,\nGOT7ğŸ’šğŸ’šğŸ’šğŸ’šğŸ’šğŸ’šğŸ’šğŸ¥\nKEEP,@mya_rosee:,erratic,,Need,https://t.co/Pqj4OW5d59,irritable,,regret,ğŸ˜#MayWardBlackMagicalNight,GALING!,Polaroid,flying
Hillary,October,Clinton,trending,truth,time,paid,YouTube,daily,anniversary,stories,Russian,Tulsi,Green,security,CHIP,Watch,Bigil,real,worldwide,Design,woman,share,NASA,World,first,SNSD,President,event,Stein,
school,Oregon,black,deal,kids,like,children,teacher,house,people,students,first,Education,job),â€œrather,@AMIT_GUJJU:,helpfulâ€\n\nâ€œi,parents,time,dispute\n\nNow,PACK,@Snowden:,NOOOOOOOO,inaugurations.,friend,https://t.co/sXqqYi0k86,https://t.co/4eFUCKOyxS,#TakeItBack!!,@CBSNews:,https://t.co/JfDJ3TFp6R
happy,like,time,happiness,clip,heart,people,mina,anniversary,birthday,legend,first,puppy,morning,today,soul,Baby,share,Nolo,proud,Luyolo,words,Congratulations,Sneziey,amazing,@tinyanimaIs:,power,jobâ€,@JonasBelgica,else's
work,grateful,Days,lion,parking,witch,progress,Cummings,weekend,Corrupt,like,trading,weed,bankers,hero,Future,#ITA2019,incomplete,@woosandaily:,https://t.co/PZKJNJfdWI,Send,racist,enjoy,#ITAAwards2019,@T1LoL:,MISSED:\n-Jimin,Vlive\n-Joon,Weverse\n-Jin,views\n-LY:TEAR,\n-'Make
change,light,climate,King,USSD,Power,like,Esperanto,Canadian,Climate,talk,Children,people,time,today,Overwatch,death,cars,green,solar,politics,gender,Apple,show,development,Believe,power,world,trees,ALLEGED
ALBUM,SHOWNU,MINHYUK,NUEST,like,URGENT,@sottgrande:,MESSAGE:,â€œcupcakeâ€,mckinney.,kamille,https://t.co/XaMrcWp4i7,@janineshuitaa:,orlando,https://t.co/VwLms3ve3c,betterğŸ‘ğŸ½ğŸ‘ğŸ½ğŸ‘ğŸ½ğŸ‘ğŸ½ğŸ‘ğŸ½ğŸ‘ğŸ½ğŸ‘ğŸ½ğŸ‘ğŸ½ğŸ‘ğŸ½ğŸ‘ğŸ½ğŸ‘ğŸ½ğŸ‘ğŸ½ğŸ‘ğŸ½ğŸ‘ğŸ½ğŸ‘ğŸ½ğŸ‘ğŸ½,@Official_MX_jp:,HYUNGWON,@eradikaiit:,https://t.co/RJPFoXLXsB,NBCâ€™s,stinging,https://t.co/Etc8MYOJvX,-tiffany,HELP,spray.,balls.,chemicals.,https://t.co/e0iKRqEie9,KIHYUN
amazing,read,lost,coffee,protest,mother,shop,like,time,people,book,journalists,respect,manga,reading,skills,walk,tired,events,enjoy,Atlanta,Championship,whore,death),https://t.co/ykj8Vw0hlE,@MSN:,fuckers,massage,kins,london
support,Russian,Tulsi,hiring,Americans,largest,shower,tweet,people,LGBT,Valley,thanks,game,like,power,time,Britain,today,important,USMCA,show,@ananavarro:,year:,Kings,,women,community?,discoveries,Very,unearthed,Egypt's
like,Riiiise,personality,,bang:,gameday!\n\n#SFvsWAS,Faithful,,https://t.co/8A4XS6hzlg,germs\n\nCillit,@Kca_14:,lash,https://t.co/wvwWPRPJHT,TYPE,@hnybeezzz:,Namdaan,#ThalaFans,brigade,one:\njimin:,\n\nAvoid,Equal...,bonus.,#à¤¸à¤¤à¤­à¤•à¥à¤¤à¤¿_à¤¸à¥‡_à¤…à¤¦à¥à¤­à¥à¤¤_à¤²à¤¾à¤­\nAny,ruins,\n\nThanks.,#BlackMagic2019\nFROM,https://t.co/c96sdJ35Mr,@PhysicsAndAstr1:,reflecting,@richthekid:,@fllwhp:,@miyuliart:
tweet,stop,like,read,money,reading,Black,school,twitter,fucking,people,first,VOTE,funny,today,time,homework,Twitter,help,ARMY,photoshoot,Thread,https://t.co/wZrSgVW0WO,@SwaggerSouls:,@quistalktoem:,https://t.co/qVpvwFfmgN,@TheShawnVotes,MENDES,@nrzhda:,fuck
hope,like,people,best,friends,time,happy,enjoy,faith,morning,nice,game,amazing,help,work,today,world,reading,stay,Hope,future,peace,lost,thanks,talk,read,stop,sweet,listen,real
Video,Football,ESPN,Hero,Oregon,MUFC,gift,Vegas,Bigil,Beautiful,first,Saturday,Championship,degree.,Videos,Korea.,@QMagazine,@LanaDelRey:,@darwinlechler:,https://t.co/GwVpQDPuro,hustle.,tony,equating,teller:,https://t.co/2018E5Uil6,@mustymichelle:,$3.48\n\nme:,$1000.0\n\nbank,@zkdlinguxxi:,EXOprint
friends,friendship,fucking,event,like,girl,people,Deep,Birthday,fuck,share,help,humor,thick,photo,healthy,best,rain,Saudi,pretty,NUEST,@mygbebe:,@bagsoverfame:,https://t.co/x7zZIfnPO3,MUFC,support........â€¦,manners.,@zvabi:,@YouLoveAshh:,bombs,
work,given,hard,people,morning,Africa,time,like,artists,amazing,home,Respect,together,rescue,today,students,Georgia,best,grateful,bird,help,stop,Future,cheese,game,kids,selling,Baby,perfect,house
stay,power,fact,wife,death,people,like,gift,time,Nigeria,Christian,hoseok,Blessed,first,perfect,superm,Zuckerberg,Monster,home,trump,Children,nuclear,dragon,important,meme,change,pets,show,enjoy,public
media,social,energy,campaign,positive,Taurus,photos,people,Justice,real,anxiety,money,like,suicide,racist,tired,perfect,Worldwide,data,running,show,facebook,youtube,summer,budget.,vibes,socialism,meme,cartoon,https://t.co/QgmyPBbOyY
college,sister,school,students,today,real,like,OCTOBER,toddlers,time,friends,first,journalism,character,ghost,Virginia,@rizickyusuph1:,home,morning,@4yun1yuni:,https://t.co/p5C04h6ooM,twins,https://t.co/gm90UiJAza,@904sav:,help,happy,officialâ€¦,cityâ€,@1800callstar:,@KieseLaymon:
Entropy,Book,Teaser,dancer,DWAY,Gemini,Housefull4,Gift,sing,https://t.co/6kNlh7udrZ,@defsjacks:,https://t.co/Xjr4UtvxjU,#Entropy\n#Sweet_Chaos,followan?,DOWOON,@mongday:,monolingual,@__jassbae:,@RandoTheReal:,@akshaykumar:,@ijaicool:,https://t.co/yV6Ep8ezPj,https://t.co/SYSbfndtWT,fambest?,https://t.co/AXAesp3s4T,choiâ€¦,hilaâ€¦,@88SEATTLE61:,teaser,https://t.co/PW8UY3kjGO
like,girls,dress,makeup,wedding,pregnant,hair,twitter,pretty,woman,brand,muslim,girl,tired,Momo,fucking,time,nails,light,world,shower,tiktok,backgrouâ€¦,BOLD,dinner,pink,@ShawtyRiri:,https://t.co/pnnKOUoMT7,nice,Branch
Hello,Australia,audio,shower,Bigil,like,@Mayyyyy_Z:,goals!,#HugsforChan,https://t.co/4FgCYKxDsp,ğš†ğš‘ğš’ğšœğš™ğšğš›\n#Markson,MUFC,ğ™¬ğ™ğ™©ğ™,assist,,refrigerator,selena,@remindmetweets,@bilbowt:,https://t.co/90f5Lf22Ct,#CB97,https://t.co/UHymNhoAqV,@glittery971003:,\n\n#Chris,ğ™¨ğ™©ğ™ğ™¡ğ™¡,ğŸ˜±ğŸ”¥\n\nhttps://t.co/fâ€¦,breeding,Doubt,@MrSilkySmooth24:,important,Tiananmen
talk,like,anxiety,chicken,fuck,depression,mark,fact,Giuliani,cake,first,breakfast,cheese,dinner,chocolate,meat,people,time,vegan,Fire,house,delicious,seungyoun,fake,coffee,friend,hair,interview,fish,sweet
like,people,time,moon,fuck,logo,stop,fall,Like,Justine,read,Glasses,brain,Belâ€¦,Rodil\nMake,team!\n\nHair:,Rosario\nStyling:,@bernardokathâ€™s,Neric,Aranilla\nCostume:,phoneğŸ§,https://t.co/eSs1xYr4VO,@an_rosni:,JOKE,smart.,single,@sowhuttt:,https://t.co/1XpKJBrWRI,tattoo,@MCamerlengo:
fuck,calm,public,Beauty,people,AKSHAY,bigot,h-he,nose.....,https://t.co/rPCwv2Q4Xt,apoâ€¦,reppin',Posner,https://t.co/mdBsEA5nbs,ğŸ”¥\n\n#OneBuffalo,first-place,@NHL.,@MikePosner:,Outrageous!,Going.,https://t.co/4h7pPQTV9T,care!,Impressive,https://t.co/nQ8v6tom4n,@JDNalton:,dusted.,KUMAR,@prasannavishy:,Defense.,atheist?
time,Hello,train,like,first,people,fall,dreams,Americans,holiday,Time,games,website,Hollywood,respect,fact,sale,gold,attack!,exposed,upload,releases!,@WestieJordan:,popo's,Moslems,hook-up,chanceâ€¦,@SdDawg8:,3years,@MimiTajiri:
today,time,space,Mina,Cancer,green,Sagittarius,show,NASA,first,courage,oceans,winner,hard,Snapchat,deal,October,Dallas,flowers,birds,events,ocean,kids,update,future,Jihyo,unnie\",https://t.co/rdzj1tmeHq,light?,lost
morning,Saturday,work,today,rain,weekend,breakfast,vibes,october,Communist,Beautiful,time,Happy,fall,Patriots,walk,coffee,Friday,people,real,enjoy,sunshine,house,October,home,daddy,show,like,Philly,Hope
hard,pain,Libra,innovation,like,Facebook,fucking,work,tired,time,Antifa,fuck,help,proud,future,true,happy,song,real,talk,-You,Philadelphia,American-who,..When,..BAM,LMAAAOOO,https://t.co/9oGAHHsWuv,brilliant,,wired,brain
President,impeachment,Pelosi,Nancy,Obama,Republican,Republicans,coup,Pompeo,party,Dems,Putin,Security,impeach,Schiff,Trumps,Support,vote,Listen,money,Congress,America,Americans,Truth,support,United,Light,interview,bipartisan,American
black,girls,white,like,women,parents,hair,people,racist,google,thanks,Very,color,kids,butt,horse,dream,pink,Black,woman,young,diet,hangyul,boots,gold,stop,important,natural,skirt,answers,
United,Manchester,Live,Watch,Salah,Stream,game,MUFC,today,united,winning,stream,first,liverpool,Rashford,like,Chelsea,YNWA,President,time,GGMU,games,Free,Origi,Klopp,Green,Alisson,goals,Soccer,home
Scorpio,JUNGKOOK,interview,Gemini,Lecturer:,gym.,@lilaaron911:,vibing...,https://t.co/HkT4kuLIsa,flying,âœ¨ğŸ’œ\n#JUNGKOOK,Umar,Scorpios,@ABSCBNShowbizUP:,*asks,theatre:,@Aliyahjx_:,https://t.co/R4HnofT9ha,else-,question*\n\nEveryone,https://t.co/9Q90UpwecO,@Yuno_lt:,https://t.co/a8zpz2pfcn,@KhairulAbror1:,https://t.co/wyFJNl2L25,https://t.co/jbb69n7uIW,Likely,@travis_orr1:,bared,https://t.co/6wOiAhM1W7
smile,dance,sweet,mina,like,happy,Naira,time,jihyo,dancer,best,dreams,girl,heart,performance,Smile,Beautiful,ONCEHALLOWEEN2,death,Baltimore,ğŸ”¥ğŸ”¥\n#starboyfest,ğŸ˜‚ğŸ˜‚\n\nThis,\nhttps://t.co/fJfqDGDxFC,rock,lost,airport,\n#ì—‘ì†Œ,MAMAMOO,\n#EXO,this...but
tired,funny,brain,Spotify,hits,Schiff,restaurant,ASTROS,ARMY,YouTube,Sana,Harry,Beautiful,fortnite,Family,shower,Anime,snapchat,reddit,sana,dahyun,meow,vampire,October,session,hero,goth,Gemini,sport,Nature
fuck,like,fucking,Houston,daddy,videos,stop,girl,Like,Watch,naked,content,history,hard,naughty,bottom,morning,people,first,milf,@meGa_Dyke:,character,deeper.,off.\nMartin,off.\nAtkinson,babe,Gatie:,@_iw77_:,https://t.co/GAFRxKc9vb,best
World,thanks,first,film,performance,update,legal,Congratulations,videos,anniversary,MUFC,winning,property,Wendy,like,fact,Houston,King,time,United,game,Wales,today,movie,Africa,Nationals,Coup,Bharat,Nintendo,Astros,
Bigil,Bookings,October,BIGIL,Whistle,movie,Chennai,Time,Saudi,Movies,Book,audio,Hits,show,you\n\nMe:,@teteprint:,https://t.co/bW1tZtZqDW,@prabhu_sr,â€œceasefireâ€,@monetxchange:,tacticâ€¦,https://t.co/r7MzC1TiqP,likable,extremists,,@joelycett:,https://t.co/Miqg6y4PNj,canal.,bigil,Vela,thalapathy
fake,book,Hindu,stories,poll,Rohit,read,plastic,Syrian,people,Read,reading,Lisa,sharing,Fake,classic,Hindus,gender,true,fundraising,LISA,time,blog,share,kids,Twitter,social,lunch,Facebook,first
Mexico,hope,chanyeol,WONDERLAND,like,tease,blood,Sweepstakes,Dreamcatcher,Junmyeon,@RepSwalwell:,@encikmatahari:,funny,@ATEEZofficial:,Squidward,\n\n#Sweepstakes,Tension,SpongeBob,,Siyeon,https://t.co/8waMJaTAfQ,FIRST!,Prabhas,#Dreamcatcher\n#ì‹œì—°,#Siyeon\n@hf_dreamcatcher,@UnconditionalSY:,simultaneouslyâ€¦,EP.FIN,escaltes,https://t.co/dtzimD1X3d,it.\n\n#BjpPlaysPoliticsofDeath
Rashford,running,goals,MUFC,like,German,game,home,GOAL,today,first,United,Mane,games,work,best,Salah,Messi,GOAT,time,#Mosquâ€¦,Tsimshatsui,irritant,,perfect,spooky,ALARM,methodology,BELL,@chrisdelia:,windchill
