MynaProductions,LetsGoLiquid,HK,มธุรสโลกันตร์ep12,bigtits,bigdick,CHOSEUNGYOUN,BumpParty,AJCONF,WWE,RollTide,FACTS,Boobs,แจกดิส,javascript,TEeThanapon,BangChan,FBRUnite2020,Expo2020,CanYaman,天官赐福,orgasm,inspo,artvsartist2019,jailbait,blog,TrudeauCorruption,Hentai,FBRParty,wemadeit,cannabis,STPIINDIA,GOT7inBerlin,Autumn,中間淳太誕生祭,อี้ชิง,SomaliHeritageWeek2019,NeeSirichalum,Analytics,leejaewook,StevenUniverse,LeagueOfLegends,BernieSanders,ADHM2019,현진,디오,listenlive,Hyunjin,HOUSEOFBTS,AskFFL,Umji,MedicareForAll,GoGators,นายท่านกรชิต,bigcock,TodayInHalo,DemonSlayer,mentalhealth,doodle,SundarC,Photography,MonoCountdown,MercyMadeHistory,ECT2019,AEWDynamite,wildlife,ZainImam,TetZooCon,SECNation,PitoriRewindz,DenmarkOpenSuper750,BTSxLauv,fetish,SurgicalStrikes,ショヌ,dog,Jongin,BigilUSA,슈가,bbcfootball,Pixel4,NYTimes,WENDY,TwitterKurds,NancyPelosi,HeavenOfficialsBlessing,HKPoliceAttackIslam,goddess,JACKSON,Data,Cover,한승우,SquishTheFish,MotoGP,LeafsForever,LEEHANGYUL,ICOAlert,Darbar,Bangbros,APRIL,빅톤,จอยล่ม,producerLayZhang,YennumYellow,VR,2local,fallcolors,cumming,StarMagicHolloween,OnitshaFireRelief,MoU,JUS2,AdiZa,NuvvuNaathoEmannavo,이진혁,ミニョク,architecture,UpRiSingh,TheKapilSharmaShow,SpiesInDisguise,Shivin,Macron,BalaChallenge,startup,instagram,amerithaikong,Leadership,Hrithik,curvy,Tech,PunBNK48,KeralaBlasters,재현,もも,python,myfitnesspal,TuaTagovailoa,Newwiee,Italy,BridgetteB,BoysWithLauv,tread,sandy,NGKPremiereOnVijayTV,MonstersOfCock,DemetÖzdemir,ChileProtests,Blockchain,1YearWithMono,승석,ジュホン,teamMercy,namjin,ThankYouMINA,SyeraaNarashimaReddy,Serekaniye,LEEJINHYUK,LCK,GD,Doctorஎடுபிடி,BerniesBackRally,이재욱,entropy,지유,준면,中間淳太,chicago,UFCBoston,STEM,Cuckold,ISL,BernieSquad,최산,平井桃,riseup4rojava,retrogaming,pawg,nyc,crossdresser,MEMES,Food,AEWPittsburgh,1Kyungsoo1Day,경수,ebook,ebay,cartoonnetwork,TheMusicVideo,MindCleanse,MeTime,MONBEBE,LGBT,Clemson,민윤기,slave,naruto,lifestyle,PVL2019,OANN,LiarJohnson,Faith,DO,BharatOnZeeCinema,BTOB,은혁,예뻐서예원,คิมคอป,ขุณขิมมอญ,summercampisland,hongkongers,extraordinaryyou,artchillustration,TuskerSafari7s,MR_BANG,DiscoRaja,BrandsBSB,Bengals,AdithyaVarma,the_book_of_us,hyeongjun,Sanditon,MEMI,JAE,AnneSemonin,Adult,اعدام_راجح_حق_محمود_البنا_فين,sanditonseason2,mustread,TGCF,Starboyfest,PatriotTrain,MILF,CPCMajority,BTS_FESTA,โชซอก,اعدام_راجح,hardcore,avfc,autism,SAN,RewardsPoints,OnePunchMan,OddLostAndFoundItems,OUDNA,MembersGetIt,FindYourRoute,Day6fanart,AvNeil,Android,황윤성,イジンヒョク,โพก้า,ฮันนี่,revenger,oc,newyork,gaybear,discount,angrycops,Sooryavanshi,SmackDown,Scorpios,PVLOpenConference2019,GOT7inLondon,AfricaNetballCup,도경수,gradient,artvsartist,adventure,GOT7Comeback_Yugyeom,FSU,BingJiuWeek2019,BigilatRohini,vaping,investing,fisting,creativity,btc,bingjiu,apex,Sabres,NOW,MilfsLikeItBig,Mediabuzz,Kaira,Hoseok,Epiphany,ChristieStevens,BSBShowdown,울림즈,Tesla,MyHeroAcademia,MercyXHeadies,MONSTAX_COMEBACK,JIU,Hospitality,윤오,ssbbw,pet,ZhangYixing,UX,SDGs,Palestine,LOL,KimHyeYoon,ICE,CustomerService,BuildTheWall,Berlin,차은우_단독팬미팅_축하해,문빈,남도현,gayvideo,frenchart,disney,alterph,ZainImamInMauritius,Naughty,Felix,Dodge,Ahmedabad,13YearsOfDON,차은우_차이링,李鎭赫,นยอนแจน,yunseong,thong,housemusic,gayindo,Nepal,KurdsBetrayed,JUSTONE10MINUTE,GoBeyond,FISA,DarkBlueKiss,CBD,ATK,캇세근,승연,พี่เตอร์สินกำ,shivin,nintendo,manga,impressionism,facial,ebony,breeding,bigbooty,TheNation,OnAirNow,MobileBNK48,MGWV,FinTech,BrownEyedGirls,Bnyoung,ジャニーズWEST,taemin,pumpkins,j9,hiking,gaymature,cloud,bagets,Winnipeg,TheStorm,Language,KKd,Cloud,Camilizers,BrandsSummerCamp,Bhimavaram,ArcGIS,มินฮวาน,woojin,tooting,paris,legs,adulttv,UP10TION,Throwback,ThatsMyDodge,StarBoy4Life,SaturdayNightQ,RelentlessEffort,Niallers,Namjinweek19,Montana,MiddleEast,Medetrade,L2L,InTunezWeTrust,FHERO,BigTits,BIGILStromFromOct25,B1A4,우영,twerk,lactasoytncc2019,inktober2019day20,homemade,dankmemes,cheerleading_tnt,artph,XLogRed,TheBalaChallenge,TaeTEe,SchiffForBrains,PlayStation,MOMOLAND,ImNotFinishedYet,HentaiCommunity,FLASH,FANART,EvoMorales,Democracy,AyodhyaVerdict,승민,상큼주의,막내라인과_리더홉,linhardt,johnyong,jakol,freeCodeCamp,delicious,caspar,bookboost,airdrop,VoterExpress,TrumpImpeachment,TianGuanCiFu,MNL48TeamLConcert,LT1,Erotic,Canes,5SOSFam,techno,skincare,pout,originalcharacter,lazysunday,goats,bra,boxing,Tharshan,Rock,NewsAlert,Management,Kurnool,Indyref2,ISL2019,INTOTHENEWERAALBUM,HSBCfraud,GoodNewwz,GPCreativeIndustry,FirstDayOut,ArizonaPetes,ts,sfn2019,recovery,rapgods,Wattpad,WAYV,Vijag,TruthHurts,SpotifyOnStageBKK2019,SocialismKills,Outkast,Millennials,LeagueOfLegendscosplay,HANSEUNGWOO,GucciGlobalAmbassador_KAI,Blowjob,2moons2,김준면,spongebob,newwiee,mirrorselfie,ilwx,harvest19,feetworship,alter,Uganda,Thriller,SundayCumday,RainbowSixSiege,Pittsburgh,Panthers,NBC,Med4America,MarNigoAtBlackMagicNight,LOLcosplay,FeminismIsCancer,EAFB,DarkBlueKissEp2,CRPF,Brighton,Bolivia,Bbnaija,ActorsUnitingForChange,진솔,어쩌다발견한하루,더쇼,김승민,yellowhammer,webdevelopment,sexywife,mortgage,kittens,illustrator,foreskin,followback,dementia,bird,Yrkkh,Whattheduckmusic,TheWhootyTeam,Tamannaah,TWTNude,Sunrise,SmashBrosUltimate,SEUNGWOO,RiseUp4Rojava,Noles,NaturePhotography,MOONBIN,KAI_GucciEyewear,Jacksonville,Fitness,FFXV,Esports,ChileProtesta,BoomerSooner,Blender3D,BigBoobs,BelieveMothers,BelieveMoms,Automotive,2moons2theseries,비원에이포,모모랜드,나의이름에게,wikiart,supreme,soles,sexting,msnbc,joongnine,fhs,drawings,dragons,brooklyn,Yoongi_beautiful,SpecialExpress,Seungmin,Serbia,Rahul,ProudOfLouis,PromisesMadePromisesKept,Presidementia,Oktoberfest,Mercenaries,MNL48TeamLoveEquality,MK11,KimLip,KIMHANBIN,JeA,JadaStevens,JOOHEON,JANNA,GMF,FOLLOWTRICK,EAS,Dynasties,AdryDrive,3Dprinting,한결,어른아이,어르신라인,양날개와_설탕물이_만났을때,승우,낸시,김립,공찬,少女前線,เตนิว,พี่เตอร์สินกํา,ทลนมฮ,vain,transsexual,thicc,refugees,namjinfanart,issabove,gayxxx,gaygrandpa,footmaster,dogtreats,cockring,cbt,buymynudes,blackandwhite,anthro,YouTuber,WWENXT,TeamSurplus,SurplusPH,SquidSquad,SEUNGYOUN,RRavindran,Kenya7s,KeepSpinninginEurope,KO,Hinduism,Hasakah,HailState,GreatFinders,GreatFashionFinders,Gravity,Got7inEurope,GoodAsHell,Glasgow,GatorStandard,FortniteSeason11,Fanart,Dabangg,DMK,Cubs,Cox,Cleveland,Choerry,CSMIA,BigilFifaChampionship,BamaFactor,최리,차준호,주연,소녀전선,少女前线,ハンギョル,yashhDRocks,whooty,webdev,tiktok,sundress,sketches,podcasts,peckpalitfanart,palitfanart,nsfwart,martyrs,kimcop,houston,fhsz3r0,deephouse,cub,cruise,bwc,burat,bokunoheroacademia,ballbusting,anakapalli,Yuri,TamannaahBhatia,TaeTee,SleepyJoe,SNK,SBFIVELIVEINMANILA,PetMunchies,Pennywise,PAWG,NXT,McKennaMustGo,LyingTrump,Leadsom,KidsTheseDays,Gongchan,GOT,ForTheirOwnGood,F1esta,Execution_Rajeh_RightMahmoud_Bana_where,EUNHYUK,DGB,CulturalConnections,ChileSeLevanta,BlackGirlMagic,Alzheimers,301DaysOfCode,오드아이써클,進撃の巨人,エレン,راجح_قاتل,vintagehair,trainingtreats,tied,techhouse,streetfighter,soundcloud,shower,reference,pinupgirl,overhaul,mingkit,kimmon,incest,hatakekakashi,doggystyle,day20,copter,cnn,anon,YashDasgupta,WeekendCountdown,VenkyMama,TollywoodActor,Subscribe,StreamerNetwork,Spatial,Sooraripottru,ShaitanKaSaala,Schiff,RideAlong,OEC,ODDEYECIRCLE,NGO,MinYoongi,MME,KCON2019,JinSoul,JUYEON,IllegalImmigration,IIFA,FumiYam,FGC,DohKyungSoo,DigitalIndia,Devon,Desktop,Dami,Cock,ChileEnResistencia,CameronBoyce,Bahamas,AllLiberalsMustGo,정우영,송민기,お誕生日おめでとう,tharshan,suho,sbfiveliveinmanila,saturdaynight,sarcasm,refugee,poet,philosophy,paypal,nuest,mugen,jock,jizz,jaebeom,hotgirls,gaypiss,gaychubs,furryartwork,farming,doggy,deepfakes,bigblackdick,beard,au,VirtualReality,VictorySunday,Utah,Tawan_V,TVXQ,TITTIES,Studios,StreamItRight,Shopping,SBFIVELiveInManila,RTRNaps,QUANTUMLEAP,Portugal,NoPasaran,NeverPPC,MusicTv,Moonbin,Marlians,ManU,LetsRock,KNY,JoongNine,Inspiration,Hispanics,FacialRecognition,FBMyNextCar,EXplOrationinJKT,EVM,CuteSunday,Creampie,CorruptTrump,Boycott,Beijing,Arkansas,AllAutistics,AbeOut1019,ASS,曹承衍,ドヒョン,スホ,viralvideo,uncutcock,titans,texas,sony,shigarakitomura,ringfitadventure,purushaayog,progresspic,prettytoes,preggo,pantyseller,p2,mma
furryart,safarilive,CrookedHillary,COYS,bj,tbt,MK8D,IndianIdol11,footballindex,gayasian,internationaltexts,internationalcalls,malefeet,KeepPounding,talku,videogames,kyuhyun,cocksucker,AceAwarenessWeek,pee,marlians,freetext,ireland,PayItForward,wediz,freecall,Tuez,StormHour,PanthersNation,ฮันโช,SPB,OdeToYouInManila,loveislove,golang,SupercorpEndgame,fartfetish,Helsinki,GOTV,hornyrn,beachcock,YankeeDoodleAndy,PresidenAlamGaib,PokemonGO,MoreThan5Seasons,MMATwitter,CrisisOnInfiniteEarths,nice

fuck,RT_me_baby,hugecumshot,transgirl,Pusheen,untitledgoosegame,ventoaureo,lewdrp,muscledaddy,mom,instagramdown,Cumtribute,rtgame,roomies,wow,palitra,heelfetish,alterpinas,altermanila,sexrp
LAY,iGiveDoYou,Twibbon,REDVELVET,openfollow,WithLove,sugardaddy,YERI,hkPoliceBrutalitiy,ThisWeek,50sWomen,BritishIndependence,AnimalRights,clearthelists,GH,MakeADogsDay,GOT7KeepSpinningInMANILA,clearthelist,Super_Clap,FreedomHK,DIY,smm,rt4rt,StandwithHongKong,AB5,opensource,doglovers,TachaABrand,ProLife,H2P,FakeNewsMedia,socialmediamarketing,PPC2019AllTheWay,MSH,WriterLift,TerminatorDarkFate,Rt,ISTECCL,Help,GodfatherOfHarlem,BSNL_REVIVAL,banditophilly,WorldOsteoporosisDay,WorldFoodDay,IPNA2019,Week7,INDIANEEDBSNL,EXTRALIFE,infographic,hedgehogs,Jaguar,help,bt21iscopied,RETWEEET,QArmy,FreeAnimeAlliance,ATCDay,nytimes,YYC,swag,spain,jockstrap,RTgame,NJDevils,MAGAts,Libras,FilmTwitter,FFNOW,Earpers,voiceover,supernecessary,crowdfunding,TheBlacklist,SAFC,CertainVendors,premierleague,okko,lostdog,labourparty,karur,WinItWednesday,SynergyRC,StandUpForNuclear,RomeGA,Retroshi,MMORPG,Infographic,HongKongProtester,HealthCare,BMW,AD,shrinkthelists,shrinkthelist,goblue,gaybottom,gayass,freenudes,dyolamb,devops,awardwinning,WolfPackAuthors,TwitchAffilate,SanJose,JustAddTea,HongKongProstesters,End,ElephantRides,CochraneSantiago,BullyingPreventionMonth,요송,zerowaste,microsoft,YESS386,WearInstall,VA,TeamTrudeau,TeamMrLindo,Foodies,Chihuahua,touhou,teachertwitter,sugarbabywanted,madebygoogle
bondage,Pop,재환,willgraham,JAEHWAN,TornadoTrump,HughDancy,varun,kitten,NYCC,BTSfanart,SOPE,Sooners,안유진,BTSArmy,hongkongpoliceterrorist,Beto2020,RashmiDesai,GoBokke,WeLoveYouDaniel,lecheminduroi,スプラトゥーン2,sissychastity,EGLX,AGLComp,sissygasm,horrormovies,cockwhore,betamale,sissycaptions,MyUnpopularGameOpinion,Industry40,trekking,blogs,HMIHCE,cool,AllGlory,ecchi,WednesdayWisdom,Ecchi,AcademicTwitter,malware,Maps,Map,JiU,dice,Terriblemaps,TerribleMap,SharleneSanPedro,Oilers,unity3d,sega,kawaii,MakeAmericaCleanAgain,tokyo,analytics,Eli,neuroscience,CSS,Bbillkin,AmazingChina,장이씽,บิวกิ้นพีพี,บิวกิ้น,styleastronaut,germany,cutout,Vue,Urquinaona,Tucson,Syeraa,Sulwhasoothailand,RobertEggers,Celebrities,retrogamer
youngK,AEW,RecallGavinNewsom,PakistanZindabad,NitiTaylor,Hongkongprotests,aeausa2019,Masterstroke,JoyfulWarrior,HappyBirthdayPrabhas,HONGKONGERS,suriya39,BOTD,MUTV,MIHYO,빅스,DHDL12,d3fb,ngk,abs,best,SaandKiAankh,SEUNGYEON,JungkookThisWeek,Dimash,ChronodesNations,transporn,rainyday,CelebritySin,Aakhribaar,couplegoals,WCDFW,SaRoon,PonyUpDallas,ElçinSangu,ieeevis,essereFerrari,IndianFootball,FendiPrintsOn,DigitalSoldiers,upskirt,savebpcl,SuperMarioOdyssey,RSAvJPN,404theCULTURE,홍빈,뉴이스트_러브미_사랑해쥐,delhi,alcs,PES2020,HONGBIN,Edinburg,CIXStansAreGoingToJailParty,Brony,womenintech,suriya,rottmnt,rocketman,girldick,dancer,Uniters,RSS,GHBeachSoccer19,EuroTrack19,DontAtMe,Casualty,ArtistRack,25thAmendment,乃木坂工事中,thebritsareatitagain,taekookau,rugbyworldcup2019,race3,monza
KremlinCup,pussyplay,RAWRAwards2019,itiraf,남준,지효,kindle,SkateAmerica,ink,SAVAGE,CHUU,KashmirFlagWorldRecord,KSGasRishabBajaj,LebaneseRevolution,HoustonAstros,saint_sup,Rowoon,DoctorWho,MiTzu,NextManUp,WhyIWrite,방탄소년단지민,MINGYU,cardiotwitter,SOOBIN,GoodMorning,EhdEWafa,pentagoninlisbon,PuertoRico,Artpakpoom,SB19atVistaMallTanza,enstarsspoilers,AstrosVSYankees,kimsebilmez,UGA,Totalitarianism,ColorsTV,taejin,galolio,ThrowbackThursday,BeKind,together,SaintsGameday,追凌,hr,cuteboythtv,Devoleena,micropoetry,hangtenstories,asianadult,USMC,GOD,hkprotest,TXTCOMEBACK,Poetry_Planet,Oxygen,heart,LoveRally,Kinktober,GBBO,CDMX,KajalAggarwal,HarryandMeghan,CatchAndKill,金凌,zhuiling,landmines,byleth,SOOJIN,AndyMurray,15MinutesAreOver,utpol,poetrycommunity,jinling,edelgard,breaking,YeDilMera,Lungi,LiveJam,Artcbt,ÖzgüKaya,sanditon,restartaheartday
BSNL_Revival,haiku,BoycottChina,Romance,money,ElimiBırakma,PMCBank,SocialMedia,footworship,woodwardout,yourewelcome,cixstansaregoingtojailparty,ReeseMoggs,TraitorTrump,SanFrancisco,PMCBankScam,THE,affirmation,googletez,SundayService,質問箱,goodvibes,Peing,Celebs,trickortreat,ps4,ecommerce,SundayMood,FreePalestine,TwitterPhilanthropy,KBFC,writerscommunity,SuperMarioMaker2,Gugothandayo,OpWhales,IsaPaFeelGoodWeekend,FreeTarotReading,Fintech,Brotherskeeper,yang2020,richdad,VoteDownTheDeal,FolloMe,teamfollowback,sugardaddywanted,forex,Referral,vss365,ateezfanart,app,Money,IOTA,efdp,HS2,GymJordan,Bundesliga,爱思不si,sperm,rohitsharma,blackpinkfanart,ShelterPets,Prickstarter,Investing,CelebrityXFactor,BlastFMRock,southxchange,lka,ibiza,dolphin,chub4chub,chub4chasers,PMC_BANK,MulvaneyConfession,Ed,CanaanGents,eatwellforless,Utes,TheLaundromat,PMCBankVictims,LeBronJames,DOG,nola

Kinsellagate
audio
InternationalChefsDay,SFGiants,SanayaIrani,SupercorpSunday,ป๋อจ้าน,happysunday,pazar,WorldStatisticsDay,ttot,enjoy,NationalBookMonth,StonerFam,humpday,SmallBusinessWeek,ShanDay,RichardArmitage,HumpDay,spookyseason,PrideMonth,freepmarathon,Supercorp,JamieDornan,FriskyFriday,MeekuMaathrameCheptha,JohnLennon,JayAndSilentBobReboot,Compromise2019,tittytuesday,lovemusic,SpidermanSunday



MitchMcConnell,PM,OtD,BanMDN,blackandwhitephotography,DilliKiDushmanBJP,people,TharnTypeTheSeries,feelthebern,PeoplesVoteMarchً,HumanTrafficking,S386IsFair,gic19,benice,Papineau,GhostTheFilm,pmcbankcrisis,ade,SadTimes,NewYorkCity
coffee,HamArt,DarkToLight,offers,GreatSouthRun,석진시,sunset,A9NintendoSwitch,amazing,protest,shoutout,digitaltransformation,طرابلس,shop,fitfam,SantRampalJiMaharaj,PutItInWriting,Diffusion2019,ActuallyAutistic,TrippyGoToursAt3,마도조사,One,neworleans,MillConf2019,HarleyQuinn,meetslags


Gemini,Microsoft



EV,ElCamino

science,EqualPay,Oregon,Wisconsin,somaliheritageweek2019,school,soonhoon
JAEBEOM,Education,saturday,pigeon,Special

wet,fantasyfootball,100MostBeautifulWomenPH2019,Sos,GFUEL,Sissy,highheels,Like,Ramanagirivasan,HOONY,TS,JINU,PeteButtigieg,BareBackShoutOuts,YA,김진우,Dalljietkaur,sylvix,bancodeseries,Toonami,KanganaRanaut,CallMyName,vkook,sylvainjosegautier,MustFollow,felixhugofraldarius,fanartbyHapigon,cryptotwitter,AtlanticRadioUk,sexygirls,footslave,MNTwins,DrStone,CutenessOverload,AssWednesday,cumwhore,bjp,IFB,DINO,BlastChristian,จอยลดา,ilovebums,NadineLustre,BSB,フォートナイト,lovequotes,birding,RocketLeague,BigDick,theHeadies2019,joylada,Sponsor,NationalLiqueurDay,MaheshBabu,KodwaYiniSesgoduka,FanDuel,EvasionMasiva,sneziey,loveshoes,lastfm,TheHeadies,TEAMSTALLION,PowerRangers,Eid2020,rafaelalencar,XSquadDJs,TeamYoshiki,RevLeonardMcElveen,NotTheYankees,DJ271mixthat,DJ271,拡散希望,womensshoes,sissification,lush



BackfireTrump,JusticeForPMCVictims

Virgo
journalists,snapchat,apple






Update,SurgicalStrike,Thala60Pooja,Pakistani,LOC,s386,Jaihind,snacks,मुसलमानोंकोसम्पूर्णअधिकार,trees,LoC,southindian,WarCrimes,StandWithKashmir,SouthernCameroons,Ram_setu,startupecosystems,Politics,Ambazonia,ShareTheLight,DuraiSingam,tourist,VikramLander,Chairman,thehundred
muscle,bi,exhibitionist,men,house,bisexual,boy,seokjin,BoardKings,kavinTimeToshine,NAMJOON,Capricorn,playlist,penis,man,tree,walking,namjoon,NarayanSaiLoksevaTrust,clothes,LoseYoutoLoveMeStreamingParty,sebastianstan,Japanese








Twitter,healthcare,Obama,TulsiIsARussianAsset,Tulsi,Tulsi2020,security,QueenOfWarmongers,Clinton,truth,dtmag,Hillary,IfItsSunday,Quote,CHIP,PeophetOfCampassion,KylieJenner,Chelsea,review,draw,daily,SoldOut,DemocraticDebate,cartoon,EdwardBarber,heels,QueenOfTheWarmongers,legal,Believe,Powerful,CryptoCurrency,BenGarrisonCartoon,KNK,FNS,Email,AAG,stories
Tangdhar,Modi,Afghanistan,white,Kashmiri,Indian,Malaysia,HelloLoveGoodbye,PoK,guns,YUEHUA,SRK,Hindi,BigBreaking,Delhi,范丞丞,Syrian,SM,黄景瑜,Sankranthi2020,Palm,AlaVaikunthapuramlo,Dear_my_dear,Article370,JammuAndKashmir,POK,FemDom,SowcarJanaki,SciFi,KashmirNeedsAttention,Army,DDLJ,Terrorists,HuangJingyu,CEO,우리어떻게할까요,사랑하는그대에게,RajnathSingh,MAMI2019,jingyu,drama,Film
Lover,SUNGJIN,ThalaAJITH,Yubin,Vedalam,YennaiArindhaal,Veeram,CountdownToHalloween,PsychoTheMovie,photos,Mysskin,Ilaiyaraaja,Udhayanithi,ListenLive,Teaser,Fittrat,writerslife,teaser,livemusic,GoTribal,Book,RoyalDraw,10daysTGFAditiRathoreBday,MustRead,Isles,Cool,Bookings,GiveawayAlert,realme,TaylorSwift,otd,realmeFestiveMarathon,Worcester,ATSocialMedia,KGFChapter2,Gift



deal,Bot,XboxOne,YellowVest,TheWalkingDead,DarkBlueKissEP2,UFC,TrumpCrimeFamily,BrexitShambles,KERATK,YSJagan,PeopleVote,Destiny2Shadowkeep,CleanBreakBrexit,premiumsnapchat,moscowmitch,TayNew,IndianSuperLeague,BorisDeal,PrinceHarry,3DS,ReadThis,EpicFail,sugoiredrawdesu,RT4RT,BackBoris,seahawks

animation,Nintendo,comics,Seattle,Chioma,ForThePeople,sales,Inkigayo,Wendy,Gaming,Sydney,poem,Chiefs,キュヒョン,FACup,property,author,cdnmedia,圭賢,SeanDuffy,ENGvNZL,VeerSavarkar,Israeli,김민규,アズールレーン,WTALuxembourg,Touchdown365,KamalaHarris2020,BugZapperTime,RiseofSkywalker,13YearsOfJaanEMann,RedmiNote8Pro,Mashujaa2019,AthleticRealValladolid,tattoo,Space,QantasResearchFlight,outnow,WW2,G2GrandSlam,TheSims4,SS,Mogg,Jewish,DerrySFC,thanks,shapovalov,givenanime,career,bears,Switch,lifequotes,internship,UraniumOne,NJTTW7,MaharashtraElection,Lets_Go_Challenge,HaryanaElection,Dottythesheep,writer,subscribe,seed,restaurant,read,first,ataresults,Stockholm,SafetyFirst,DiwaliWithRiversong,24kPAWty_MOA,strongertogether,sermon
WEMADEIT,9와4분의3승강장에서너를기다려,SicEm,Nurse,asian,राम,samenwinnen,Ram,Missing,upload,goth

cliqueart,America,model,Europe,wine,Whales,New,God_Is_Not_Formless,CinderellaTeaser,machinelearning,Learning,MarkEsper,Kurdistan,HTML,library,English,edtech,learning,PodTales2019,muslim,Machine,woman,smallbusiness,datascience,FallCUE19,Brazil,vampire,Save,PMCBankFraud,GrowthMindset,rstats,generative,Azure,eSports,MedEd,teaching,isteccl,deeplearning,ISQua2019,Clustering,WBGMeetings,ml,important,dl,craft,code,Thread,SME,RPA,watercolour,perfect,models




Taurus,Video,mood,listen,ThalaivarAattam,guitar,song,minecraft,insta,TenaliRamaKrishnaBABL,action,LanaDelRey,Kurnoolukatthiva,Aries,iPad,TwitterPoolParty,Mookkuthi











Children

Doral

Vikings,Free,ARMY,Radio,SBFIVE,Listen,Weather,OnAir,Africa,Giants,England,MEORipCurlPro,Live,BreakingNews,Dolphins,Fantasy,Review,ManUnited,trade,manuvsliverpool,TBT,Now,Airdrop,onmfc,เตนล์,Sports,RoyalAlbertHall,FelizDomingo,مانشستر_يونايتد_ليفربولً,ShekarSetty,PaulyDPositivity,Greece,ليِفربول_مانشًستر_يونايتد,twitchtv,Download,twitchstreamer,WTF,website,stream,sexysunday,homeowner,Trading,NowOnAir,Antwerp,apexlegends,Championship,슈퍼엠,Watch,Videos,Tribute,LivePDWanted,Forest,BleedBlue,Asia,Ligue1,FastCast4u,BluedID,مانشًستر_يونايًتد_ليفربًول,YNWٍA,ThoughtForTheDay,NYGiants,McBrownsKitchen,Green,AniList,snap,analysis,Warframe,VIP,SpaceApps,李永钦,مانشِستر_يوُنايتدَ_ليفربوٌل,ليفرٌبول_مانٌشستر_يوٌنايتد,musicizworldwide,borderlands3,Soccer,Modern,Livestream,20ottobre

respect,webcam,Americans,Hello

AR,LA,GA,Senate2020,NC,ME,CA,realtor,AK,MS,AZ,SanDiego,healthtech,TX,CO,MT,KY,KS,IA,footmodel,emergingtech,ID,AugmentedReality
Urgent,Toronto,Boston,yoga,SASINT,Scorpio,TrumpCorruption,AHiTSwitch,leaves,Dating,dragon,SVU,Epstein,WeAreCUE,NAMmtg,commissions,JOHNTOBER_day20,nomin,beta,THE8,JiangCheng,piano,losliyaarmy,loser,friend






screenshotsaturday,metal,diy,fahran,etsyspecialt,erection
Pelosi
privacy,government,military,camping
WordOfTheDay
Hero,Football,college,betting,students,sister,climatestrike

Mukkuthi,Louis,mature,LoseYoutoLoveMe,Rap,Coast2Coast,KillMyMind,DHL,single,OPPOA92020,ACT,BedroomFloor,sissyfucked,relationships,sissylovescock,Sabah,3DaysToLoseYouToLoveMe,wall,petshopboys,citylabarchive,Acting





gift,education,weekend,wedding,박우진,HappyTimmyDay,happy13th,اجا_وقت_نحاسب,Ulaganayagan,ซึงอูซอก,party,WhereIsDongpyo,LaMasia40,JJBA,이미담,cake,Send,weizhou,birthdayboy,Vegas,Today,TOTWAT,SerieA,LEEMIDAM
bottom
facts
coup
naked,trap,trans,Patriots,shopping,breakfast,Communist,KatieHill,blonde,LP1,YankeesvsAstros,HI02,weed,vibes,hair,morning,nlwx,capetocabot,nltraffic


airport

kids,chileprotest,momlife,children,NeverForget,Cameroon,SimchatTorah,Arizona,MarkRobbinsNetwork,ClimateEmergency,ReligiousFreedom,CaliphOfTheMessiah,EricTrump,VotePPC,vapefam,sao_anime,ENGvAUS,pwme,LoveAfterLockup



medtwitter,wangxian,NETFLIX
OurPrinceEunsangDay,Wasabi,cashmaster,NoOffAirGathbandhan,gifs,NewMusic,SUPERClap,18thEUNSANGshining,KateBNK48,2YearsOfFlicker,shameonhkpolice,BigilFrance,show,tshirt,LasVegas,slowmotion,Podbean,LEEEUNSANG,pearlmethyst,YehDilMera,nipples,countrymusic,MJFam,MTVEMA,FL,BlackAndBlueMovie,hrithik,SUPERJUNIIOR,GoHoos,dj,Iceborne,FoodSafety,DogsMostWanted,BTSinSaudiArabia,ไม่มีทาง,ProdigalSon,tiorradio2,skians,impeachtrump,WeStandWithSarfaraz,SaveDaredevil,MyPLMorning,MondayMood,JustSaying,DisneyPlus,IndianIdol,Timeless,TheCircle,Orctober2019,OdeToYouinBKK,MicrosoftTeams,FakeNewsCNN,Enigma,haikyuu,RebelRadio,PA,DengDay,รูปที่19,wetpussy

freedom,WorldLargestFlag,StandwithHK,StandwithCatalonia,SOSHK,campaign,Freedom,Facts,SpainIsAFascitEstate,MukamisMashujaaMessage,religion,memesdaily,humanrights,ISPR,GodBlessAmerica,ResistBeijing,Antisemitism,OurMartyrsOurPride,OurForcesOurPride,FreeIran
garden,MYNAproductions,DragRaceUK,sketchbook,roses
Ireland
natural,photographer,writerslift,pornstar,ladyboy,Baby,ลิซ่า,Weekly_Ranking,LalisaManoban,Lisa,racist,Disgusting,photoshoot
magic,HC400,KeanuReeves,rock,edeleth,Thalapathy64,ModernLove,MythicChampionshipV,FantasyDome,leather,WWETrenton,Miami,TheDubaiStars,pink,DallasSucks,moon,hotel,Orsotto8,FNH,EastEnders,star,series,cixistheway,TeamHumanity,GameOfThrones

Quran,reading,GodMorningSunday,peace,KamaleshTiwari,Allah,GodMorningSaturday,donate,TheGreat_HinduSaint,Muhammad,TLP,MohammadForAll,مریم_رھاکرو,WeLoveHindus,Somali,Read,strength,grace,words
김유겸,RBIKhooniHai,training,workout,NairaMarley,walkoff,TWGRP,selfie,GirlsFrontline,holiday,traveltuesday,PVHC2K19,vmin,MedTwitter,Dahyun,skamfrance,WITNESS,RedAwaken,LoseIt,BringOnTheBuzz,plants,maxencedanetfauvel,lost,bordercollie,YOU,KillerSec35A,Kansas,lostcats,MissingPerson,MissingCHILD,ForSale,DALvsPHI,Borivali,seonghwa
Don,Uber,justice,Truth,Justice,LockThemAllUp,EdenHousingFraud,PeteForAmerica,JusticeForGujStudents,CIA,We,PehluKhan,Tabrez,PromisesKept,Akhlaq
Nigeria,Kpop,PowerOf10,solar,TLC2019,RashamiDesai,AfiliAşk,Respect,democracy,GoVegan,legend,power,Zuckerberg,TRUMP,DUP,vanguardnews,WomenInSTEM,events,ODL,NorthKorea,MashujaaFestivalKE,BurcuÖzberk,Blessed,BennAct,nuclear,cashcow,creative,SuperClap,Phoenix,AceOfSpace2,ÇağlarErtuğrul,effzeh,RanveerSingh,seungyoun,NigeriaNews,hero,TaehyungNaver,STAR_CROWN,Hindus,wealth
Bernie,poll,Venezuela,FoxAndFriends,Security,Washington,Valley,Warren,Michael,Zuck,HRC,surprise,UBI,AndrewYang,AOCEndorsesBernie,nails,immigration,AOC,CancelKavanaugh,massage,largest,fundraising,bernie2020,Socialist,Rocketman,Find,YellowVests,NoMiddleGround
hiring,American,politics,Putin,yanggang,VoteBlueToEndThisNightmare,RankedChoiceVoting,abortion,Iowa,Coffee,russianart,Portland,Ottoman,NationalBakingWeek,TrumpIsAWarCriminal,OrnBNK48,Russian,MayorPete,Humor,Corruption,Antifa,Indonesia,Idlib,FontSunday,uppers,muichiro,TrumpCrimeFamilyForPrison,PictureJournal,Assad,Aleppo,paid,Buffalo
GodMorningFriday,fish,मंदिर_वहीं_बनाएंगे,PeakyBlinders,artistsontwitter,sky,StepHarderOtw,gratitude,PinkFloyd,Austin,DinkyBookReviews,dream,camgirls,xnxx,Winter,WeAreTheOnes,housing,MadridIsGratefulToGOT7,GodMorningTuesday
beauty,superm,blackpink,kpop,jpop,twitter,KPOP,Nichkhun,DAHYUN,2PM,Artist,redvelvet,geometry,culture,ParkJinyoung,lucifer,HALLOWEEN,wife
Apple,LIVMANU,homework,FakePresident,CamilaCabello,wankchat,fucking,treats,ebonydomme,kickitout,UTFR,SaluteSoldierWorldXXX,QPR,MUFC_FAMILY



funny,fortnite,vegan,chanyeol,meme,comedy,butt,memes,lol,chat,ateez,cashslave,LivingWithYourself,LifeIsStrange,deadbydaylight,CHENEW,lgbtq,dad,reddit,Cute,whitechicks,fail,webcomic,react,animallovers,Spanish,HongKongPoliceForce,rate,JoeBiden2020
originalcharacters,로제,Dems,InvaderZim,GoKingsGo,edm,color,MLS,MoreCarmilla,noren,brand,you,tired
Anime,Dallas,GoStros,WePlayLoud,JoseAltuve,mlb,desi,chocolate,ASTROS,pasta
smile,Bambam,SelenaIsBack,名井南,wearewithIU,SingtoKrist,ChimonWachirawit,유현
FridayThoughts,ocean,photooftheday,usa,oil,ThePhotoHour,Anthropocene,beautifulday,sea,plasticpollution
teethanapon,taedarvid,Libra,perspective,resist,innovation,NoDeal,ParasChhabra,panties,hard,Philadelphia,PrabhasBirthdayCelebrations,KeyToPeaceAndSuccess,HappyChanbaekDay,protests,ZGPOTG
희진,ReOrbitLOONA,Cats,Heejin,OTF,LilDurk,UKGiftHour,Animals,Cat,kitchen,Kitty,MV_DoYouFHEROxBamBam,Kittens
Scotland,goals,yankees,games,FireEmblem3Houses,Minecraft,MeNecesita,Xbox,T20WorldCup,fireemblem,NBATwitter,Alisson,3d,Saquon,Sabres50,hollowknight,Sirkal,RedSox,NHLJets,LACvsTEN,hockey,MFFL,Klopp,DOOP,CFL,fe,WHUFC,TeamMario,RetroGaming

NASA,romance,Kaviliya,Peace,luxury,ResistanceUnited,worship,Wales,LeadRight,BorisLetter,tribute,cancer,bear,colors,crime,Borderlands3,ImpeachDonaldTrumpNOW,Happiness,true,master,asianboy,Sony,misfit,Christianity,SnowBunny,PinstripePride,FootFetish,Oklahoma
Sanjivani,ShilpaShinde,birds,EVERGLOW,sing,StarMaker,Smule,Shantae,MIDZY,EDM,태태,theuntamed,ICY,Micayla,IPOB,ENIGMA,ITzICY,DeadbyDaylight,kbradiothp,internetradio,DeepHouse,webradio,RnB,에버글로우,믿지,뉴이스트_JR_아론_백호_민현_렌,gardens,VoiceBattles,Fanmade,DimashKudaibergen,Dance,sundaymood
racism
IsaPaWithFeelingsNowShowing
Tennessee,grateful,Future,sale,unique,journalism,JhanviKapoor,ALLIN,insurance,trading,commission,traveling,Corrupt,inspiring,holidays,WeAreBC,X_TM,ThanksLes,TAEMIN_ARENA_TOUR2019,KellyServices,remotework,RN,PowerHungryLibCons,MusicArtist,naturist,LivePDNation,redbubble

BALvsSEA,indiedev,newmusic,indiegame,RavensFlock,Marvel,TuneIn,SpiderMan,indie,DC,feedly,AvaTweet,indiegames,MashujaaSunday,김민주,pop,avengers,KIMMINJU,AvengersEndgame,comicbooks,민주,金珉周,キム・ミンジュ,minju,instrumental,musicvideo,dccomics,indiemusic,RPG,Ford,unsignedartist,ios

cash
throwback,naughty,lingerie,Momo,Alien
BIGBANG,dirt,Chennai,SaudiArabia,DonnyHathaway,mathare,October,ジミン,Mumbai,DakAndBrody,JiminComeback,Esperanto,BTSBestDiscography,Trending,SamGolbachIsCancelled,BoycottMuslims,got7_comeback,Thailand,BiGiL,Australia,3daystorebelstarbday,wearewithyouvarun,GOT7Official,transport,hbdssmbcultpavanrayudu,Cpcforbankers,Davido,trending,bestlyricistof2k19isvivek,MarriottTRAVELER,StandWithPragerU,방탄소년단_진,reiders,GoodWitch,석지니,iTunes,محمود_البنا_حقه_اعدام_راجح,shrenuparikhslaystheramp,awesome,articles,TilesHop,PastorWilson,GleamingLightsForJimin,manliv,OldSkoolSundays,MauriceBishop,KamleshTiwariLynched,Djkaywise,SidArmy,worldwide,sundaywithniti,ramulooramulaasongteaser,betwoodbinetb,Worldwide,Trivia,SaveCanada,RenHotels,KOT,DiwaliRelease,1YearWithATEEZ,tee
Mexico,hope,faith,911onFOX,HardWork,SistasOnBET,TheOvalOnBET,SemperParatus,AlwaysReady,BlizzCon2019,senegaleseTakeOver
Nolo,happy,happiness,정연,Luyolo,RAIDERNATION,kemono,instagood,YuzuruHanyu,QuizTimeMorningsWithAmazon,bhim,Serebii20,tiger,jb,fpl,TrumpLandslide2020,Sneziey,SJ_SUPER_Clap‌,idolsluyolo,exposed,FursuitFriday,ExplOrationinOsakaDay2,BrawlStars,BTSinRiadh,ダイまる,uminekononakukoroni,financialdomination,bottles,KeerthySuresh,FCGBASSE,AmazonIndia,まるダイ,GOT7_ECLIPSE,예욱,林彦俊,うみねこのなく頃に,ridge
GHOE,quotes,artwork,NBAYoungBoy,TimothyWest,3DaysToPrabhasBirthday,amazon,gifts,anniversary,nofilter,videos,puppy,Smile,recipe,chansoo,ReggaeKuruka,二階堂千鶴生誕祭2019,Walking,Saturday,HBDคุณพี24ปีแล้วนะ,happybirthday,BeOneWith131,HardEarnedFlavor,supportsmallstreamers,TaehyungStream,HappyKristtpsDay,belly,Happy,WarEagle,NineInchNails,HappyCHUUday,submission,GreatCanalJourneys,HappyBdaySassenach,Gandhi,Birthday,Weekend,HappyBirthdayMeena,Friday
Lions,Cancer,Blood,Saints,stretch,Sagittarius,GoalOfTheDay,Mina,brunch,space,flowers,MarrShow,UFO,today,Artemis,JD19,dianeabbott,oceans,HereWeRoar,WaterCannon,UyaCatFisher99,GSTR3B,futurelandlords,ldnont,TeamVarane,salah,green,courage,WakeUpWithMarley,TwitterNatureCommunity,Snapchat,cowx,WeTheNorth,RepTheDistrict,Murray,GoSpursGo,BlackClover,sun,cooking,bettingtips,MTG,GIF,Chooseforward
Facebook,economy,beats,HealthTech,future,dystopian,MiaSanMia,RadicalIslamicTerrorism
Marketing,ImpeachTrumpNow,TRX,Science,ML,HR,Instagram,WhatsApp,content,tphonline,artificialintelligence,History,HIV,robotics,Beauty,research,hometips,TruthExposed,SelfCareSunday,cbd,Media,cars,Market,Learn,datacenter,Network,DevOps,tips,Share,TRONClass,Classification,homeless,REtips,LinkedIn,Elevate,Content,migration
AmazonMelaMusical,MeganTheeStallion,PokemonCenterLondon,FridayForFuture,Naira,dance,dogcelebration,dominatrix,beer,spooky,funk,박재범,MaymayEntrata,Jerusalem,sexyphotos100,exol,Georgia,catradora,Saara,Jisoo,math,blood,adorable,GodMorningMonday,sweet_chaos,sexydance100,performance,latino,teachers,lovense,gorilla,cuteemergency,chaeyeonmail,Sua,DayDayUp
김재환,fall,KIMJAEHWAN,몬스타엑스민혁_인기가요MC,hongkongprotestors,FridayMotivation,LGBTQ,war,FreeAssange,filia2019,MAYMAYxASAPMostRequested,THECLASHBlackVSWhite,gym,gender,EURO2020,japan,UntitledGooseGame,TTRPG,varna,iPhone,hairypussy,ILGWT,INDIGENOUS,TitanUp,HumanityFirst,Fairtrade,CSR,goducks,flying,ThanksForRememberMyanmarARMY,SkateAmerica2019,LiberalismIsAMentalDisorder,toronto,proud,erasermic,TeamSISD,parents,Very,Indianarmy,IdolsMicayla,thegifted,presentmic,maiai,bloodshot,aceweek,Robotic,NobelPrize,NeonNettle,MarchforTrump,MakeAmericaGreatAgain,ثورة_لبنان,workinprogress,singer,cndpoli,building,brony,StrayKids_DoubleKnot,Persona5,Neighbours,오마이걸,regret
D6_everythingoes,ArtPakpoom,MiltonON,HappyDiwali,WalkAwayFromDemocrats,KahaanHumKahaanTum,lufc,MarisRacal,UKGiftAM,LPFamily,monoCountdown,LookingForAlaska,ReleaseTheSnyderCut,CharliesAngels,Eunhyuk,sweet,wba,seals,pretty,fallcue,cutiesaturday,Sundayfunday,PENTAGONinEUROPE,KaranVGrover,FCIM,hwall,graphite,eunhyuk,dreams,victuuri,TeamZay,BithiriSathi,Birşansdaha,Amma,bacon,RaisingDion,PortfolioDay,Porno,ColeXL,pixel_dailies,lady,fresh,chelseamammais8,San,ActualSpyroMultiplayer,仮面ライダーゼロワン
Retail,MATH,adult,كلن_يعني_كلن,YangBeatsTrump,artists,witch,awareness,dress,bankers,WeekendOfAction,RISE,progress,nhpolitics

vacation,work,relax,resistance,pantyfetish
Health,ENTROPY,Catalan,repost,Giuliani,OhFoodstagram,foodporn,Didyouknow,Alabama,kitty,Friends,WhistlePodu,LP1IsComing,TermLimits,JoaquinPhoenix,dirty,antispeciesism,NotreDame,Govegan,scicomm,chicken,TheIneffableCon,มินเจ,talk,FutureOfWork,90DayFiance
Legend,LegendOfHeInktober,Madrid,GOT7inMadrid,SociaLympics,TheResistance,DWGWIN,idolsSA,paintings,Interracial,25thAmendmentNow,AFC,Time,LinksAwakening,rescue,German,Light,JACKSTAGRAM,silver,Reading
characterdesign,مہرے_تیرےدن_تھوڑے,Sana,bollywood,HTGAWM,CallofDuty,development,linktober,ThankYouKSG4Bajaj,5e,character,adventuretime,ALittleThingCalledFirstLove,EricaFernandes,traditionalart,SWAG,pathology,growth,ADNUnityIsStrength,ZhaoJinmai,WangRunze
contest,Bollywood,movies,Netflix,Vivegam,Saudi,city,Horror,film,AjayDevgn,Disney,Hot100,india,market,MegaBBSingam2onSuntv,Batman,SaifAliKhan,ナヨン,comic,pumpkin,movie,asuran,STR,BokuNoHeroAcademia,Tamil,JokerFilm,AmitabhBachchan,marathon,deep,actor,Sivaji,scary,ITChapter2,lion,Reviews,Fake,3DaysToRebelStarBday,Tamilrockers,Roleplay,Jhope,African,update,actress,CaptainAmerica,Blog,viswasam,TANHAJI,DABAANG3,2YearsOfGolmaalAgain,26weeks,train,netflix
Pokemon,Twice,Redskins,HTTR,Chen,Breaking,Rams,LAvsATL,LARams,Chapman,Atlanta,Hollywood,Falcons,Edinburgh,WhoDat,STLCards,Pitchero,shoes,positivity,beach,SSU,Philly,LEO,RiseUp,exophase,Tibet,RLCS8,superfan,rolltide,Golf,yeg,FL1,JustWinBaby,SKOL,balls,TEKKEN7,Fifa20,skol,Warcraft,rose,World,Nationals,forest,WhoDatNation,InBrotherhood,800cc,walk,SundayMorningAnalog,travelblog,riseup,Winning,TWT2019,RedskinsThinkPink,RedskinsGiveBack,Habs,hits,classic,boots,WWF,T1WIN,StingersUp,ShahpurJaatAutumnFestival,Need,Mets,ItsTime,Game,DraftKings,12s,weareone,studio,WhiteOut,LARvsATL,DaBears,هتغور_ياسيسي,videogame
Likee,HelloLikee,ONGSEONGWU,FinDom,Xinniethepooh,XpressoTours,taeten,MEK,Books,Maris,travelling,care2,ElijahCummings,BookReview,NewMexico,Black,expressionism,dc,alternative,Magic,BlackHistoryMonth,rule34,carousell,foundcats,Shoutout,SSDiski,Reparations,BlackLivesMatter,tshirts,UlsterClub,Namaste,AhoraSuena,branding,SmallBiz,RenewableEnergy,BluestarZone,BlackCommunity,AutoFollowBack,cirrusstreaming,bara,airjordan,TodoMenosMiedo,Model,CFRP
extension,Business,ANES19,LeeJaeWook,edchat,GPFigure,aafaque_ehsens_ideamines_sites,smallbiz,management,medical,Sedition,Mane,FigureSkating,TheFlash,ForAGreaterLagos,BoundForGlory,Design,uav,session,CustomerExperience,tcrwp,sport,podcasting,PHP,OpenSource,MTGArena,CX,skills
Sales,Florida,Haryana,Remain,Vancouver,impeachment,Conservative,Boris,NDP,BarışArduç,PPC2019,AmericaFirst,polls,ScheerHypocrisy,Maharashtra,DUUUVAL,VoteBlue2020,winner,Liberals,Labour,b3d,Congress,Republicans,Digital,Women,British,AskAjaz,young,piss,Liberal,JagmeetSingh,Ghana,vote,energy,TCCandler,YTOP20,VoteBlueNoMatterWho,climateaction,PeoplesPartyofCanada,OttawaCentre,DefundCBC,ImpeachmentInquiry,Impeach,BlackfaceTrudeau,corruption,SouthCarolina,Gove,2020Election,peoplesvote,canpoli,TrudeauIsDone,LeslieGrace,Government,Election2020,ENEL,scotland,Nigerian,Baltimore,sfn19,brain,Republican,LibCons,tight,positive,indyref2,fraud,election,Tory,Swallow,SCHEER4THEWIN,PTSD,PPCmajority,Mitt,Louisiana,Bercow,BLIND_FOR_LOVE,voteforvivasayi,unlimited,remain,VoteGate,Senate,Establishment,ChrisEvans
BANGCHAN,Kurdish,new,Gameday,Pompeo,CFC,EuropeanOpen,Yesung,homesweethome,viral,Monster,healthy,Conservatives,เพิร์ธหล่อบอกต่อ,wariajakarta,HurricanePerth,weightloss,shemalejakarta,winter,stay,emoji,Remainers,Intolerance,CatBoxSunday,monstercock,beautifulhome,babe,Scottish,Goals,BeHappy,supercorp,SidNaaz,PositiveVibes,WhoDey,JiminKeepSmiling
sakumail,jewelry,LauraLoomer,impeach,digital,Virginia,ParliamentVsThePeople,PRSAICON,running,HarvardHealth,outdoor,GeneralElection,SaveBalochMissingPersons,EstadoEmergencia,BreathoftheWild,passion,themagnusarchives,TwitterBarbecueParty,SaveRashidHussain,spiderman,camera,LitterRobot,CompetitionTime,HappyHalloween,GirlTalkZA,gas,fur,parking,pain,chronicpain,GunGiveaway,Cummings,CrybabyTrump
trump,thick,friends,humor,golf,fishing,dimileth,Dogs,HongKongpolice,BlueLions,NotMyPresident,Life,ALCS2019,teacher,friendship,KivancTatlitug,phdchat,dinner,Pagalpanti,NationalDayOnWriting,handcrafted,glass,RajiniMurugan,sundaytoday,TrumpPoll,wales
sketch,Travel,astros,terminatordarkfate,writers,history,world,KOESCP,sports,Sweden,mystery,防弾少年団,portrait,Startup,lunch,Dragon,transgender,SebastianStan,Honda,wisdom,charity,heryerdesen,wild,AllahHuAkbar,wide,seaglass,jocktober,explore,TeamUSA,TRTWorldForum,Indians,gold,euphoria,EnglishOpen,watches

Kerala,VOTE,data,Hits,biggbosstelugu3,Vote,Alberta,RINOs,LeningradLindsey,exercise,chooseforward,bbcnews,NiallHoran,KPOPGroupOftheYear,EnglandRL,skynews,Michigan,drone,THALA,AravalliBachao,Poll,bedbugDoral,VoteCPC,Canadian,Unlock,Order,Kentucky,channel4news,मोहर_विकासाची,kalwamumbra,itvnews,Lead,Election2019,Deal,albertaseparation,Fall,visrunaka,Leave,EdmontonStrathcona,sponsored,Support,Hollyoaks,sportsbetting
environment,Vintage,vintage,EtsySocial,Watercolor,Gold,Etsy,Fashion,Earrings,SPNBur,americanart,Soul,FairyTail,fifa20,etsyfinds,TMTinsta,Jewelry,paperart,vogueteam
ThinkBIGSundayWithMarsha,NammaVeettuPillai,CatsOfTwitter,Beirut,ncat,birdsareamazing,ThePresidentIsACrybaby,SeungYoon,LiangYouNian,KangSeungYoon,eBay,Resist,GetWellSoonMina,AsexualAwarenessWeek,에이스,晚安,เป๊กผลิตโชค,emergencylaw,boruto,YOUNGK,MaharashtraAssemblyPolls,اچھے_الفاظ,Taeyeon,MSNBC,BigilDiwaliIn5Days,김종현,sheith,demonslayer,bkdk,朴灿烈,SaveShadowhunters,QuidProQuo,NBA2K20,หมาป่าเบญจมินทร์,WonderBoyAlbum,WhiteTimeZone,VeritasArmy,JinUpdate,JEONGYEON,GSBxMeaninNakornsri,VoteForVivasayi,TWICEMakesMeFeelSpecial,MashujaaDay,ManchesterUnited,InternationalSlothDay,IT,GetBrexitDone,COMPETITION,2A,NASCARPlayoffs,GDRAGON,BNHA,tgcf,WalkOffACliff,Top100DJs,민호,モモ,xxx,WorldSeriesBound,MAGA2020,DAFedCo,cuckold,Affinitweet,PeckPalitchoke,JMG,FLAϟH,ASAPNatinTo,LSU,Healthcare,4NologueArtist,แบมแบม,seo,GOT7inFrance,DICKDAYSATURDAY,호시,shemale,SelectiveStyles,EnowaytionPlus,masturbation,SpiderManFarFromHome,JavaScript,Jaguars,HeadiesAwards2019,Gelato,AnuragBasu,1020hk,원잇,zhangyixing,timmyxu,WelcomeTAEYEONtoThailand,SDF,MegaBBSingam2onSunTV,MaleficentMistressOfEvil,ExtraodinaryYou,layzhang,kiribaku,gaysex,Singam2onSuntv,JohnWick,COAS,BedBugSummit,GoodOmensFanArt,Culiacan,trakt,idolssa,Bareback,imgforลั่น,SB19,FortniteChapter2,DemCast,CbusMarathon,fun,antitotalitarianism,Vagabond,Jallikattu,하성운,絢瀬絵里誕生祭2019,WarrenKinsella,VikingQuest,UkraineScandal,PerthTanapon,OngSeongWu,ChrisWallace,BTC,샤이니,สมุนจ้าวป่า,halloween2019,PodraVediya,LUCAS,CPC,연준,성화,ggmu,WonderBoy,Merike,MeanPhiravich,Kangdaniel,AlinaBoz,진환,weareoneEXO,jjba,adoptme,ReignConcert19,Rayappan,MeetThePress,BoyWithLuv,BotFarms,promare,VisruNaka,OnceHalloween2,Goddess,Dhanush,DallasTrumpRally,ChaEunwoo,BrexitVote,원더나인,ウォノ,pokemon,YCeeVsZAHEER,SEX,ClimateCrisis,CSGOGiveaway,キヒョン,ウヌ,kerala,RugbyWorldCup,PPP,P13,Gay,FE風花雪月,CFCW,AngelinaJolie,1THE9,การศึกษาฆ่าฉัน,wizkid,adoptmetrading,VetrimaganKavin,MaharashtraElections2019,LOVELOOP,JustOne10Minute,JJProject,HerYerdeSen,HANBIN,CNS_to_90M,drawtober2019,auspol,UBAAt70,TheBoyz,SayShh,CROSS_TOUR,CC2,수아,ปมนยอง,คังแดเนียล,crystals,Outlander,NFlying,MINO,LoveAmerica,JAPvRSA,CyberSecurity,CROSSTOUR_IN_SEOUL,유주,金碩珍,ジン,ジナン,minerals,Wuyifan,VirtualPhotography,SSMB,MINGI,HASUNGWOON,EPlusSquad,BookBoost,Adoptmetrades,linux,cuck,ableg,TheGift,TN,SOSO,NerveDJs,KangDanielColorOnMeinMNL,Biggest,infosec,hudl,Whistleblower,ProphetMohammad,Oppai,MariSelvaraj,KasautiiZindagiiKay,DOYOUNG,YechotaNuvvunna,WRixVictory,SUA,JonCooper,BiggBoss3,BethFrates,黄旭熙,プロメア,พวกของเจื๋อ,womensart,WWG1WGAWORLDWIDE,TRUMP2020,Sing_for_U,ONF,Hotwife,Dog,AlSev,AalaporaanThamizhan,ALDENxTheGiftRecapWeek5,소원,곽아론,Watchmen,VictoryIsKnocking,RockstarGames,NZLvIRE,MinimumWage,Milf,MerIkeBrokeTheInternet,Joy,DeepLearning,BestMaleArtiste,BORUTO,3rdMINIALBUM,phanart,github,elephant,contentmarketing,bator,Yuju,YPG,VGPUnite,Kavinarmy,IARTG,GayPorn,FridaysForFuture,AldenRichards,송민호,루카스,selectivestyles,elx43,ebooks,catboxsunday,blogger,UBAPrepaidCards,TFCLive,SampRoma,SOWON,REN,Lautaro,GTAOnline,BenedictCumberbatch,6PM,전도염,김진환,ヨチン,ヨジャチング,ソウォン,quoteoftheday,ejaculate,TributeKavin,TSGS04,SylvixWeek2019,Perthppe,Hezbollah,DoralG7,BookTour,BombayTheatre,박찬열,香港人反抗,starmagichalloween2019,csgogiveaway,blackmagic,Mindfulness,MEMPHIS,JEONDOYUM,AlecBaldwin,온앤오프,김보라,香港デモ,edging,WONWOO,SuperSoulSunday,ShrenuParikh,PsychoSaiyaan,MentalHealth,3DaysToRebelstarBDay,최민기,비투비,민기,러블리즈,김동현,スア,sugarbaby,digitalmarketing,curves,chubby,WJSN,Vuslat,PennState,Lovelyz,LiverpoolFC,HaryanaAssemblyPolls,EXO_SC,BipinRawat,BackTo60,박성화,권지용,landscape,ffxiv,felix,cdnelxn2019,bambam1a,SaveAareyForest,Roblox,Pompey,PKK,Norway,Keremcem,JoyTrain,HAECHAN,Cuba,10YearsofDanAndPhil,우주소녀,그랜드민트페스티벌,絢瀬絵里,outdoors,nowthatsbully,newnatsjobs,itfc,dremstuff,bate,americanbully,abstract,ZSHQ,RDR2,HD114,Fiverr,Cum,AzFer,AndrewScheer,ASMSG,쟈니,굿밤,골든차일드,raw,punk,prosperity,porno,pinup,iartg,Nuest,NVP,LuckyAtLucas,Key20周年イラコン,GIRLSGENERATION,Fortnite2,BRAVE,BDSM,ARON,20191021_6PM,워너원,xrp,webdesign,vendors,superjunior,inkedgirls,gardening,coding,adoptmetrade,WhataLife,ThankYouBTS,SouthAfrica,KadirDoğulu,HOF,ETH,99cents,프로미스나인,wordpress,wank,naturephotography,halloweencostume,earthquake,dremtgi,canada,TORvDC,SuperBowlChamp,RedDeadRedemption2,PMCHDIL,NextDoorStudios,LosliyaArmy,HShof,HOSHI,Forever_Now,CoachReed,CFHOH,BARMYsLoveBTS,이진우,threesome,seventeenfanart,marisracal,jazz,fromis_9,Rohingya,OMG,MenToo,KillerMerch,Kavinism,KasautiiZindgiiKay,GAMEDAY,Cybersecurity,CaptionThis,Bengaluru,AHGASE,10yearsofdanandphil,voltron,vaccine,seotool,producer,photoshop,jarasumjazzfestival,gaycum,fapping,YUTA,USDT,Tigers,Thalapthy,RBI,ONEW,NARUTO,MarkBam,MNL48,MINHYUN,JohnnyMackGirls,HelenZille,Headies19,GoldenChild,Finance,Ferrari,DevrimÖzkan,BACKBLACK,Argentina,AngelBeats,황현진,케이,仲村ゆり,ジョジョの奇妙な冒険,erotica,borutospoilers,blogging,TheyWillSeeRed,TEENTEEN,TAEYEON,SPNFamily,Restore_Dalitsamajindia,Poetry,OneMN,NamjinWeek18,NJDay7,Minneapolis,JoinThePeople,Iranian,Denver,ClimateStrike,Ass,Alpha,종현,이승협,ushisato,imadoshka,durtyporno,dongpyo,RubiesNightOut,RubiesBank,PrincessSarah,MadeOnFiverr,Liar,LestWeForgetIndia,Kei,IndianBraves,ElChapo,Clerical,BusinessMgmt,BankFree,BTSJin,Anushka,보정,동현,özgükaya,vijaysbigil,suspense,robot,integrity,inclusion,hardon,gamers,construction,bookingsopen,boner,bigilatvaradharaja,bestseller,abpoli,Yeosang,VAN,TheChusBeWed,SuperM_LUCAS,STARMAGICHALLOWEEN,SPOOKTACULARKATHNIEL,Renekton,ROWOON,QOTD,Mahul,KOYA,Homeless,FF14,DOPNirav,Construction,ChuluWedsNande,Bookingsopenforbigil,BLACKMAGIC2019,AllAboardTheChuChu,Adoptmetrade,김지연,곽영민,zenitsu,workplace,pubg,jojo_anime,histfic,chickens,bakudeku,THEMADSQUAD,StandardChartered,StandRed,SelDem,SHOOKY,Resisters,RedDeadOnline,MINHO,MANG,KarJon,Jamaica,IIRDKL,Gaza,COOKY,CHIMMY,ATBBSingam2onSunTV,아론곽,septicart,poems,newrelease,musician,midnightsunexhibition,miami,junmyeon,igot7,ian1,hongjoong,hanbin,fursuit,findyourthing,competitions,asmsg,arts,adoptmegiveaways,Varun,SunTV,Seonghwa,SORTEO,SMU,Remainer,Raqqa,QuidProQuoTrumpsGottaGo,PodernFamily,Paranormal,Ottawa,Oct23,OKAY,NonFiction,NeverNormalxTanwanV,Nashville,NDSOnTheSet,MTBB,LTC,Kickstarter,Gradient,Golden_Child,GPSC,FurkanAndıç,DemocratsAreCorrupt,CryPrettyTour360,Comics,BraveBlossoms,Bradford,Banking,10月21日は絢瀬絵里の誕生日,임현식,우하메,온유,ラブライブ,yaoi,ubuntu,siwon,satisfied,pnr,php,pahpahpahpah,keith,inspirational,goodday,ghost,gangbang,edgehim,dicks,demons,customerexperience,bcpoli,YG,The_Book_Of_Us,TheReignConcert,Snapmatic,SinoLasing,PuyatLang,MakkalThalapathy,LetsFly,Kim_Ji_Yeon,JONGHYUN,InfoSec,HindiAko,Enterprise,DL,Cardiff,Boo,Apollo,Akyesaaaaaaaaaaa,AestheticMotion,ARTEsnapmatic,ALDENRichards,최시원,원스,여상,시원,다니엘,アストロ,みんなのラブライ部,psychology,pleasehelpme,onew,indieauthors,flower,cumshots,Xiaomi,WSCAtlanta,WALvsFRA,Unakaga,ThoughtProvoking,TMGT,Sultians,Pennsylvania,Nangarhar,Manbij,MNUFC,Law,KEY,IAN1,Got7,GOT7_LOVELOOP,FutureBride,ExplOrationinOsaka,Eritrea,Donghae,Contemporary,Casual,Bara,Badgers,Automation,AsuranBlockbuster,Apink,ASRoma,현릭스,유타,영호,승협,선우,도영,ホシ,youtuber,vld,venom,typography,thanksgiving,siwonchoi,renewableenergy,realism,publishers,moonbyul,js,ikonfanart,getoutside,gaycock,ferdibert,disneyland,developer,contemporaryart,communication,classics,catra,capcom,baking,amen,Yugyoem,Wellness,WHY,Unofficial,Tyre,Treatment,TheCapturedCollective,Suspense,StonedFlowers,StalinLike,SVR,Raw,RRBC,Promotion,MulvaneyMustResign,Memes,Latina,JoJosBizarreAdventure,Heize,HAPPYLEODAY,Diabetes,DONGHAE,CyberWarfare,CostaRica,CMTAOTY,BaeSuzy,AssemblyElections2019,AshTan,AVNAwards,장준,유회승,우지,宇宙少女,stroke,stacked,spub,sope,rogue,publicnude,key,hyunlix,florida,entrepreneurship,cumcontrol,colts,cheeky,chasebrody,bomb,Visual_Moods,Udemy,TheGiftTulay,THE_BOOK_OF_US,Sunwoo,ShraddhaDas,Sale,Russiagate,Roma,Qatar,ONOFF,Myanmar,Melbourne,Louisville,Lahore,KaithiIn5Days,KaithiFromOct25th,KAVIN,KARMA,JOHNNYBEAR,Gaslighting,GamerGram,Flashing,FarCry5,FATF,Economic,E_TION,ENOUGH,DNA,Cork,Core,Cinderella,CIO,CHASE,Brexiteers,Brantley,AnimalAbuse,Abhijit,이장준,동해,곽영웅,강여상,ソラ,オモ写,ウォヌ,swingers,shiro,savings,reggae,preorder,pitbulls,packers
prank,logo,Hope,entertainment,twins,Lakers,Fire
tweet,home,ScheerMajority,LadyGaga,TheSocialistAlliance,TIDALxRockTheVote,NetizenDriveKE,MonbebeWait,ShareGfms,HelpEach1,KUWTK,GigGame,HighRoad,Abolish_IBA,TouchlineFracas,CamGirl,minimalism



iphone,park


RemainerNow,FantasyFootballAdvice,AllWomanSpacewalk,SyeRaa,MISSING,LouDre,squirt,Virgos,BrexitDeal,BaahubaliInLondon,amateur,Yixing,IIFAAwards,DeviCineplex,BoxOffice,WeLoveSuperM,TRON,ONEUS,웬디,周子瑜,amreading,TWD,Lokrakshakbharti1819,KhaidiPreReleaseEvent,ADA,방탄소년단정국,joshua,findomme,CHAEUNWOO,BlacklistEP2,Bama,1FIRST,kamleshTiwari,UniformCivilCode,RepealBritishLaws,Exclusive,AntiSuperstitionLaw,AntiConversionLaw,ヨンジェ,nfl,masturbate,NamneungBNK48,AbdulRazack,onepiece,jhope,WeIndiansAreBrothers,KSA,FreeNawazConference,FGO,AVFC,ImpeachTheMFTraitor,Hitman,펜타곤,twink,jikook,illusion,OneFamily,MOONBYUL,KissesDelavin,KimWooJin,EXCLUSIVE,onepieceanime,SEO,JungSooYeon,ThisGunForHire,OnePieceAnime,hiphop,csgo,boxoffice,FridayFeeling,DonaldTrump,CricketMeriJaan,BuyMakeItRight,5DemandsNot1Less,ArtistOnTwitter,harshadchopda,PeopleVoteMarch,OutNow,미야와키사쿠라,宮脇咲良,Korea_Pride_BTS,정한,counterstrike,EPICSehwagFan,ALCSGame6,5G,LiberateHongKong,ILOVEUNITED,roblox,rain,myart,WeCanDoBetter,VoteRINOSOut,Velvet,LtGenRanbirSingh,ArmyCdrNC,jointhepeople,jackiejackrin,euro2020,coupon,LoiNie,HUENINGKAI,INDvsSA,GoldenDeer,DigitalMarketing,standwithhongkong,entrepreneur,SuperM_Jopping,MVTrans,Lucknow,sundayvibes,Python,BorisJohnson,uncut,Zombieland,XFactorCelebrity,WeIndiansAreUnited,Prithviraj,PokemonSwordShield,OnePiece20,NOISundays,BiggBossTamil,TXTfanart,RecehinTwitter,DnD,JEONGHAN,GirlsGeneration,Bigildistribution,휴닝카이,鄭秀妍,thisweek,jeongin,Rockets,Anal,정인,아이엔,사쿠라,kyungsoo,WeAreTexans,潔西卡,ジェシカ,cafc,Superstar,PRODUCE101JAPAN,MVRP,Karachi,ICO,FightOn,モンスタエックス,مانٌشستر_يٌونايتد_ليفٌربٌول,karaoke,itaAwards,bookreview,UWMAseries,Realitykings,Nexa,IndvSA,GoBucks,년북,SwastikbyRohini,StopBrexitMarch,RemybyRohini,Linux,CreateInspire,vinyl,sm20,schwitzkasten,Finland,AtatianaJefferson,listing,bush,Zelda,YH_NEXT,SyeRaaNarashimhaReddy,SuperSaturday,NEX7,HotWife,Billsmafia,Bigilin5Days,Bangalore,ArtofLegends,소녀시대,youngjae,Tollywood,Steelers,KaviLiya,BrexitDebate,Bergdahl,さくらたん,yesjjackie,tzuyu,ThalapathyNayanDiwali,Rangasthalam,Podcast,FeelTheBern,BesokSenin,Bepannaah,Bala,저우쯔위,여자아이들,bokep,YJ,XFactor,VICTIMS,TWDFamily,Smartphone,ShedSharingSunday,PVAC,OnceUponATimeInHollywood,HongKongRiotPolice,Baahubali2,tease,di9,League10,Jopping,twentyonepilots,tenlee_1001,leagueoflegends,finance,authors,Senna,QueenOfSpades,LewdRP,GreyBeardBikerApproved,DoctorStrange,BigCock,대휘,paranormal,latex,Sitara,MrRtTop10Club,MrRtClub,LOUISIANA,Announcement,AbellaDanger,thylacine,rgbvettri,exo,curiouscat,YUQI,UPPRPB,Time_Slip,TigerShroff,Bangladesh,letwinamendment,homestuck,babygirl,PUBG,Lewd,KaithiFromOct25,Innovation,GaySex,DarkSouls,BLACKLISTTHESERIES,9by9TH,위키미키,에스쿱스,jobdone,hualian,USC,TomHiddleston,RangammaMangamma,RAVN,PrabhasInLondon,OurRevolution,Mining,MegaBBSingam2OnSunTV,KavLiya,GaySuck,GayFuck,GayCum,GayCock,GainWithManesi,Cuck,Biafra,BeckyG,판윙,ngaceng,kontol,kaira,imgfarang,amazon_product_listing,ZombielandDoubleTap,WynonnaEarp,WeAreTheFuture,Watusi,SlutWife,Singapore,SabadosSensuales,KnowMuhammad,KimJongdae,Jets,Hypocrite,GUILTYGEAR,FirstTime,FateGO,ELECTION,絢瀬絵里生誕祭,துரைசிங்கம்,mixer,kuli,crot,amazon_listing,SMM,SJ_Super_Clap,Ryeowook,RanbirKapoor,Ramcharan,Qos,OpenRP,Nats,NASCAR,MegastarChiranjeevi,Kyungsoo,FantasticBeasts,DAEHWI,Cumshot,Crap90sFootball,Caryl,𝑱𝑶𝑶𝑯𝑶𝑵𝑬𝒀,창빈,이주헌,우기,두개의달,اعدام_محمد_راجح,asexualawarenessweek,WekiMeki,Tunisia,SonictheHedgehog,SJTimeSlipStreamParty,Iskos,IFAD2019,FalkenTire,Ceded,Calgary,Arachtober,雨琦,theLostSongs,parenting,etsyshop,WeekendVibes,THC,SoInLoveWith,RevolutionOfOurTimes,PrimeMinister,Illinois,IllegalAlien,GvComplex,GAABelong,Falken,DominantSecretary,Askthe8ball,vape,tylerjoseph,toes,squirting,jackielaxy,banking,askfft,amazon_product,Walls,VoteTheDealDown,USMCA,TheSwamp,ScamAlert,RohitShetty,RoadToNADINEs26th,Mission4k,McCoco,LiamPayne,LeeDaeHwi,Inox,ImpeachNow,GPC,한국의자랑방탄소년,영조,레이븐,김영조,アニスタ,walletdrain,shera,qamishli,mixerstreamer,kimtaehyung,horses,gayfetish,freehongkong,bdsmporn,asexual,UltimateRoadTrip,TheTasteMasterSA,StartWithAStella,SmileTwi,Singapengal,ParkShinHye,JustinBieber,JKF2atOne,Hyunsik,GoAstros,GetBrexitGone,FeelSpecial_Tzuyu,Catra,ActOnClimate,wsj,trench,today_NCT,smallstreamer,nodejs,manifans,galwayfootball,darwinaward,askffl,abstractart,VivianDsena,TsuenWan,Traitor,TeamDollNature,Tales,Sujim,SpirtualSunday,Serve,R6PL,LonelyNight,LOVE_YOURSELF,JohnnyDepp,GigEm,GeminiMan,FreeMoney,FDFS,DApps,ComunidadHentai,BeautynBride2019,지민생일ㅊㅋ,김도연,รักฉุดใจนายฉุกเฉินEP14,writingtips,warriorcats,streamer,progressives,mityporn,justsaying,iherb,headies,blackmagic2019,asexuality,arte,TMLILY,SEM,PiperOfRemix,NowPlayingOnStarFM,Inktoberday20,Huawei,HitsLive,Herapheri3,FandemicHouston,ChasingMore,CDF,BrownIwerson,Autonomous,AmeGains,Advertising,3D,창균,지민생일축하답글넣어주세요,川尻蓮,บอทเหงา,ÁlbumOfTheTime,wcdfw,socks,sligosfc,pencil,followingspree,cleanup,adidas,WeCantAffordTrudeau,Warriors,VERIVERY,TeamLink,SuperMtheFuture,Singam2onSunTV,SidemenSunday,Shilpians,SheraandthePrincessesofPower,SaveRojava,SUPERSUNDAYAFTERNOONSHOW,RowdyRathore,MusicaDoAno,MLPFiM,JIO,HrithikvsTiger,Hardcore,HalloweenTerror,HKProtestArt,GoPokes,Galway,FreeRealityWinner,Flames1stGoal,DarylDixon,DNinang,ChristmasIsHere,Cardinals,ArtistaOfTheTime,AOA,AMRUT,윤정한,베리베리,민니,강민,yumark,web,volunteers,spoilme,sovreignity,slutty,shadowthehedgehog,royalehigh,milfieclub,kasibikinda,jackoff,dimiclaude,WuTangOnHulu,VegasBorn,TrojanHorse,TiffanyYoung,TeamTiger,SyeraaNarasimhaReddy,Sonic06,ShilpaFam,SheRa,NowPlayingOnTheQ,NULOΛEstagram,MissionBeyond,LouisTomlinson,Jk,JesusIsKing,JackBam,IronMan,IdolsNolo,INDIAsMostTweetedVALIMAI,HeraPheri3,Heels,ForJIN_WITHLOVE,Flipkart,DeathInParadise,Data_entry,DAY6GRAVITYinMNL,Corofin,ContentMarketing,Bristol,BigilFestivalAtRajendra,Beatles,BeTheRoar,BREXITEERS,BOF2019,AshleyDelMundo,7AñosDelGolpeDeTimon,타오,서현,黄子韬,ドット絵,タオ,zara,milking,jihadists,it,iscore,gymbro,fightforfreedom,cycling,assclub,artoflegends,allthehottmilfs,ZTAO,Yoga,WhiteorBlack,UTV,TRUTH,Survivor,SmallBusiness,SelenaGomez,RobloxDev,RetweeetPlease,PlantsSeeds,PTM,OneUPV,NewSeasonsSweeps,LegendofZelda,Kashmiris,Hentaicommunity,HWOT,GT63S,Flirt4Free,ECW,DoNothingDemocrats,Darling,B2B,AshDeep,ARS,AMG,햅삐짐토버,짐랑둥이매력있나,도연,田柾國,ฟิคเนียลอง,spop,sadhav,palette,node,nobra,meuspremiosnick2019,markgyeom,izone,hydra,gopackgo,goingseventeen,gamer,alterpinay,Zombieland2,X1_FLAϟH,Wolfdrive,VaaniKapoor,UI,TrumpWarCriminal,TheWinterSoldier,TheHurricane,Tachaxheadies,SPEARB,RebelStar,QuidProJoe,PtitTrain,Poldark,MPN2019,LibDems,Job,IlorinTwitterHangout,HWANWOONG,Greens,GenocideOfKurds,GOT7_FOR_AGASE,FreeSowore,Fractured,EXplOrationInJakarta,DemocracyForHK,ClassiQDjFAZE,CarolPeletier,Cambodia,CHANGBIN,BuiltDifferent,BrawlHalloween,BehindTheScenes,Baseball,B2,Alaska,2k19,티파니,슈화,서주현,เนียลองฟิค,บอทใหม่,บอทหาเพื่อน,จอยแจยง,weddings,veterans,twinjy,trapmusic,sportsengine,singam2,signature,saintsfc,productivity,produce101JPfanart,precum,originalart,musicproducer
MSM,bigboobs,GirlsInSongs,JimInNews,SEONGHWA,JackieJackrin,BiggBossTamil3Kondatam,ByeByeFadnavis,klance,wizkidreturntotheo2,BlackMagic,미나연,StrangerThings,BB3Kondattam,김채원,SuperStarMahesh,Pokiri,wizkidreturntothe02,WASvLIR,salestips,Talent,RiseAndShine,domme,SurbhiChandna,PokemonGo,COYW,채원,キム・チェウォン,wonhui,College,Canucks,Binance,WordPress,人渣反派自救系统,PARKJINWOO,JINJIN,WearePakistan,NWSLPlayoffs,CRAZYSEXYCOOL,BestFiends,pullaingo,TeamBose,BoseHeadphones,디노,happytime,tattoos,pickupthephotos,pakistan,fansignsession,NWSLChampionship,2nd,ScumVillainsSelfSavingSystem,linkinbio,RWBY,Handmade,RedWave2020,BREXIT,정세운,이찬,clips4sale,Genocide,DipikaKakar,sustainable,acrylic,Writing,essay,decor,assignment,UnitedKingdom,RunAwayWithTXT,PrettyDickGang,LFCLiveService,eCommerce,StandUnited,BBK7,จองเซอุน,neon,WaspsRugby,KahaanHumKaahanTum,JEONGSEWOON,IamHinduandIamScared,GoHabsGo,ALLCAPS,บอทหาทุกอย่าง,กลจของตต,kavinarmy14,WOL,TDCS,Southampton,ParasChabbra,NakuulMehta,NYR,MontaukBranch,KHKT,FOOTWORSHİP,Destiny,CORRUPTION,AutonomousVehicles,AnointingSunday,thesis,tattooed

YouTube,interracial,IdolsSneziey,NFLYING,엔플라잉,jaehyun,girls,community,black,SuJu,SaveKurds,Egypt,KnewkeedGiveaway,Unbranded,Housefull4Trailer,catlovers,diet,PC,horse,blackcat,YouTubeBlack,SquareOneMJ,pregnant,malefootfetish,bookstagram,Sukkot,teambigblackdick,ParisAgreement,MCBD,HocusPocus
jimin,NoGoZones,JiminRememberMyanmar,jin,JiminWeLoveYou,LoveYourself,vhope,btsmemes,antique,ThankYouJimin,App




ValimaiFanMadePoster,BeAdvised,Legosi,like,RockChalk,eunhae,日本語,GOCRYPTO,belamionline,kingdomhearts,tiorradio1,EthereumClassic,SK17,SK14,realznGallery,WeAreLebanon,Uzbekistan,SevenWorldsOnePlanet,SK18,Cosmetology,องมิน,kh3,SmashBros,OPPOReno2,ONLINECASINO,lisoo,kairi,TeamUnidoS,MMC,Lefities,HoldUp,CriminalInChief,1GAD,tuffseed,madmen


MPTETresultANDjoining





MercyIsBlessed,YehRishteyHainPyaarKe,ShaheerSheikh,MishBir,RheaSharma,최찬희,merike,Unity
Overwatch

sharing,Durham,Exo,facebook,Deep,Rohit
RAW,XuWeizhou1020HappyBirthday,DEAR_SC_ILOVEU,fireforce,许魏洲,birthday,TomPetty,StarTrek,HappybirthdaySehwag,TimmyXu,TARAHitsMamuSARAHDAY,IAmNotTheMeekAndObedientType,happychuuday,전웅,happyTWICEday,BelaLugosi,The100,HappyHeejinDay,Philippines,HappyBirthdayJimin,SIFAS,ギヴン,TwoYearsOfFlicker,KiaNo,JoYuri,birthdaygirl,PawsUp,LovelyJiminDay,lovelive,bungostraydogs,bungosd,LGM,HappyJiminDay,HappyHeeJinDay,playtime,nationalperiodday,mha


TEN,BI,CHAN,RYUJIN,DK,PerAsperaAdAstra,류진,WOW,SEUNGSIK,CHANWOO,찬우,정찬우,hugsforbangchan,찬우살이,チャヌ,ちゃぬ,iKONIC,JAY,김병관,DoYou_MVRelease,와우
Google,daddy,fag,tranny,whore,slutwife,kik,EFDP,hotgirl,dmme,sext,cam,deepthroat,amateurporn,sexyteen,BBR,brazzers
BDC,김시훈,BOYSDACAPO,AdoptDontShop,URGENT,ALBUM,ootd,RESCUE,NaNoWriMo,OdeToYouInJKT,BAMBAM,HELP,FOSTER,ZimbabweElephants,selling,KAMPSingapore2019,Greyhound,ChineseZoos,poster,PLEDGE,기로애락네칼라티브이
LYFE2019,Messi,EminemInRiyadh,ESPN,GOAT,Ocean,SDLive
kirby,humiliation,mark,Class,clip,LUFC,Mistress,kindness,thankyou,MOT,Kindness,Britain,MahatmaGandhi,interview,UEL,Prince,nct,SyeRaaNarsimhaReddy,SlothDay,DoctorSleepMovie


HumanRights,SuicideIsNeverAnOption,DenmarkOpen2019,Pewdiepie,stop,SCOUPS,LoanMela,Windows10,Chinazi,OHC2019,AABB19,optout,GeneralElectionNow,snowbunny,GoUtes,TheSkyIsPink,MLS3Spoilers,Juri,Tukdetukde,southafrica,PR,DRIPDEMEANOR,minayeon,jenlisa,TellTheTruth,KartarpurCorridor,vminkook
girl,bigblackcock,Maga,이은상,gfe,UCAHC2K19,loonafanart,coli,RaypowerNigeria,livejasmin,손동표,WeLoveYouJulia,HackingSchoolDiscipline,LUKANETTE,sorrynotsorry,Yiff,x1fanart,pov,MLP,Pets4Brexit,MiraculousLadybug,MariettaGA,JackGyeom,Ashisingh,LittleMix,DragaliaLost,hk,TejasswiPrakash,QueenofSpades,standwithhk,cuckquean,cuckcake,RapLoungeWithEN


RequestABet,JAV,homesforsale,휘인,cumdump,Trump2020LandslideVictory,BOBBY,Endomondo,13YrsOfBBVaralaru,endorphins,POISON,ViceGandaDeMarquezAraneta,VAV,MightAsWell,DYK,WangYiBo,바비,realtalk,BORUTOCH39,xiaozhan,bbbh,WeLoveYouDiane,Milestone,브이에이브이,FinoAllaFine,왕이보,JuveBologna,Crowley,VAV_COMEBACK,민규,Filmfare,포이즌,NWSL,InterJuve,FBR,kag,비아이,Wisdom,ImpeachTheMF,wellness,newhome,elephants,ThursdayThoughts,다미,ปรมาจารย์ลัทธิมาร,MKOT,DANCE,DA,杨洋,rawislaw,hrithikroshan,YangYang,SetTheExample,PicOfTheDay,MyMotivation,MommyMode,LimitlessLady,LikeALady,Dhoni,cumpig,WarpsiwaHUB,MyWhy,FendiMan,한빈,blacked,bb,THFC,Phuket,DifferentGame,DawnOfUs,ミンギュ,RECOMMENDED4BO,야호,楊洋,カードキャプターさくら,thebindingofisaac,isaactober,doggo,YAHO,Tweet4Taiji,Mingyu,MSDhoni,LiveAhead,Cornwall,CardcaptorSakura,CCS,An_Ode,디에잇,도겸,wallpaper,tcot,dermpath,cashapp,TrollMaterialBigil,1u,retirement,bridal,TickTock,Sikhs,Pirro,NBAKicks,LOST,GOOD_BAM,ComputerVision,BigilBORampageIn6Days,BigilAudioLaunch,제이콥,夜好,poisoniscoming
Rashford,WeAreHongKongers,我地係香港人,Mufc,TheScoreKE,United,UnitedNations,SportLoMo,SkySports,Nancy,NUFC,GartnerSYM,BhimConcert19,pumpkinpatch,You,ResultBTTS,PaddyPPileup,LFCFamily,FreeSpeech,UtdIndonesia,UnityForUnited,UnitedTogether,Trumps,Salah,OldTrafford,twitterblades,nowspinning,SSFootball,President,LAGalaxy,utd,requestabet,raspberrypi,COYR,smh,mcfc




photo,Yoongi,Hannibal,worldwidehandsome,윤기,TopLessiPoddi,redhead,liar
13thHeadies,EverythingTacha,EXOLPromiseBaekhyun,LetsCruiseTitans,IMPACT,naturelovers,BarunSobti,sunshine,VersacehomeNG,dogsofinstagram,BBNaija19,WeAreWithIU,RobertPattinson,NextRated,BBNaijaPepperDem,landscapephotography,fire,given,addiction,Tacha
Texans,Cowboys,Bears,mobile,Arsenal,game,yoongi,liverpool,followme,rugby,IOI,yoonkook,christmas,Yoonmin,soccer,suga,HouseOfHighlights,Brooklyn,Jihyo,taegi,hoseok,Reply,COYI,wrestling,WWFC,Alienware,lisathepainful,roadtrip
women,Beautiful,Femdom,لبنان_ينتفص,lebanon,breastcancer,SundayBrunch,SexySunday,SecondReferendum,PakHinduRefugee,FiLiA2019,BreastCancerAwareness,YPJ,VijayDeverakonda,Gandhi150,busty,UnitedStates,RTI,GunViolencePrevention,Dominatrix,DevoleenaBhattacharjee,MyCountry,ErkenciKuş,AnchorDown,shopsmall,LifeLessons,wildlifephotography,degrade,chest2019,Beyhadh2,Backto60,scsu,lickandsuck,gegarvaganza2019,IdiotInChief,HOCR55,traveltips,Stockings,Photograph,Blacktwitter,taboo,labia,bigpussylips,autumnvibes,ISNPR2019
mindset,diabetes

varunsandesh,NoidaFilmCityExcavation,BiggBoss,AlpNavruz,DCStatehood,bigdata,อะไรอะไรก็ตี๋,THEBOYZ,BreastCancerAwarenessMonth,BCA,VoteRedToSaveAmerica,ALDUBxADNKindnessMatters,StackItUp,vetrimagankavin,support,modijipleaseintervene,ShutYourMouth,문현빈,CauveryCalling,2wish,TEMPTfminKOERA,OleOut,SiddhartShukla,Ethereum,WIP,LPC,KamenRiderZeroOne,spinel,IanForWestDerby,12gang,indyref2020,LivePD,G20,KOTLoyals,ImpeachTrumpPenceBarr,CommunistChina,RodneyReed,NHS,AsimSquad,kavinians,halfterm,ados,MWC19,MTAi,LetUsBeHeard,IAmTulsi,DemDebate,BDS,clubfactory,ThankYou,BedBugsSummit,5DemandsNotOneLess,पीड़ितखाकी,kavintimetoshine,OWWC19,Jihadists,Culiacán,Bearcats,righttoknow,renewables,gunnapatn,KavinTineToShine,FreedomHongKong,FBA,CNNExposed,BlackCatDay,sph,ola,hindumuslimbhaibhai,WeloveSuperM,RealityWinner,PeoplePower,IMF,ENDEGO,AliDeserveToStay,potus,UttarPradesh,TraitorInChief,Sreemukhi,PKD,NRA,Dino,AmmoforGN,플레이어,정용화,letsgo,krita,iThembaWalk2019,cammodel,WeLoveYouVithika,WCDublin,USMCAnow,UOTNightAtSohoTerrace,TeamBlackCat,StreamMakeItRight,ShahidVsPelosi,Kalaburagi,ElimiBirakma,Catalonian,Budapest,유선호


calm
Action,Jesus,Bible,Prayer,Christian,Nature,Catholic,church,King,DEATHSTRANDING,Family,YourBattles,speaklife,earth,Do,Culture,death,soul,Shalom,Christ,東方,mother,Transformers,SundaysAtICGC,SadhguruInNYC,MSG,Church,김종인,rubber,prayer,meat




Anghami,Teen,Samsung,pissing,Hongkongpolice,Afghan




KMJS,재툥,แจยง,3points,CROSS,TEAMWANG,MontyPython,Contest,पै_GAY_म्बर,goodomens,CherprangBNK48,CSGO,Kathniel,FoodPorn,chibi,goodomensfanart,BAP,artyoucanhear,ssakimetel,jacksonwang1stalbum,Azerbaijan,HandsOffUPV,HalaMadrid,우진,TEMPTfminKOREA,RoyaltourPakistan,OCT25,JAXvsCIN,पैगंबर_आतंकी_है,league10,HipHop,kinsellagate,VIXX,RMUCL,Billboard200,पैगंबर_बलात्कारी_है,SeizeTheDEY,old_work_re,Deals,77NoSutekiNaMachieTH,Scary,Bounty,StevenUniverseMovie,HQ,Darkrai,BHEX,Woojin,TATA,HamaraBSNL,Cryptocurrency,TheFairestSolution,AllitTakesIsAllofUs,lgbt,TakingItBackTo60,BRANDNEWMUSIC,rnb,kamlesh_tiwari,affiliatemarketing,StevenUniverseFuture,조슈아,金宇珍,宇珍,stud,sperma,sborra,gaypride,gayfacial,TOS,KIMWOOJIN,AHatInTime,ジョシュア,redheads,TanyaLouiseWall,MwaiKibakiTheGreat,MonopolyAtMcDonalds,JOSHUA,Brussels,BritNoirFilms,BradWallActor,홍지수,洪知秀,セブチ,पैगम्बर_मादरचोद_हे,tummy,splatoon
Queendom
원어스
Harry
USSD
kookmin,Gators,DeepState,80s,김남준,dota2,amjoy,StarLord,HongKongPoliceTerrorism,humanatm,YOONGI,sundaymorning,yiff,정호석,IG,Housefull4Express,필릭스,CLC,Analysis,meow,catsoftwitter,LEGO,paypigs,fit,씨엘씨,neko,80smusic,OnwardRoseCity,국민,호비,Crafting,BAONPDX,KM,JAEMIN,Fetish,AskMadhav,재민,sundaythoughts,Latex,Don3,hacking,90s,gloryhole,RealFestiveQuiz,Meow,cutecats,Plastic,EXOL,ArianaGrande,70s,1s,กิ้บอะเวโดหะซินโดรม,gayyiff,나재민,경_슈가시소1위_축,RealAssWoman,LilFreak,CumInMouth,yiffy,lovecat,Rubber,BillieEilish,호석,유진,sanrio
NewRelease,OUTNOW,EarthquakeCotabato,Pitbulls,Flyers


doubleknot,ApexLegends,btsbestdiscography,STRAYKIDS,GAA,bnha,TRUDEAU,tgirl,ExtinctionRebellion,BB,WizzFriends,강민희,superclap,لبنان,FullHD,FFXIV,EthnicCleansing,吴亦凡,mistress,StreamKnowMeTooWell,KANGMINHEE,NWAPowerrr,민희,BTSPAVEDTHEWAY,NewProfiIePic,MINHEE,OffGun,HKHumanRightsandDemocracyAct,G7Summit,OneSecondTweeted,Auschwitz,Ateez,Developer,YOUNGJAE,WuYifan,DivyaDrishti,JayB,marvel,Tripoli,SB19_STELL,박보검,WuYiFan,SB19_KEN,SB19_JUSTIN,PRISM,KeepOnChuggin,GPOSERS,ffxivsnaps,SanaSayyad,KenyansTAKEOVER,programming,deals,Theri,Drikshit,overwatch,Transportation,SB19_SEJUN,miraculousladybug,hyunjin,BiggBoss3Telugu,AnbanaFans,MerryChristmas,jensoo,SB19_JOSH,HANDONG,Fact,AdhvikMahajan,tarot,WhereHitMusicLives,SeasideMix,DJShawnInTheMix,한동,sauravganguly,Thanks_For_Noticing_Myanmar_ARMYs,O_on,Flowers,FinalFantasyXIV,재번,maturegay,gaymaduro,cakes,XiJinping,GAY,Foreverlove,Followback,DoralGolfResort,DADDY,spirituality,danganronpa,SmartCity,SHINWON,Milton,신원,고신원,turkey,sensual,pattern,inktoberday16,SidharthDey,SB19atSMCityBF,Rwanda,Oakland,postcard

scifi,ThoughtOfTheDay,DogsOfTwitter,NBAPreseason,btsnsfw,KiaTipOff19,김한빈,foodie,WeConnect,CarrieLam,mossworm,london,ReliveTheEpic,OnePiece,MeltingMeSoftly,feyher,IULovePoeminMNL,ss,Sivakarthikeyan,HeroSecondLook,cryptocurrencies,Pune,YEOONE,여원,Furry,TAEHYUN,LettesHaven,장우혁,nsfwbts,disco,SadhguruInToronto,BEOMGYU,수빈,吴世勋,HYDELIVE2019US,ChiefsKingdom,COMINGSOON,여창구,시간이멈춘날,jungkooknsfw,WEEKAND,JANGWOOHYUK,Dub,Bomin,ยิ่งแชร์ยิ่งได้ใจ,kooknsfw,jungkookbunnynsfw,ValimaiFanMadeDesigns,TaokaenoiXSEHUN,Islamabad,BlueUnity,ANTI,บอสแด๊ดดี้,seungwooseok,conservation,Vietnam,MICHAENG,Holidays,DIVISIONS2019,진정해,아이반,메디힐,낫티드윙스,STARSET,MEDIHEAL,LOVEME_LOVEMEDIHEAL,KnottedWings,DumpTrump,AnimeNYC,AIVAN
DoYouxBamBam,DejaVu,Batwoman,Vimeo,DFS,ynwa,modaozushi,toquedequeda,kurds,got7inparis,Supergirl,MَUNِLَIV,아이린,FreeHK,FreedomofExpression,FinsUp,MúsicaDoAno,HKCitizens,NHL,MaharashtraWantsDevendra,サナ,got7worldtour,IsaPaWithFeelingsSuNaAll,Supernatural,Arbaeen2019,imgxkpop,DSHCA,MFS,Abadan,Nursing,ChileResiste,streaming,fat,G_I_DLE,ModernWafare,M5Memories,香港,RadioImpact,Kyuhyun,WALvRSA,MUًFC,MUNًLIV,rwc2019,ConservativeTHUG,Arrow,rap,다현,WeekendChilloutZone,Victims,SiYeon,Dynasty,BackTheBlue,AcquaDiParma,TrumpBetrayedTheKurds,Spotify,Rome,NorthKoreanBeachResort,CIXstansAreGoingToJailParty,orctober,Arbaeen,KEEPSPINNINGinParis,GTAV,ATEEZ_WONDERLAND,ダヒョン,ThisIsTexas,Stream,Legacies,FM20,BoltUp,postimpressionism,policeattacksislam,meditation,Riverdale,SleuthSunday,ChileDespierta,19Oct,warframe,thickcock,share,brat,MUُNLIV,MUNLIٍV,LFُC,warframefanart,TaehyungDeservesBetter,Parasite,Hawaii,HKers,Automated,왕잭슨,아듀_침침이,ToqueDeQuedaEnChile,Ravens,MakeItRightRemix,HERO,sbfiveinmanila,rwby,THWFC,RuleOfLaw,MINNIE,MASTER,Dancehall,BlastFMKpop,AyKer,WinFromWithin,Tokyo2020,TheSongOfBharat,ShallWe,NowPlaying️,LIMA19,Erotica,worldlargestflag,google,companion,briefs,Valkyr,TogetherStronger,LFCIndonesia,HaikuChallenge,HKResist,Flash,Firstplay,CrucialCatch,뉴키드,ヌォンタート,オシャレになりたいピーナッツくん,やひろかいたぞ,ぽこあーと,おめシスはいいぞ,pussyASS,fmty,datesacramento,Youtube,TREASURE13,Stephanopoulos,Scexit,ParasiteIslandPaglikas,NoChoice,Monza,MMCTrailer,KEEPSPINNINGinPARIS,JiChangWook,ItaAwards2019,Hooters300K,GayCunt,DHOpen,데자부,굳밤스타그램,二階堂千鶴誕生祭2019,senryu,sbfiveinmanila2019,goutes,goodnightgram,enstarspoilers,bbcgms,arcaea,affiliate,WenRene,TheToughest,Periscope,Newkidd,MesaCentral,LilKim9,Hottest,EMPIRE,Charmed,BoldandBeautiful,BhimNationGlobal,AjayDevgan,vincentvangogh,trance,schoolstrike4climate,mensunderwear
SariLeruNeekevvaru,goodmorning,Hongkongers,BigilFromOct25,October23rd,ViratKohli,SuperFans,Target,october,hotsouthernwife,KaithiReleasingIn5Days,HarryPotter,G7,DolbyAtmos,13YearsOfBBVaralaru,BigilDeepavali,வலிமை,Wonpil,RadioSgu,Onlyfans,cameraphone,Days,100daysofcode,maathare,inktoberday18,TeamKRC,DeathStranding,16DaystoKingKohliBirthday,KingKohli,ClassicRock,save_the_planet
NCTDREAM,climate,종인,Gears5,RealEstate,PokeXperience,PokeX,travelphotography,lebanonprotest,baltimorecomiccon,해찬,Horoscope,nextgeneration,UmidigiPower3,PanchoBilla,animal,Panchopower,GalaxyNote10,mentormilenia2019,NOTvCAR,Power,Fun,light,PowerSeason6,Climate,Woodlands,Superpower,Startups,MPs,IkeGang,1A,change,Shakespeare,K2019

OCTOBER,ScorpioSeason,PHOTOS,WOOSEOK
PPC,MLB,VICTON,weloveyouDiane,2Point0,Ariesplex,Engineering,Bairavaa,tights,Odisha,ArawArawMV


youtube,ClimateAction,socialism,depression,pets,ChennaiyilYogaVedi,media,fact,anxiety,FallCUE,ThingsNotToBuyPreOwned,summer,Trump2016,sad,suicide,social,osteoporosis,empathy,celebrity,butterfly,bipartisan,democrats,MinaIsBack,Acte49,vcsreal,real
TokopediaxJin,AzCen,naqiuboboy,weekendvibes,TeamPete,All_To_Action,MarkJin,assworship,WeekendKaVaar,SBFiveLiveInManila,TaeDarvid,HarryStyles,CHUNGHA,kindleunlimited,HANGYUL,RashmikaMandanna,Kuzgun,WeLoveYouMina,StillWithHer,NoS386,LOVE,SBFIVEAsiaTourLiveinManila,TFBJP,SUPERHERO,لبنان_يتنفض,BoloGuruji,AbuMalik,WeekendKaVaarWithSalmanKhan,TeamMhine,JENO,shortstories,bnyoung,SoulPOWER
Houston,YorkshiremanSongs,SupplyChain,Takeitback,GoCoogs,woohoo,techjobs,public
BigilAtRitzyBanuCinemas,bigilDiwali,writingcommunity,Kavinfans,freebiefriday,SaintsGameDay,黄仁俊,SriLanka,JM,ScheerLies,YangMediaBlackout,fof,PhillyOrNothing,NothingCanStopWhatIsComing,KavinTimeToShineTherika,FreeStuffFriday,BFG,wwe,PrayerTimes,SenranKagura,EFC,SuperNovaGames,AMLO,ComingSoon,ADNSanaAllHappy,shikshakbhartijaldiho,NationalDiltDay,TMC,SarfarazAhmed,PresidentPelosi,PrabhasBirthdayMonth,LoveMarriottRewards,Kaththi,GOT7KeepSpinninginMNL,DragonBallZ,time,saveaarey,TOwaterfront42k,RaspberryPi,CheatedHomeBuyers,COYG,ALLGlory,traveller,tb,YashJohar,WHUTOT,ThinkBigSundaywithMarsha,TheDragonPrince,Taehyun,SuperCoolDiwali,SpartanUp,Preds,Locktober,HOCO2k19,DCU,BlockPiersMorgan,BlackTechMatters,BeatDallas,AbRamKhan,2020Census,oggcamp
TelkomFam,Hokies,PoliceBrutalitiy,MohsinKhan,Art,VarunSandesh,KaithiDiwali,PENTAGON,MuhammadPBUH_OurPride,MAYWARD,알엠,SpainIsAFascistState,HappyBirthdayAdhvikMahajan,레드벨벳,OnitshaMarketFire,Chuuctober,Bloodshot,Rojava,KIMWOOSEOK,Elxn43,Decorartehogar,JOHNNY,태연,imgxwannaone,chaturbate,WeLoveYouMeghan,MysteryBox,LIVMUN,陈情令,سكس,handmade,fintech,TrumpGenocide,SF9,IIFAAwards2019,cocktribute,markets,lrt,NGOT,Inktoberday19,ineffablehusbands,WayV,SyeRaaNarasimhaReddy,GongSeungYeon,FF,이승훈,WelcomeBackTrollNTRHaters,Uncen,SC,KaviliyaForever,KatrinaKaif,หนังเต็มเรื่องเฉพาะสมาชิกVIP,WeAdmireKavin,SaturdayThoughts,Rajinikanth,GiantsPride,Destiny2,Crypto,리노,fakenews,RnRDenver,RIP,JUNHOE,ramulooramulaa,MichaelJackson,BABYMETAL,WHEEIN,Tooting,Tgirl,Karthi,DownsLive,威神V,interiordesign,RussianAsset,Bears100,신비,maga,chastity,bdsm,RealWifeStories,Petta,GoCougs,화사,SrinidhiShettyBdayCDP,MostRequestedLive,MakeSUPERJUNIORGreat,MINvsDET,METALGALAXY,예지,homedecor,StoptheCoup,SaturdayMotivation,Reality_Of_करवाचौथ,Qanon,LeeKnow,병찬,wonpil,WeWantDalljietBack,SiddharthShukla,MiyawakiSakura,sweepstakes,SedulousManSk,Elexn43,Elephant,BYUNGCHAN,김태연,bigass,Vegan,KaithiReleasing25thOct,IbbkeCongress,IU,Browns,BaahubaliLive,Saaho,RamMandir,Kamala2020,HWASA,ForzaJuve,ElimiBırakma50,Cinemahotsavam,에이비식스,takeitback,stevenuniverse,islam,YEJI,Sushanth,SupportSmallStreamers,PeopleSkillsChat,PSUWhiteOut,Np,NextGenATP,Mayward,IAC2019,ChiyaanVikram,trumpswalkaway,spnbur,KAG2020LandslideVictory,EuropeanOpen2019,BSNL4G,hentaivideo,Yemen,Topbuzz,ThalapathyFans,Sandy,KavinRealWinnerofBB3,JUN,IIoT,sunrise,hairy,EGX,DavidBowie,BrooklynBlue,업텐션,nairamarley,kinktober,canadavotes2019,ahegao,UMJI,Santiago,Kindle,JojoRabbit,Assange,예성,박지훈,robux,bot,WeThePeople,UAE,Springboks,RealFact_About_ISLAM,PrayForHongKong,KurdishGenocide,BycottAllah,로하수호,climatechange,Yelp,YehUnDinonKiBaatHai,TakeTheMoney,SmallStreamersConnect,Panipat,MilfieClub,MasterInTheHouse,LosAngeles,Jind,GalattaNakshatraAwards,Faridabad,DoYou,DidYouKnow,Catalunya,이대휘,レイ,elxn2019,derasachasodha,Taemin,StandUpForCatalonia,SaturdayMorning,SOLAR,SINB,Manga,HTownPride,정은지,streetphotography,startups,WelcomeTaeyeonToThailand,Theladyloveofthemanilove,Sangeethavijay,PogaruDialogueTrailer,Pogaru,HDMH,GreysAnatomy,Gophers,BigilBookingStatus,차은우_첫단독판미팅,이동민,thebest,locktober,catsofinstagram,arsenal,WakeUpAmerica,TeamFollowBack,Taiwan,DíaDeLaCulturaCubana,DigitalTransformation,ChiyaanVikram58,AyodhyaCase,selfcare,pistagreen,pastelcolors,ffnow,WhistleOnOct25th,Triplex,Strictly,StevenUniverseTheMovie,Motivation,Jobs,Hercai,FBPE,Emoluments,Atlee,wip,prickstarter,SexySaturday,GELATO,CIXHelloStrangerinBKK,CIX,เป้แก้ว,pantyhose,gurmeetramrahim,creampie,Zimbabwe,Tcot,Super30,MatchdayMac,DawoodIbrahimCumJinnah,DalljietKaur,AlaVaikunthapurramulooaudio,ATPTour,ARYNews,randomtrump,onpoli,kavliya,giphy,ethereum,criticalrolefanart,TrumpBetrayedOurAllies,TelkomKnockout,Technology,PutinsPuppet,PelosiGalore,Liverpoolfc,KurdsBetrayedByTrump,HelixStudios,Ethiopia,sinfulsunday,me,manutd,leeseunghoon,inked,hung,hoony,criticalrole,WeVapeWeVote,WCW,NOWPLAYING,MrRobot,Hot,GamblingTwitter,Cyprus,BookBuzzr,BigilFDFS,ALDUBAlwaysWithYou,thriller,styledbypaulsese,realchay20plus,YourOdds,ValimaiCastAndCrew,OngSeongwu,MaranaMassHits100MViews,JustinTrudeau,Hiring,Gayxxx,FootFetishFun,FlynnFighters,ComeAndSee,ChooseForwardWithTrudeau,Ccot,CDNpoli,BYUFOOTBALL,BENCHHoliday2019,이특,skype,onthisday,dnd5e,WhiteChicks,WeiShenV,TrustThePlan,TittyTuesday,Siwon,Shaqtin,SaTzu,Resistance,ONEWE,NASDAQ,HazbinHotel,FactsMatter,Accounting,文俊辉,kavinarmy2,dreamcatcher,Taanaji,RSLvPOR,Quotes,CPT2019,BigilBooking,5DaysToGoForBigilDiwali,원위,tourism,organic,ngot,latina,ilpHentai,ReyMir,NYSE,MontrealStands4Kashmir,MondayMotivation,ManCity,MICHvsPSU,LizaSoberano,KARD,GroupPalestine,GoDawgs,BearDown,BT21,문준휘,忘羡,recipes,gayvid,feetfetish,daytrading,altuve,WINWIN,VogueWomenOfTheYear,UN,Trivikram,Nestor,Mixer,Lucifer,Leeteuk,FullLength,FlowerReport,EnriqueGil,AnimalCrossing,예리,구구단,retro,marijuana,giftideas,freechat,downslive,dm,aziraphale,WCS,SiruthaiSiva,SinB,ProudofMinhyuk,PresidentTrump,JiminComback,IsaPaWithFeeling,HongKonger,EFL,AFP,홍중,picoftheday,imgxx1,gameday,dungeonsanddragons,diversity,YouArePerfectJimin,TrumpIsADisgrace,TAEIL,SaturdayVibes,RiverLevel,MickMulvaney,Madurai,Dancers,BaahubaliTheBeginningLive,Altee,인피니트,이삐사진전,윈윈,董思成,yogapants,tractor,mindfulness,hangyul,bulge,Muhammadforall,Manufacturing,Karnataka,GOT7FANFESTinBKK,ExposeZucker,CrimesAgainstHumanity,지민아_돌아와,제시카정,ビョンチャン,イェソン,yummy,valiant2020,tractors,stockings,stayvaliant,reylo,reactjs,prabhas,pornhub,phat,okkoletsbeheroes,homedesign,freenumber,agriculture,SrinidhiShetty,PyTorch,NCTfanedit,Master,MannKiBaat,Knicks,GDRT,FreeCatalanPoliticalPrisoners,FLASHY,DCYearOfTheVillain,CriticalRole,Art50,ATINY,형준,trump2020,nflpicks,keto,antiqueTractors,TheDivineBattles,Super300,Shehair,SBS,QF7879,PatriotsUnited,PassionGay,PakArmy,NewSingle,LoveYourselfSpeakYourself,LivePerformance,Jazz,JaiShriRam,IndianeedBSNL,HONGJOONG,GetOverIt,EasternBridge19,DirectorSiva,DevFestKano,DancingWithTheStars,Cricket,Balochistan,BM,AthulyaRavi,우현,남우현,ยืมเมจfortalk,ยืมเมจforLB,selflove,plantbased,nba,hunk,giantess,WNC_TT,TeamRyujiShiomitsu,TAIRP,SCTop10,NowHiring,NeverTrump,Mystery,MerikeForLife,Maharshi,IssoAquiEFlamengo,HBRFANZONE,FearTheDeer,DongHae,Colorado,ChurchAct2009,BBam,AlterBridge,AVPLOnJan12,8teenBoy,watercolor,uTatakhoRemix,syria,streetart,polcan,mlp,glutenfree,erotic,day6fanart,clouds,biggbosstamil3,biggbosstamil,Yorkshire,Website,VBA,TrumpRallyDallas,TheSixMillionDollarMan,TheHundred,SuccessionSunday,RajuGaariGadhi3,Qianxi,NJ,Kenya,Honduras,HellyShah,ElvisPresley,EarthquakePH,CongratsJokowiMarufAmin,BigUpdate,Anonymous,최영재,종호,아이오아이,로운,김종운,ยืมเมจforeverything,polloftheday,pinklars,parkjihoon,nutrition,jeongyeon,hkPolice,freebetunibet,exols,exhib,big,aviation,WeLoveYouMegan,Veterans,TheTaleofNokdu,StandwithHonKong,Skype,SecretCrush,Savarkar,SSMBArmyFCInTwitter,PrisonAbolition,PARTYgaHajimaruyoTH,NayaKashmir,NationalTightEndsDay,MongKok,Malta,HongKongPoliceAbuseUseofForce,GodGiven,GandhiSankalpYatra,Flames,Devfest,Comali,BoobsRating,BackWhereiBelong,BNK48Trainee,BNK48TheCampus,Animation,AdamSchiff,임팩트,முடிசூடாதளபதி,vcs,sustainability,spotify,sadiekiller,nylons,korea_pride_bts,kavinlosliya,dallas,casino,XION,TheConcertTour,SupremeCourt,Splatoon,SeasonOfTheDragon,RatingsAdjustor,Palestinian,OneHeartbeat,NationalDayonWriting,Kavilya,KamalaHarris,KCON2019THAILAND,JoeBiden,FreedomOfSpeech,FollowFriday,FlyOrDie,FederalElection,FallonTonight,EbruŞahin,BB3Kondatam,2019_PENTAGON_WORLDTOUR,황은비,이도,우석,로켓펀치,강미나,vuejs,vogue,topoli,seungseok,sermonnotes,mensfashion,jamesarthur,iWantClips,ginger,bigbutt,batman,WeAreTheNewsNow,Valkyrie,TwoPlaneTrudeau,Treason,Teaching,TarwaanBNK48,TY,TOWaterfront42k,Statistical,SURF,SADDLEUP,NewJersey,NerKondaParvai,Mars,Lebanese,Labor,LEEDO,Karur,Kartarpur,Kangmina,JONGHO,IdolsLuyolo,IULovePoemInMNL,HappyEunsangDay,Gugudan,FuckTrump,Foals,EntrepreneurshipCurriculum,Elcin,DrLiz,Cannabis,BigilyFied,AmrapaliFlatBuyers,AmrapaliCenturianPark,ATP,ATD,100mostbeautifulfaces,시온,도숀,下尾みう,ウィンウィン,ซังดึล,wallart,uspoli,thc,sonic,roleplay,pollution,leggings,kyliejenner,gamenight,furryfandom,femdomart,eunsang,crossover,cheese,Zankush,XIDO,Unforgettable,Tits,Taliban,TFB,SpainIsAFascistEstate,SinghSurge,RLGcreation,Pudupettai,Pets,Pay,OneNationOneBeer,LuigisMansion3,Korea_pride_BTSً,Kavanaugh,KaithiFansPromotion,JaiHind,Indigenous,IMFACT,Hongjoong,GIMP2,Freetoberhk2019,ExonerateGeneralFlynn,Entrepreneur,ElvisHistory,Dublin,DeclassifyEveryThing,ChoiYoungjae,CanadaDeservesBetter,BlastFMJazz,Birmingham,BeautifulMidamDay,BackWithABang,BaahubaliReunion,BWL_200Days,BSNL_GDP_Booster,ArmyIntelligence,ArmieHammer,AkınAkınözü,Adukalam,Adirindhi,2k,타카하시쥬리,쥬리,샤오,규진,高橋朱里,朱里,じゅり,ยืมเมจforsrex,قروب_فلسطيني,watfordfc,titlekrt,teamlocked,sangeethavijay,sacrifices,retrogames,realDonaldTrump,nhl,musicnews,hornyaf,hercai,gaymuscle,fungi,freeporn,france,ferdinandvonaegir,edmc,drummer,avtweeps,avgeek,ateezedit,angular,accessories,Yash,WonderWomanAward,WhereIsDONGPYO,Warren2020,TokopediaxBTS,TeamFatman,TakahashiJuri,SyeRaNarasimhaReddy,Suffolk,Somaliland,Somalia,SmallStreamerCommunity,SkilledTrade,Singapenney,ShehnaazGill,Seventeen,SavePSUs,SEULGI,RedSea,RTB,ROCKETPUNCH,RETROGAMING,Poland,Palestinians,PENTAGONinLISBON,OperationTannenberg,ODD,NaughtyDomme,MittRomney,Meetup,MattRyan,MaranaMass100MViews,MK,Kubernetes,KabirSingh,JangDongYoon,Inktober2019day19,HurricaneDorian,HelpCatalonia,Giveaways,FindMe,FFE,EnemyOfThePeople,Chargers,CatalanRevolution,CallMeByYourName,CMBYN,CDNmedia,Broncos,BlackPack,BTSxGrammy,BC,Avengers,1004fic,시현,사쯔,강현,娜璉,twitchaffiliate,sdmc,r20okie,portraitphotography,mcdprtprotest,livestream,lightingdesign,helixStudios,guy,guitarist,growabackboneRepublicand,drones,cam4,brunette,bible,Zurich,YoongiTalented,YoongiSwag,YoongiCute,WonderBoyAlbumLaunch,WangXian,Uppers,Taeyong,Switzerland,SwachhBharat,SundownerKBC,SundayVibes,SufiyanaPyaarMera,SkyBetChampionship,ShehnazGill,Sega,SarkarTelugu,Salem,ResignSchiff,RedDevils,RajveerSingh,RStats,RAMY_proud_BTS,PourOutYourOil,MunLiv,MVBoys,MTR,Lesbian,Korea_proud_BTS,Kaappaan,JobNearMe,Indianapolis,IStandWithTrudeau,Hadoop,GoStars,Germans,Fulda,Drawing,DoralBedBugs,Coup,Cashpig,BigDog,우신,승훈,선율,科撈手足,worldseries,underwear,triplex,tetas,svgnewsbot,streamers,splatoon2,puppies,newyorkyankees,mountains,modi,ita2019,hkpoliceterrorist,elhartista,cowboy,artforsale,antielab,africa,YoongiLovely,YESUNG,Wildfire,WWECrownJewel,WOOYOUNG,Vizag,UnbelievableHits,TrumpDerangementSyndrome,TrumpDeranged,Triplexxx,ThisIsTheRealSpain,TheAddamsFamily,TempleBeat,SkiUMah,Seungyoun,SJ_TimeSlip,SAFE,React,RMM,ParkJihoon,PRISMinLISBON,POLL,Oman,NSTnation,NATO,Movies,MakeSolo2Happen,Maduro,MadhuriDixit,Lifecsience,KOJIMAPRODUCTIONS,JOINTTOPTENCOUNTDOWN,HotelDelLuna,HOSEOK,GlobalWarming,GiftCard,Ecuador,CR701,BurCon,BeautifulPakistan,Balakot,BackTheBrits,AaliyahHadid,한규진,태일,잘다녀와_성열아_항상함께해,이성열,슬기,성열,배진영,ยืมเมจfosrex,ซึงกยอล,y44,vegas,uzbekistan,traps,titties,therealboythot,thanksRememberMyanmarJimin,teargas,software,sling,seldem,saaho,rwanda,realcples,quake,piercednipples,pharma,nyy,nipple,nike,insurtech,imgxone,honeybutt,globalwarming,geocaching,gaybulge,gaslighting,filipino,e_RadioUS,dorothea,dessert,criticalroleart,crinktober2019,canvas,camsex,babygorilla,appLESofmypie,YoongiHandsome,WCFDstreaming,Ukrainegate,UNC,TrumpCrimeSyndicate,Traitors,Sussex,SundayAfternoonShowPH,SuccessRockers,StreetFighter,Siwonchoi,SinCity,Sanskrit,STOCKS,Romania,Pulwama,ProjectSunrise,PepsiDJAmbassador,PeckPalitchokeJookThailand,NationalChocolateWeek,MaineMedoza,MHWorld,Kyoani,KimSoHyun,KarwaChauth,Kaithidiwali,JookThailand,JangWonyoung,JOOK,IGStory,Hotel,Hitmusic,Helix,Heechul,Hair,FreedomOfReligion,ForeignInterference,FacilitiesMgmt,FNF,DragonBallSuper,DaphneCaruanaGalizia,DallasFanDays,Charlotte,CenkÇelen,CaptainUce,COLORIZ,CHAJUNHO,CB4G,BarackObama,AzraÇelen,Austria,ArtLovers,AllRoadsLeadToPutin,AllInForGenFlynnFriday,Abuja,후이,하린,준호,임영민,에스에프나인,승관,됴램,김희철,김승훈,國慶,writerlift,whales,weekly,travesti,topless,tennis,tasty,su,spookymonth,songwriter,savingspecies,savehannibal,rowoon,rojava,nylonfetish,mywoman,moda,migrants
Teacher
ff,bubblebutt,gayboy,alpha,XXX,shortstory,crossdressing,submissive

yyc,MONSTAX_FOLLOW,makeup,MerIkeForever,JeffreeStarCosmetics,xielian,etsymntt,Maheshians,tianguancifu,sweeps,4YearsWithTwice,magazines,popart,sissyslut,plasticwaste
Reds,manuliv,ManUTDvsLiverpool,RoyalVisitPakistan,GoAvsGo,Twitch,SuperSunday,KickingItWithNairabet,winning,Manchester,YourMomentJudgeNadine,AFCON2019,var,MْUNLIِV,GoogleAlerts,FallNats,ThisIsTema,TheLighthouse,KindleUnlimited,LiarInChief,LIV,OpenDeFrance,RWC19,instantwingame,Safari7s,Pete2020,Origi,MUN,UPFight,PremierLeagueNaESPN,LFٍC,GoBlue,scifiart,Talklessmanagement,MٌUFC,KU,InternationalGinandTonicDay,GW9,Gamecocks,EndTheFed,DrashtiDhami,united,greggifs,Trump2020Landslide,MUNُLIV,HappyMashujaaDay,AKMU,TDS,MaximeBernier,HorseRacing,Headiesaward2019,epl,TurnItUp,Oscars,NCAAF,IIFA20,GoldStandard,CRYMCI,uk,twitterclarets,KOTLoyalFaithfuls,GetAPrice,BTC2K19,Ad,StGiles,STHLMOPEN,Jammin,EIHL,AlwaysFootballTime,resilience,SpicedOrange,RevokeArticle50,MCFC,FREEBIEFRIDAY,DetroitvsEverybody,Congratulations,sagagist
FareedsTake,KimSeokjin,D2TilHBDAY,GOP,MusicBNK48,JoePeak,iot,sbfiveliveinManila,sub,CR700,android,Java,Dominate,TheLionKing,JC4PM,PraewaStagram,InnerEngineering,WeveGotACountryToSave,WINNERfanart,Mommy,socialists,LostLightFest2019,Allianz,auction,MuscledAlpha,Leeds,erkencikuş,ManUvLiv,BoomKrittapak,BINation131
sana,OnceAlways,mina,JIHYO,momo,misana,dahyun,Tzuyu,ZhuiYi,LiveUnderPar,2na,ThankyouMina,wecansurvive,StylishStarDance,ILL,AriasArianaGrande,twicefanart,MexicoReflexivo,apclips,UPSI2016केयोग्यछात्र,HéroesInmortalesXIII,HowieSzn,CokeStudio12,NewSeriesWithElbar,Dandelion_Gyeom,雅诗兰黛,ドラネスM,TalTamr,SundaySpirit,Pac12FB,Ap2w,描いたよクレアさん,ジヒョ,MAGABUSMUSTS,LotMoretoCome,LeaveEU,flyscootindia,find_you_mv_teaser,dobermans,comebackstronger,SB19PerformsAtASAP,KavinTimetoShine,KANGDANIEL,HMFC,FANSWISHDON3,CallofDutyModernWarfare,BritishLGBTAwards,BankStrike,2parkweek2019,whenfightingwithvanitha,otp,mcdprt,a3game,What_can_DMK_Mps_do,VisitRwanda,UKFinancialDominatrix,TheBatman,TerminalMojok,ShawnMendes,SINDICATODOSDIVULGADORES,ROCKHALL2020,PerthSaintSation,NoGames2020,MrJuice,MovieMastiWithManieshPaul,Jyothika,FreeSpeechCrisisInColorado,Etching,sexygirl,YR,UWMASeries,TradeDeals,Tidalx1020,StanLee,OdeToYouInBKK,NC2VT,LetwinAmendment,IdolsVirginia,HULQPR,FutureGuerrero,EVEWHU,BritishBasketball,6times,2parkweek2019day1,2ndAmendment,한국의자랑방탄소,الامن_ااالسيبراني_بالطايف,Ʀɑɳgɛʀร_pʀѳɱѳ_gʀѳup,poolsaturday,fireworksnight,event,WillAndGrace,WeakAndy,VALIMAI,TodaysTopHits,ThunderSmash3,SushanthLookInAVPL,SuperJuniorStarterKit,SunshotCampaign,SundayBlessings,SpreadKindness,ResistUK,PalmBeachCounty,OddManOut,MensCommission,MediaBuzz,Maheshbabu,MadeInChina,KavinAnnaFan,KOOKMIN,JonathanTaylor,JHOPEboy,GoDeacs,GamedayGiveaway,FireAssault,EverythingPatterned,EmeklilikteYașaTakılanlar,DuaLipa,DON,DHRTM19,ConcentrationCamp,CodMobile,CCPChina,BirdsUp,채영,ミリオンライブ曲完成チャレンジ,オリジナル,tiorradio3,styledbyjowiguzman,snapdeal,nvwx,mihyo,freecycle,focus,exln43,costume,borntoplay,WitchHunt,WeAreONE,VoterSuppression,UnitedReview,Unibet10k,TomIsara,ThroupleLife,TailgateTechnology,TIMEFORKAI,SpiritOfCricket,SanctuaryState,SYNERGYRC,SMTOWN_CHILE,SLBdoodleTweetty,SDgaelic,PatGiveaway,PagalpantiMoments,NewCoverPic,NVNMxSpace,MyManGodfrey,LetsGoPlaces,Inside30,HotMess,HiddlestonSpam3000,GOOSEBUMPS7,Felabration2019,Exclusive19,EnstarsSpoilers,EmmettTill,EXOLPROMISECHEN,DNZvFB,CongressKeVichaar,ChampionsOfEurope,ChaloChalo_IslamabadChalo,ChaEunWooMANILA2019,Borisconi,BillboardNews,BestLyricistOf2K19isVivek,BanBullFighting,ねおのコーデです,wawx,tk,technews,sundaygunday,sonyalpha,somewheremagazine,sebcon,readingfc,painterofthenight,metmuseum,jihyo,italianart,indvsa,imHim,iMHim,dondo,designer,boycottmodia,askFFT,ZaintSee,YomeLive,YTS,WorstPresidentinHistory,Ujala,TrudeaulessTuesday,ThreeHouses,Thorki,ThalaKavin,ThalaBloods,TeamNeilEnListeningParty,TeamInkling,TXTisHERE,SummerMAGA,SpookyVIRC,SA아미Charts,RamJanmbhoomi,RGKnights,OttomanEmpire,ONEChampionship,NCT127inBKK,MonsterEnergyCup,MaxSummerfield,MIHYUN,KhaidiIn5Days,KartarpurSahib,InternationalGinAndTonicDay,HardRockCollapse,HarRozDiwali,HR961,FreebetUnibet,DiwaliFestival,DemsHateAmerica,CountdownEntry,Clop,CineMahotsavam,CallMyNameJB,CSGOGIVEAWAY,CNBLUE,Bunday,BORISJOHNSON,Aryans,Anipoke,AllAmericanMondayNights,AliTrophy,ActionPackedBigilTreatIn5Days,AZCardinals,7uiceFoundation,1MUN,𝘧𝘰𝘳𝘦𝘷𝘦𝘳𝘸𝘪𝘵𝘩𝘩𝘢𝘯𝘣𝘪𝘯22,정윤호,関ジャム,หัวใจศิวัช,ทิวาซ่อนดาวep10,yum,weekendwisdom,ugnjamz,uTatakhoremix,trapLAXradio,tothekor,taeminbeamingcherubically,sultians,seductivesunday,poonampandey,pollinators,photofrommyheart,paczkinahalloween,nctdoll,mbta,maomao

EmolumentsClause,wizkidfest,footfetısh,inktoberday19,saida,BBW,beachlife,MVGayBoys,TrumpRussia,NowWatching,CanadaVotes,BelAmi,BoycottBlizzard,gayfurry,beirut,antisemite,PuzzleBoxMaker,PENTAGONinLisbon,LAMH
TXT_MAGIC,TXTisComing,RunAway,PopeFrancis

yaudahmaugimanalagi,OperationPeaceSpring,GharWapsi,Hindu,book,Robotics,jerkoff,starwars,Sona,china,FreedomDividend,AmazonGreatIndianFestival,Who_Is_SaintRampalJi,MeghanMarkle,FactCheck,tightywhities,tribune,smartphone,metoo,BlizzCon,memoir,DNC,shitpost,BrexitCrisis,fake,ccp,bloomberg,TrumpVideo,NarendraModi,MugiDrawsShadow,GTTO,reuters,plastic
queen
MULIV,ACE,NCAT,afc,arsenaltraining,MUFCvLFC,FluShot,CBJ,OUTSIDE,Tuam,PAOKLAM,AlHilal,SuperLeague,GOAL
