single,Yixing,Blonde,Action,Sneaky,Special,first,outs,Schiff,--&gt;,#ì¡°ìŠ¹ì—°,@stpiindia:,Wanting,LayZhang,Beautiful,pleaseâ€¦,#å¼ è‰ºå…´,CHOSEUNGYOUN,@Scoot4002:,RollTide,@Socialistssuck3:,BangChan,à¹à¸ˆà¸à¸”à¸´à¸ª,#RollTide,#Action,resisters,#Yixing,FBRUnite2020,å¤©å®˜èµç¦,artvsartist2019
nice,Very,talk,perfect,remain,Hope,single,@EZBiGirl,standard.,provoking,@mikethornwell:,paid,Corrie,deep,today,@EZBiGirl:,change,@Charliecondou:,restauranâ€¦,work,https://t.co/TF6tH0mpyz,:)\nAlso,simple\nMe:,pretty,\n\nthe,celeb,power,perfectly,,Hello,harder,
perfect,hope,like,fact,game,actioâ€¦,Sabarimala,Bro,,Muslims.\nI,@ic409:,Kong.\nI,respect,Sleepy,Believe,panties,worry.,Stray,framing.\nThe,Lakoffian,letter.\nThis,English,@BuffaloBills,ğŸ¥´...,@SebGorka,hits,@Cernovich,secondâ€¦,(double,stans:,songs).â€¦
fuck,like,people,fucking,friends,hard,song,real,@meGa_Dyke:,off.\nMartin,off.\nAtkinson,happy,https://t.co/v7Uo8J4brQ,reading,pretty,havin,truth,Ighhtt,https://t.co/cXZyjVHumu,@yourfavebee:,raping,loyalty..,Hillary,Berlin,inspires,@Wtf_JT:,gym\nStop,meditation\nStop,talk\nStop,attendees,
help,like,Help,support,HKPolice,people,tweet,swag,share,Facebook,donate,stay,HongKong,https://t.co/0Ufb5mpwcM,@shei_willie:,Please.ğŸ˜­ğŸ™ğŸ¾ğŸ™ğŸ¾,Russ,Twitter,father.,song,friends,social,World,coughing,time,undâ€¦,@Griffinspark:,cannon\n#HongKong\n@SolomonYue,\n@guardian,@BBCWorldâ€¦
cool,like,cooking,respect,house,important,pretty,proud,Exclusive,Folded,2019\"\n\"Hello,2019\"\n\"I,@Brooke_Lynne1:,cardboard,#LockHerUp,https://t.co/AQTawWO1rS,legend.\n,snacks,Difference!,@ShantelGatlin:,https://t.co/GDPI37Hk4V,glass,#MoscowMitch,Very,call!,pattinson,ranch,edward,kitty,https://t.co/jBM59Qc5Cq
best,dancer,friend,world,song,first,focus,kpop,walking,Dogs,LGBTQ,trump,Christian,like,pretty,Euphoria,Depâ€¦,Bestfriends,would?,#Euphoria,@Enough212:,@AndyLeeman91:,memory\"\n\n-,https://t.co/OTG20WxG6B,\nLisa,dance?!,@ibii_a:,queen,Live,@good_on_you97:
heart,together,pumpkin,breaking,time,like,soul,world,best,home,Assuming,rodriguez,@villianeuve:,johansson,https://t.co/2y0EquwePQ,@blizzybam:,https://t.co/wX6gD1IDW1,Twice,https://t.co/sBxI2uKkYg,@effyourwords:,@syasyashamshud1:,deep,@relatingtext:,bottom,liddol,\nis,dildo,stretch,\nyour,\nwhat
money,tweet,President,Money,social,people,paid,chemicals,Earn,,Dems,hongjoong,guys..,RiotPolice,@cenbank,MUFC,https://t.co/lIJQDrMOâ€¦,song,Desk,Women,ateez,Dedicated,cooler,@DrJoeAbah,@RAYMONDARIVU:,hard,Loveâ€¦,mother,Chip,@MTNNG,house
people,Washington,time,Entropy,friend,Green,help,beard,#Jae,fixated,@jayakabajay:,https://t.co/WI1Q3Wtpvw,gold\n\n,@ScotchandSoba_:,https://t.co/CZL8JBxwTr,Americansâ€™,been?,birth,,https://t.co/U2Msph6ptU,trauma,,nutshell...,@Raiders:,https://t.co/mLBwriuWxk,problematic,right?â€¦,medically,@_maia_magnolia:,braids,FEMALE!,Observer
like,people,today,work,flowers,song,Antifa,anxiety,@CarlosSimancas:,Norris!\n\nğŸ˜†,https://t.co/NXXJ1Q5o2Y,recommendations,thatâ€™ll,rejected,,@JoWolffBSG:,choâ€¦,@imzeinabharake:,debates,\n#RamulooRamulaa,Mitchell,Playing:,mature,,@madebygoogle,@N1noBr0wn:,Plaza,depende,Immature,mode.,camera,October
audio,time,holiday,Watch,Davido,LOVE,drama,Hello,Bigil,world,HongKong,releases!,given,hook-up,strength,chanceâ€¦,winning\nEverybody,winning\nWizkid,winning\nAll,review,@hibbettsports:,Friday,MySpace,Hiro,@cheripiart:,Kowlâ€¦,Madam,@Cynthia09290813:,together,Suzuhiraâ€¦
enjoy,weekend,amazing,Happy,today,hope,Hope,Friday,awesome,Bigil,drowned,Saturday,home,\n\nBest,happiness,happy,@teexxx03:,called.,real,touchdown.,else's,price\",\"reasonable,\n\nhttps://t.co/iJdZW88K0w,Nice!â€,shawty,Diwâ€¦,@fllwhp:,@Inspire_Us:,Spain.
like,first,commission,RISE,today,words,baecation,show,work,â€œLGBT,game,dreamsâ­ï¸,activistsâ€.,@sjhsjh0628:,https://t.co/qmkSknkSRU,SHINE,Baby,review,hard!,true,book,church,dog!,friends,buses,hitâ€¦,@andxree:,https://t.co/N4A5zJvKy3,Congratulations,https://t.co/GPrbNzjfXp
thanks,time,like,Americans,Madrid,#Mosquâ€¦,irritant,,Tsimshatsui,media,MUFC,house,dream,@AmbassadorRice:,difference,,Quinn,@Always,rewarding,WHCD,thinking.,gross),Syrian,\nKeep,packaging,@taekookmemories:,Jungkook's,Taekook,doesnâ€¦,ADORABLE,Today,audibly
like,stay,people,time,magic,kpop,h-he,nose.....,https://t.co/rPCwv2Q4Xt,tips,buzz,kitchen,Arabic,regret,stan.,Bama,#GOT7inEurope,blessed.,mistaken,girl,#GOT7â ,#ê°“ì„¸ë¸â ,@DefinerJB:,\n#GOT7inAmsterdam,Autumn\n\n#ì¬ë²”,191008\nShape,Vols,â \n#GOT7_SPINNINGTOPâ ,talk,Flawless
people,deep,white,stories,like,respect,world,Capricorn\n\nyou,country.\n\nThank,win.\n\nWe're,public,privacy,https://t.co/81yNUwocHF,terrorists,,Conservatives,stay,Conservative,austerity,wholeâ€¦,neglect,effort:,scammers,tryinâ€¦,\n\n&amp;,parents,volunteers.,\n\nWhile,@Realbrianaroy:,golden.,cleanup,
amazing,protest,coffee,shop,journalists,sunset,heart,Beirut,Blessings,Lebanese,Sunset,https://t.co/ykj8Vw0hlE,@MSN:,#Ù„Ø¨Ù†Ø§Ù†__ÙŠÙ†ØªÙØ¶,protests,@unsenthugot:,Kathryn.,milktea,\n#BlackMagic2019\n#MetroxBlackMagic2019\n#StarMagicHalloween,offers,mic*,@wawinaApr:,Democracy,https://t.co/JycAT2xHg4,Grandpa,shoutout,cats.,#Lebanon,Doggo,20\n\nThe
brain,photos,first,time,Women,media,Stedman,@_KingMalcolm:,https://t.co/fC3RF2GLsb,Hughley??????????????????,FE3H,#TheGroup,Fire,aneurysm.,somebodyâ€™s,#PCAs,Raises,$150,000,Observers,,Wows,HOTTIES,Video,1/4\n\nhttps://t.co/GZ6HkLyjwâ€¦,true,smile,@goodmiad:,https://t.co/PDI3wJCLlR,https://t.co/2RxJMJplaW,Dimitri,,relative
people,like,shoes,first,restaurant,Labour,scary,damâ€¦,hooping,@charles270:,Tories,,https://t.co/dXDjNCEuBS,non-slip,2010-2017:\n\"It's,it\"\n\nTories,,2019\n\"This,LOUDER,Mina,parents,#WatchmenHBO,showering,sister,,strength,nasi,@yarixenon:,PUNTO!â€,â€œDije,Reagan,@twt_VAV,reliable
Gemini,power,Microsoft,animal,friend,Xbox,world,testing.,privately.,today,pigeon,virtual,@_RebekahJade:,lovable,LONDON,https://t.co/yO3U7Magyn,Saudis,Birthday,Congratulations,LOVE,\nTo,Gaming,portion,proceeds,JAEBEOM,@ChennaiIPL:,\n#GOT7WORLDTOUR,Evans,WOW.,perfect
beats,World,time,perfect,hair,*The,@BostonStrong_34:,â€œHey,,Tripura,@iFireMonkey:,rings.â€\n\nEVERYBODY:,kiss*,AGAIN*\n\nYankees,youu,Christianityâ€¦,V-Buck,friends\n\nWinner,giveaway!\n\nAll,@tamararenaye:,https://t.co/L8lOswâ€¦,stay,Clown,OMG.,deck,Berkeley,alrâ€¦,fiancÃ©,Germany.,seesaw,skins
like,today,people,vote,pushâ€¦,song,lifestyle....Remember,Artist,perfect,awsome:,https://t.co/nmLTwWHlTh,https://t.co/aobwf6zKGT,ART\n\nMade,@AyannaPressley,FDFS,Hawaii,@onthisdaykpop:,film,English,maybe,,waiting.,amazing,@actornajaemin:,DIDINT,https://t.co/Tjbgix3t2n,renhyuck:,morning,country...,released.,awesome
bear,funny,like,first,England,breakfast,future,winter,women,https://t.co/MA5cYobSzH,ğŸ˜­ğŸ˜‚ğŸ˜‚ğŸ˜‚ğŸ˜‚ğŸ˜‚ğŸ˜©ğŸ¤¦ğŸ¾â€â™‚ï¸,freedom,Black,@bitchim999:,unbothered,trumps,Difficult,Bernie,showered,revamp,ruleâ€¦,other!,unconstitutional.,(2011),Venezuelan,thread...,inexcusable,@IntThings:,Challenges,blocks.
Twitter,home,Instagram,church,first,like,stay,daddy,today,twitter,enjoy,puppy,cuter,Update,Mention,,Reply.,Guilty,happy,wide,corrupted,Sukamuljo,Gideon/Kevin,Sanjaya,Fernaldi,wannabe,@imchasingdreamz:,Facebook,https://t.co/IC41uNL6fb,peeps,twins
like,people,twitter,daily,help,today,Blessed,hard,skirt,@justinhmin:,united,world,wealth,Pittsburgh,https://t.co/M6UdsLJXkm,talk,recovery,real,@MCamerlengo:,https://t.co/Lrx39rXNSp,blah,blackpink,dose,pisses,dummy,taxes,,namjoon:,criticalâ€¦,@LoriKinsey1:,Fallout
school,Oregon,black,Video,Hero,Football,deal,children,importantâ€¦,science,@CBSNews:,kids,@GrahamAllen_1:,â€œsleepâ€,son's,students.\n\nBecause,BREAKING:\n\nCalifornia,bailout,teacher,heroic,https://t.co/rcrp9eBhwI,\n\n#CancelStudentLunchDebâ€¦,25000,20000,security,disarms,1+6=16,@iamhamzakamal:,https://t.co/aNazT1It5J,teacher.
Special,pigeon,thanks,time,Education,Mina,like,LOVE,first,ateez,Bambam,@FlagsMashupBot:,walking,legs,fuck,fucking,tweet,@7th_soulchild:,@seanhannity:,Baldwin:,\n\nJames,irregular,(1924-1955)\n+\nFirst,https://t.co/cG1jJa8sp3,\n\nSoviet,Empire\n=\nSoviet,Empire:,concernâ€¦,bites,@koviebiakolo:
change,game,time,Twitter,work,people,support,career,heart,morning,reading,hard,fan's,cool,@ClubBrugge:,https://t.co/pPBEzt58kA,PASSION!,prayer,kids,walk,https://t.co/yBsCDKEcQY,@McfGerri:,awesome,girls,Catherine,vitamin,@balkanb01:,https://t.co/p1FyWCZAr7,white,@OnePerfectShot:
Like,like,iPhone,hair,surprise,nonchalant?â€\n\nMe:\n\n,@phamousphillips:,https://t.co/ETf8AfWGht,learn,,Reply,enter:\n-,@WolfRewardz:,IPHONE,Retweet\n-,improve.,Correa,........,share,Friends,@desprate__:,MistakesÂ are,@Buster_ESPN,YUGYEOM,league?,something:,affection.,essay,#Horny,cuddling,,Agribusiness
people,like,time,comic,hard,climate,versa\n\n-,crisis\n\n-,FACTS:\n\n-,JACKSON,@Tayyyunbothered:,Bigil,Everybody:,Malaysia,https://t.co/FqKuMBhHBI,asf!!!\n\nMe:,thay,narcissistic,sale,culture,America,Chandler,@PssMultiplexOff:,@emptywheel:,women,Oct\n#Bigil,Shows\n#Kaithi,@MY_btsarmy:,thirst,Survive
like,time,Virgo,people,first,stop,Italy,media,Radhe,Maldives,Chelsea,#Radhe,hair,Distance,real,trending,new.,talk,https://t.co/sQOx04EVWc,https://t.co/fXekAYquCs,ominous,https://t.co/SOdHvNt1lW,woulda,gloâ€¦,#SalmanKhan,vomiting,Forgot,@LucyFlores:,annoying.,walmart
like,people,show,fire,daily,sperm,lost,D-DAY!!!!\n\nthe,ğŸ’šğŸ’›ğŸ’™\n\n@TXT_members,https://t.co/xFD5qmxCCH,stalker,DEATH.,integral,https://t.co/wgasTzojcX,world,@zipthevegan:,vegetarianâ€,liar,staircase,@paul_serran:,help,Liar,ğŸƒ\nğŸƒ,stay,@vioriie:,share,Chihiro,Gloâ€¦,https://t.co/Q3aONNvI55,ethnical
first,show,like,time,tweet,people,Baby,Davido,gift,Chioma,Yorkers,LOOOL,Congratulations,loved,,today,happy,single,tissue,could.,Pence.,1998.,davido,@SmiIe:,\"small,talking.\nStaring,eyes.\nLike,phones.\nThey,bum\",fool.,https://t.co/d368txXc0K
best,today,Valimai,update,NSFW,Life,@lqkimjongin:,https://t.co/fPkYgKrkYe,work,stay,game,siblings:,@ttaevee:,https://t.co/s6DNwtxvPR,\n\nolder,first,airport,Previous,hentai,\n#BamBam,lewd,ğŸ•º\n\n#Valimai,â¤ï¸\n\nOur,Contest..!,[MEMORIES],#ThalaFC,choicâ€¦,trap,sissy,vicious
today,like,GHOE,time,heart,fucking,first,Forest,Salah,performance,song,rain,melting,@SonyMusicSouth,happy,Wigan,surprise,fucken,\n\n@arrahman,\n@Chinmayi,#Madhurâ€¦,#nffc,#UCL,earphones:\n,contention,\"She,Wednesday's,icons,itching,green
like,snapchat,apple,journalists,time,research,fuck,observations,blood,Cannon?,too\nMen,pulse,,#ALDUBxADNLoveUnderstands,quickening,discovery:,crystallising.,@DickKingSmith:,faith,said?,@strunubi_yu:,\n\nSource:,ç«‹å ´æ–°è,chats,waterâ€¦,regret,best,againâ€,filters,beliâ€¦,nightmâ€¦
people,real,vote,President,hard,work,money,Explain,history,Facts,smile,government,made...,Nintendo,Nigerian,fucking,incompetence,positively,@McTroid:,show,impacted,joshua,https://t.co/0i2IMiV9ll,@1tzy_:,best,@guyverhofstadt,remain,EXCLUSIVE,@TSUpdatesNYBU:,Nelson
book,read,Read,thanks,Today,stories,author,review,series,romance,Africa's,Capitol,important,Very,blog,Ocean,@wonderofscience:,@itsTodiii:,unfollowers,impeach,countries.,(FREE,deadliest!,ğŸ˜¼\nhttps://t.co/cBpRpKEyMd,single,Ranch,frog,mystery,thriller,universe.
game,time,awesome,blood,first,stop,shop,song,Removing,Menendez:,\"betrayal,October,together,Canadian,crime,British,resounding,Hispanics,@silvadjr_94:,https://t.co/jC1sD1k7n9,slaps,election,winning,World,@vicksiern:,#Democrat,compromise,denim,theft,Time
like,people,Flash,URGENT,â€œcupcakeâ€,MESSAGE:,@sottgrande:,mckinney.,kamille,Osiris,Invite,camera,hero,regret,important,tough.,Islands,vote,weak,,Quit,cowardly,@Igot7Linn:,fuck,https://t.co/vN8ynvâ€¦,\n\n1x,@boostrck:,Renewal,\n1x,\nRetweeâ€¦,Watch
first,respect,help,weekend,LOVE,Congratulations,@Alex_Houseof308:,https://t.co/36605dUUSf,\n\n#Turkey_is_not_alone,Cherish,cityâ€,DAVID!!!!,words\n\nDavido:,now]\n\nBaby:,*Runs,@1800callstar:,Ch...ch...\n\nChioma:,crib*\n\nBaâ€¦,https://t.co/albwDF0vQv,Krist,walk,reserve,marâ€¦,No.5,à¸•à¸¸à¸¥à¸²à¸„à¸¡,9.00-17.â€¦,Krist_est\n\n\"Mini,à¸•à¸±à¹‰à¸‡à¹à¸•à¹ˆ,(à¸ªà¸¸à¸‚à¸¸à¸¡à¸§à¸´à¸—à¸‹à¸­à¸¢,@krist_est:
NUEST,time,minhyun,best,Live,#ITA2019,Bernie,#ITAAwards2019,English,clocked,@Btsmaykoook:,Aron,#AVTA2019,Pressley,Disgusting,true,Weekend,work,neve,reckoned,btsâ€™s,ğŸ˜³\n\n,UNBOXING,Family,first,#Aron,whale,https://t.co/yljfjydcQn,https://t.co/n1â€¦,@yirenIvr:
Pakistani,Modi,Indian,Chairman,shitğŸ˜‚ğŸ˜‚ğŸ˜‚,Doval,,@Ali_MuhammadPTI:,today,https://t.co/Pqj4OW5d59,Hindu,October,india,liberals,,@BBhuttoZardari,Hindus,resignation,time,spree,,Afghan,everyonâ€¦,Lynching,Coupâ€¦,@audoodoo:,https://t.co/KBXbPz6jV5,demonetization,,None.\nOnce,Loya,together.\n#íŠ¸ì™€ì´ìŠ¤,#TWICE\n#twice4thAnniversary,191020\nNine
walking,Special,clothes,house,namjoon,girl,seokjin,like,content,penis,bird,bisexual,Uber,Japanese,playlist,hoseok,@Jamierodr14:,HEARTWARMING!,friends,stretch,@turbofart420:,tonightâ€,imagining,hoseok:,â€œbaee,https://t.co/bGkyrJQPyT,jumaat,solat,@imanissapearl:,https://t.co/JTkNQR9jnc
MUFC,like,history,Florida,stop,Houston,CHEN,World,young,Bharat,home,President,(+12,1,385,94â€¦,kids,LOVE,true,ğŸ˜Š\n\n#MUFC,https://t.co/OiyIm8zgtn,https://t.co/PUKJbJnZEw,selena,real,York:,DARK,@peta,@kemiunruly,WASHING,@deep_land_:,https://t.co/YzsqVOxJhn,SLOW
fucking,first,brain,President,time,development,ARMY,community,real,Ubuntu,guyâ€™s,stay,support,met,,hope,â€˜Make,@ubuntu:,@octoIing:,perfect,Rightâ€™,[ê¸°ì‚¬],gunpoint,https://t.co/HFcJ3FFzGp,@leapsaw:,#Ubuntu15,(never,https://t.co/1qZHpjdGXR,actuslly,Homage,https://t.co/9KbLqKkEeq
remain,today,world,Putin,assist,,support,Tammy,@AlexGoldberg_:,stop,best,Southeast,hope,misogynistic,bothering,film,Enjoyed,price.,Wearing,obvious.,rate,Donald,,Blair,Hongkongers.,friends,Explains,@cityusucbc:,Mansions,,pro-democâ€¦,Hero,historic,
YUGYEOM,Media,Find,support,Bidens',ex-VP,,@LILBabyy4PF:,@CLewandowski_:,https://t.co/U4AjBJoA2g,@houstonxjordan:,https://t.co/PZgp8fjnAm,@bernardokath,,#SPOOKtacularKathNielâ€¦,HAHAHHAHSHAHA,@KATHkayek:,whateva,just.,2025,LMFAOOOO,Conservative,cashless.,@ftnbkrzi:,https://t.co/LTF4sSeFAZ,@RJSeokjinnie:,Remix,@octjimin:,ğŸ¶\n#JIMIN,https://t.co/kfl2yEZhd1,https://t.co/uuP4Sa1KsG,jungkook's
YUGYEOM,hero,thanks,ALBUM,masjid,@karanjohar,@defsjacks:,Dust,https://t.co/Xjr4UtvxjU,jacket.,phantom,tinder,Fashionista,trying.â€¦,style...but,digital,Laca:,\n\nyou,ğŸ˜\n\nHow,ğŸ˜\n\n#SHUARS,https://t.co/DcZfs0jTiq,Madhya,Brad,\n\nthey,@MigunaMiguna,Pradesh\nBenefit,Yogesh\nHails,Raila,#BSNL,RELEASE
like,Twitter,paid,piss,Justice,people,time,abeg.,https://t.co/CzaXEhroKt,191020\n#íŠ¸ì™€ì´ìŠ¤,#MINA\n\nThe,education,church,enormous,galore,flaunting,gay.,@KelechiAFC:,Wizkid,â€¦,ğŸ™ŒğŸ¾\n\nIt,MADDD,Instagramâ€¦,Bosan,@lawak_hangit:,offenses,yeosang,box.,@Nikki_0206:,https://t.co/NBwkzEFoXe,@BBCWorld
talk,like,articles,real,help,show,Solar,Michael,MAMAMOO,career,Wheein,.@JJWatt,Booker,Cory,clarity,woman,@bangchannies:,fanart,people,@drkelseileann:,oligarch,impeachment,#ë§ˆë§ˆë¬´,@HoustonTexans)\nhttps://t.co/V1mPnnWoUm,@JoseAltuve27.\n\n(via,edge,,Trauma,9th-richest,tense,,triggered,
people,morning,power,first,today,Michael,breaking,Time,enjoy,mana,ceilings,hoseok,@paintedIife:,https://t.co/5NUxJhfLdt,Pledge,perlu,@JordanChariton:,@AOCâ€¦,@Abang_tabah:,@cnn's,partnâ€¦,SHOCKINGLY,factâ€¦,gift,Accept,Learned,@FOODFESS2,bikes,lelaki,United
Hillary,Clinton,Tulsi,Russian,truth,stories,Twitter,time,CHIP,daily,paid,draw,legal,vote,United,Green,Warren,Bernie,Senator,,independents,professional,,Watch,Arkansas,,woman,aide,@tfrogdotcom:,Stein,,President,@ProudResister:,environmentalist
Indian,Army,white,guns,stop,Film,Malaysia,Pakistani,media,Palm,Tangdhar,courage,deep,Shaheed.,undertakâ€¦,CFVs.,Dreamy,happy,Mesmerizes,https://t.co/iYCoOâ€¦,Targeting,Ceasefire,hoists,Happy,Pakistanâ€™s,@LawrenceSellin:,@ZahidSiddique_:,PoK:,drama,Diwali,
Entropy,Book,Teaser,Bookings,DWAY,photos,Whistle,Housefull4,teaser,Cool,DOWOON,@akshaykumar:,Vela,BIGIL,hilaâ€¦,(Both,Tiruninravur,#Entropy,New.,#ë„ìš´\n\n#DAY6,#DOWOON\n#The_Book_of_Us,screens).,@kettavan_Memes:,couple!,costumes,,go-to,https://t.co/iQjKn3w37w!,https://t.co/N5aBshsâ€¦,@theseoulstory:,advantage.
read,work,reading,like,stop,fact,people,@TXT_bighit\nhttps://t.co/hTLsaADBec,debut\n\nâ˜¹ï¸â˜¹ï¸â˜¹ï¸â˜¹ï¸â˜¹ï¸â˜¹ï¸â˜¹ï¸ğŸ˜­ğŸ˜­ğŸ˜­ğŸ˜­ğŸ˜­\n\n@TXT_members,first,balls,tats,Naeun,VIOLENCE,(Team,ë¯¼íŒ€ì¥ë‹˜,Min),Tuesday.,@BarstoolsTweets:,https://t.co/Qy7Lt0Cevn,@Dishwasher1910:,stream,October,shower,pow!,https://t.co/3dc2obRqWj,eleâ€¦,#MayWard\n#BlackMagic2019\n#MetroxBlackMagic2019\n#StarMagicHalloween,@AF1PRE:,@EPLBible:
Need,like,time,happiness,King,carbonated\n12.,\n16.,soda:\n\n18.,these\n13.,you\n17.,possibly\n15.,rank\n14.,because\n10.,beverages\n11.,they\n9.,homeless,\"how,Twitter,home,Kurdish,Reuters,song,@ronalucas_:,@sunflowerlust:,people,@trtworld:,Lagos.,read,#ë°•ì§„ì˜â€¦,@MatthewJshow
like,people,brain,pretty,sports,time,update,today,adorable,content,reading,first,read,world,manga,Gee,,coming?,ğŸ¤¢ğŸ¤¢ğŸ˜·ğŸ˜·,monâ€¦,flustered,@btsarmy2018x:,healed,wife,recreated,ğŸ¤¢ğŸ¤¢ğŸ¤¢ğŸ¤¢ğŸ˜·,selca,Chapman,support,ğŸ™„\n\nhttps://t.co/vfoLxQdwKt,WHIPPED.
deal,Boris,vote,Labour,NASA,space,remain,British,Remain,people,Leave,Tory,prayer\nLord,Yohan,Remainers,government,support,Deal,@Anna_Soubry,history.\nGive,public,\"we're,party,trade,Farage,Macron,like,democracy,@DominicRaab,home\",
like,people,read,money,listen,@foxindimples:,support,chan\",#hugsforchan\nhttps://tâ€¦,stays....,Yoongi,Education,\nbut,@renoomokri,small,,Read,words,intolerance,Islamophobia,@AndyOstroy,stop,principles,buff,\nit,\nif,good.\n\nArt,actin,American,empire,Hmmm
first,time,thanks,game,MUFC,career,Nintendo,read,party,writer,Switch,President,relationships,property,women,stunningly,Magic,'Black,Sales,Magic'.,\n\nKathryn,Bernardoâ€¦,animation,share,Jimin.\",@ImpeachmentHour:,performance,spacewalkers,https://t.co/CCâ€¦,Sydney
Missing,Save,Brazil,happy,twitter,website,upload,hard,#UNIQ,:\n\n#à¸«à¸§à¸±à¸‡à¸­à¸µà¹‰à¸›à¹‹à¸­,âœ¨[UPDATE],@WYBthaifans:,@JonasBelgica,shower,Firm,erased,#FOLLOW,proud,@yagirltoomuch,coping,Tuan,Eartha,Kitt,\n\nHistory,@RachelLeishman:,Responsible,content,@kyoquijano,shattered,https://t.co/AlCGzpoBuo
people,Sundowns,game,Communist,fucking,best,time,Chiefs,help,legend,first,world,Congratulations,JOKE,words,goals,funny,Jerome,@jenniaki:,Lucas,@SenRickScott:,https://t.co/h6qaV7dXEW,if....,denies,Judge,,site....,@RKIVE_KOYA:,list......,Nessie,@Masandawana
America,woman,perfect,learning,important,time,young,media,fall,people,shopping,cancer,@SteveBarclay,read,Learning,@CindyKendrick11:,United,@RoddyRicch:,https://t.co/Hmimiy0Kdq,teaching,proportion,history,@sturdyAlex:,depravity.,checkout,,STEM,morning.\n\nAt,ABSOLâ€¦,DExEU,steak,sâ€¦
performance,Bigil,like,history,Dems,real,master,Kerala,people,rate,Rock,today,200*,Americans,LOVE,Congratulations,\n\nSome,cheek,friends,Beautiful,,@eldeen0:,Jinhyuk,years?,UP10TION,Seulgi,\"Done\",President,legal,next.ğŸ˜‰,NEXTğŸ–¤\n\nReply
Free,legs,NAMJOON,https://t.co/XaMrcWp4i7,@janineshuitaa:,@jazieeey:,Microsoft,https://t.co/Tc5m2bolPy,@ncamisile_:,https://t.co/NoMnWCSugd,film,creativity,today,tryâ€¦,applaud,show,erected,@YESNetwork,game,Jongin,@ananavarro,@BLINK_VoteTeam:,Power,FOLLOWERS,VOTE\n\nBlinks,,VOTE\n1,woman,]ğŸ“£\n\nHow,POPTIME,Horse
fall,time,hero,hair,like,show,song,moveon,https://t.co/ZrWbSeiAvA,thanks,@quraishahnur:,@gainbtsmuttuals,officialâ€¦,Virgo,@Reddingpower,American,Instagram,Burn,https://t.co/ffDTMpHLET,@gcfshobi:,weekend,salads,@neatao3tags:,pressures,hard,inspo,mother,tweet...,@soteikat:,https://t.co/wJnu8mZBpc
people,interview,today,money,like,tree,@JuddApatow:,event,piercings,YouTube,https://t.co/BSo2KSmw9Y,security,grande,codes,rhymed,rendezvous,@90sMariah:,defo,skeleton,mail?,Lupita,spooky,licensed,https://t.co/AeepXzEGh9,Like,use,,https://t.co/jfxc7ekZTR,@Be_ll_adonna:,@ESPNcricinfo:,insurance
action,song,Aries,mood,insta,Hope,listen,fishing,@PericoPrincess,first,#BestOnEarth,https://t.co/PhTMgEP4Ek,Likeâ€¦,recommendation.,statement...,vibe...,4:05pm.,Catchy,soothing,@stateofgrace:,wild,134340,@JOONSMND:,@alluarjun:,LOVE,feeling,,https://t.co/dQVPfmQnBZ,Diwali.,multi-genre,excellence????
like,people,house,Cool,vote,young,Shelby.,@peakylui:,https://t.co/KHxy5YYBy0,heavenly,@BTSVotingFam:,boob,thing!,chairs,Patiently,@enchanting_tae:,deal?,advances,Europe!\nWe,here\nHope,soon.\nAnd,care!â€¦,1969,â€œStop,hostingâ€¦,@JFakhredin,&gt;&lt;,porch,@noironyintended:,Boston
film,like,world,first,@fairyktth:,https://t.co/hxP48y81rh,change,\nhttps://t.co/XwOgY9PqqK,https://t.co/NJ7LiMLjmX,TYPE,ADOS,man?,@TalibKweli,@adultswim,#rickandmorty,@RickandMorty:,bought?,Kenneth,https://t.co/GIv7eV5t1U,support,@keepslayeyn:,@tonetalks,https://t.co/qXvWZsAHIu,hooman,@boatsandhoes214:,sentences,@BreakingBrown,Barely,â€œAre,flawless
friend,Congratulations,one:\n\nwhite,@heyitzkennedi:,https://t.co/pPiTkQHwuJ,girl,soul,#TPHOnline,people,https://t.co/JBKmisF9dS,@DrawsQu:,yours,,https://t.co/GSpXQecdEh,Live:,Beautiful,@JennaLynnMeowri:,#SundayMorning\n\nWatch,https://t.co/3nRQLAhAjy,ğŸ‘“â“\n\nâ™¥ï¸&amp;,frontâ€¦,family..,President,Faith,Mail,shortened,https://t.co/jnoX8WlJeP,thang!!!!,chest.,\n\n@maymayentrata07,Game
help,woman,rain,time,pregnant,suicide,lady,fact,controversy.,@SarahLongwell25:,https://t.co/xvoGx4tXRe,@ImVontee:,COMPANY,15min,lunches...,@igetloudtf:,@DimpledDork_:,fe3h,Today,quinn,@rabiasquared:,\n\nThey've,kidnapped.,winning,trending,photos,astros,@spphics:,https://t.co/qAn10XR5rI,need,
light,time,green,like,people,vote,@RahulGandhi:,AKSHAY,Banerjee,\n\nThese,JUNGKOOK,brain,puppy,coffee,help,Wales,KUMAR,Congress,â€œECLIPSEâ€,M/V\nhttps://t.co/idl6KeJXfV\n\n2019.06.15-16,TOUR\n\n#GOT7,#ê°“ì„¸ë¸\n#GOT7_SPINNINGTOP\n#GOT7_Bâ€¦,#JUNGKOOK,@TheAbridgedZach:,lost,https://t.co/bRhuat3Bsr,@thestorykids:,expecâ€¦,adamant,-tsk,cosponsor
like,morning,MUFC,lost,real,@KatyTurNBC:,https://t.co/ScaMn5BSMK,game,boot,kpop,exhausting,@RingsDaily:,to..,PADS,TAMPONS,@ayetayp:,https://t.co/lWs3XXwâ€¦,Walking,@adorepryor:,https://t.co/fsAEMUUhnD,BATHROOMS,@JayMcGuiness,Victory,DEAL,@Lesufi,nice...,women,master,koreans,@gentleseouI:
MUFC,like,people,time,Send,paid,Mera,God!,friends,stop,(Monsters,(famous,Hatter\nMomo,Inc)\nSana,today,movie)\nJeongyeon,Cosplay\n\nNayeon,money,deal,NOISE,fuck,writâ€¦,Hon'ble,spends,lead!,ğŸ˜\n\n#MUFC,@DrPhilGoff:,https://t.co/jtp7oIV8uH,@STARZ,PLASTIC
like,future,best,show,garden,flowers,vibes,Floro,time,\n#BlackMagic2019\n#StarMagicHalloween\nğŸ“¸,#KathNiel!,\nâ€”\nFor,help,thanks,Riiiise,Faithful,,gameday!\n\n#SFvsWAS,flower,https://t.co/8A4XS6hzlg,Tear,rose,faith.,fake,community,peng,Guest,Saudi,wrestling,girl,happiness
saturday,community,people,today,like,Scorpio,words,Mars,@hkdnow1:,technique,mother,@iamRashmika,@SenatorDurbin,outfit,,ninja,Ji's,â€œ#FightForFreedomStandWithHongKongâ€â€¦,At2:30pm.,roller,S386,fallin,Marquez,Geronimo,awesome!!,Quote,hidup,@sambitswaraj,Life,devoâ€¦,@aulmaulidiana:
findom,femdom,paypig,deep,goddess,slave,Goddess,#paypig,Send,Writing:,#femdom,heels,admire.,fucking,\"well,https://t.co/GvaB9J6j2X,@noacmps:,morning,best,house,@616clint:,online\",https://t.co/5Z0B3FWy9i,\n#ì—‘ì†Œ,fetish,money,\n#EXO,dives,regret,socks
friends,today,morning,work,healthy,mother,facial,death,walk,bankers,@mygbebe:,@prabhu_sr,support........â€¦,pending,@Dir_Lokesh,just...,@doll_mother:,fire,reconstructionâ€¦,rail,hittin,Images,wife,town,,homeâ€¦,growth,time,#Diwali2019,nails,Cummingsâ€™
Children,church,proud,like,truth,Android,October,stop,Happy,Disappeared,President,friends,she?,change,@DavidCayJ:,stealing?â€¦,1,250,,admits.\n\nWhen,security,adult,Independence,real,girls:,Dawg,Video,tease,Circle,Honest,support,\n\nSheâ€™s
like,time,hope,hard,people,proud,home,mood,single,NO.1,âœ¨ğŸ‘‘ğŸ™ŒğŸ¼,GALING!,ğŸ˜#MayWardBlackMagicalNight,back\n,@MlGHTYFOSTER:,https://t.co/dDqo4GNU7J,bloke,videos,stop,PSA:,\ngood,bear,Egypt,https://t.co/8mJKg458TZ,little,,@shar_sanpedro:,https://t.co/9JEvb72m6w,toes,camera,@coreycrawford02:
Doral,stop,trump,deal,golf,Miami,hung,yielding,President,they'â€¦,@Fahrenthold,@Politidope:,@waltshaub,Aries\n-,Cancer\n-,property,cave,@R_Calico:,Leo\n-,serious:\n\n-,Virgo\n\nTheir,economy,takeaway,@MaxBoot:,Unpopular,Resort,@ZekeJMiller,hotel,morning,Itâ€™sâ€¦
like,people,Patriots,lost,Overwatch,Glasses,queen,@mgiggsart:,talk,@sowhuttt:,https://t.co/1XpKJBrWRI,witch.,governments.,applâ€¦,https://t.co/JjlPLP4s8O,@reagandwalker:,@RMPICS_twt:,Unite,@lightsjihyo:,morning,Welcome.,#CataloniaProtest,was...,honeybunch,Finessed,@MacaroniToni901:,Required,https://t.co/Kq0C2DRb4B,otherwise.,snoogums
Live,Watch,Free,NowPlaying,ARMY,Africa,stream,Download,Radio,Video,trade,Green,Videos,twitch,Soccer,streaming,Listen,Stream,VOTE,October,Twitch,YouTube,MENDES,@TheShawnVotes,Broadcast,,Swooning\n\nhttps://t.co/NJQ7Jz6vXi,@SooChoiFolder:,\n\nAnswer,\nhttps://t.co/sY2dkLE0h7,20-Oct
tight,research,future,Happy,sana,best,paid,happy,Manning,@sanasloops:,@KhairulAbror1:,https://t.co/wyFJNl2L25,Peyton,bigil,Piece!!,https://t.co/9WGERg2o4l,shopping,https://t.co/FEDv3UvG2z,ASTRO,tattoo,Mane.,@bunnny_buns_art:,cave:\n\n,one:\nCartoon,#bigil,Dollar,@ash_hdz17:,skit,https://t.co/8nHUDNPyym,thoughtful
respect,people,Americans,time,HKPolice,Hello,work,thanks,amazing,HongKong,HongKongers,help,privacy,@ShibaniMahtani,asking!,@anthoknees:,Misgendering,Saudi,NBCâ€™s,everyone\n\nBut,@HELLOBABYBOY310:,https://t.co/Etc8MYOJvX,@iTunes,Vande,Woman:,Mataram,#HongKongers,freedom,BMK(V)J.,show
morning,like,Salah,today,followan?,perlis,@hardtiiimes:,matriks,https://t.co/L5h31g4fbb,@maisarahdamia_:,https://t.co/2eWcwAp9o1,#GugOthandayo,Iowa,seniors,saturday,fambest?,@sevenlkon:,https://t.co/ra7QsDIKHa,@Skuyfess:,floods,-sana,October,https://t.co/Mi8Iw4M7wj\n,@BenjaminNorton:,@blessliee:,Kong's,vehiâ€¦,@artisticrozay:,rosÃ©,regulations
people,important,Muhammad,Digital,poggers,moai,@senn_twt:,https://t.co/xPyEN2tIRN,BIGIL,Bigil,listing,Rapid,FRANCE,pbuh,Survey,mixâ€™s,@oscahhhhh:,https://t.co/3mjJu6bpyB,Weather,â€œsaluteâ€,Sanghis,Capacity,System,,Compass,PREMIERES,Missouri,âœ…\n3rd,âœ…\n2nd,Fryer,indepenâ€¦
friend,leaves,Autumn,animation,best,song,cool,naked,women,Dating,read,overwhâ€¦,@SorryDontClaire:,dehydrated,Unknown,oddly,border,,@cursedemojis:,https://t.co/g6ptIyY9qv,competitor,Saquon's,rotting,Pelosiâ€™s,blood,stop,https://t.co/GaM4GcldEJ,Military,,Epstein,@Theslimevids:,â˜¹ï¸â˜¹ï¸â˜¹ï¸
like,words,brand,deep,kids,pretty,mural,https://t.co/v7lab2khd4,@mya_rosee:,listen,care!,women,â€œYouâ€™re,soft,,british,Boris,Mohon,@GAFollowers:,@mufidahshafinyi:,Shauki\n\nIm,sebarkan.,Afdlin,https://t.co/dOe5uzae0x,tweet,MAYBE,#OutKast,Youre,https://t.co/0TSLKXIY6o,accent,@junswrId:
positivity,fucking,rate,camera,stop,security,Mane,time,suicide,largest,@iHrithik,@FrankFigliuzzi1:,BLOCKBUSTER,bugged:,https://t.co/hIN1pwkWb1,@conangray:,suicidal,@mmpadellan,patient.,distress,tree,Hire,there....,sakit,underway.,#OurWanAndOnlySinger,youtube,unintentionally,birthday,\n#MANLIV
shower,rock,time,work,performance,film,marathon,unacceptable.,pipe,young,ğŸ‘ğŸ»ğŸ‘ğŸ»,winning,spin.,report,,classic,church,cute!!!!!,@erbmjha:,https://t.co/q609RZ0HWg,immediately.\n\n@myogiadityanath,@Uppolice\nhttâ€¦,@JacksonWGlobal:,@jameskirkup:,building,https://t.co/uE6ZwlOYqC,kids,@taesqueenuwu:,code,goals,Rukh
twitter,mood,Sports,sketch,tight,support,first,sermons,@Moohd_Ilham:,bhajans,@Miv4t_:,primarily,OCTOBER,https://t.co/3HYNjxZ13A,https://t.co/R4dQNVoykC,volunteers,TEXAS,Aerial,Hill:,imagiâ€¦,@brycetache:,@BraidedRussEra:,game,Deep,*Patrick,\n\nTyreek,https://t.co/v5XvLzCEE1,@NFL:,@mypaws:,@LarryUpdatesAcc:
like,time,culture,talk,people,memes,single,Illinois,African,tease,you\n\nMe:,OnlyFans,institution.,camera,@monetxchange:,https://t.co/r7MzC1TiqP,@bet2win10,@bigKurama:,@hmzmcbg:,Taeyong,gymnastics,critique,https://t.co/RmkyUahLeq,@muddu_21:,https://t.co/v1i70XbvWi,@danpfeiffer:,Wisconsin,#OnlyFans,@kelvi:,today
game,Prabhas,real,time,Venezuela,friend,@CBSSports:,@encikmatahari:,Squidward,SpongeBob,,https://t.co/8waMJaTAfQ,playlist,@gabbywapzxc:,exam!!!,LINKS,https://t.co/isnOpyKc0Q,subscribe,SHOWS,particiâ€¦,Bordeaux,Baahubali,Goodluck,16\nâ€¢,determination\n\nâ€¢,@lastraight1:,@sgore3811:,ğŸ”¸ğŸ”¶LIVE,Bernard,ğŸ”¶ğŸ”¸\nCLICK,âœ…REGISTER
awesome,time,metal,instagram,Japanese,much\nâ €\nâ €\n\n#hugsforchan\nhttps:/â€¦,chan\nâ €,Phoebe,semester,@wisteriamemory_:,Surprise,Buzz,morning,rock,CNN...\n\nRAISE,ğŸ™‹ğŸ»â€â™‚ï¸\n\nhttps://t.co/0LUxN5ftq6,sales,trickiest,house!â€\n\nTrump,self-destruct,@ADNanime,https://t.co/HoyF5iZzM3,saturday,waste.,\nâœ”ï¸,M4A4,enter:\nâœ”ï¸,\nmy,@h0egenic:,abundance
Pelosi,President,Nancy,Republicans,impeachment,Congress,American,Schiff,Republican,democrats,Dems,important,vote,bipartisan,surprise,desperaâ€¦,America,Syrian,impeach,deal,King,trade,witch,Americans,deepening,Oval,subpoenas,photo,Cummings,Obama
government,people,military,October,BIGBANG,Michael,camping,legal,@Mesut_Ausil:,largest,Hagriâ€¦,embarassing,Hawaiâ€™i,â€œFrankly,Conservative,Spanish,vote,journalists,public,work,respect,churning,stenoâ€¦,sale,retain,given,@KATHNIELSpikers:,movie,@AndrewScheer:,poisoning
game,selling,viral,Tension,Clemson,overstepped,white,\"Fella,people,Tennessee,it.\n\n#BjpPlaysPoliticsofDeath,escaltes,@travis_orr1:,https://t.co/6wOiAhM1W7,colleagues,,Reply,Adaâ€¦,breaking,seal,Georgia,AB6IX,GO!!,bunny,,@anitakumar01,Virginia,stay,support,thrust,England.,@cristalee022016:
college,sister,students,school,today,real,President,Republican,toddlers,friends,sports,Football,best,character,public,@KieseLaymon:,@kakashishoe:,journalism,today,,,,@PSUBarstool:,cancelling,110,669,Mufti,https://t.co/aXa7JiZAFa,Chai,Himachal,80â€™s,@tarealeofhearts:,https://t.co/epnflt6JX8,Pradesh.
game,best,Lions,Michigan,morning,today,Republican,Vikings,Baby,Bigil,chat,seats),daily,freezing,tampon,fundamentally,courage,hotel...,@sbg1:,tax.,#Bigil\nBookings,Gift,photos,Harbaugh,work,amazes,crime,exo-l,@hyusadist:,@Lions
single,wall,Louis,relationships,game,song,community,twitter,President,mature,Acting,stay,October,brand,Tomlinson,lair.,@ElsaSketch:,#Untitlâ€¦,keeâ€¦,https://t.co/eqqlHD6np0,@Leo_Tweets:,pins,Doral,U.S.-Mexico,#Leo's,Harry,Mash,@Louis_Tomlinsonâ€™s,important,wanted..
like,Hope,Dems,Jesus,amazing,reading,poetry,hard,alcoholic,,@Solextial:,time,skip????,studying???,earning?????,start????,Happy,tricky,@canzaynnot:,sunbaenim,light,Nico,https://t.co/pZwZ5h467A,@geeald3:,this....,AMEN,@Alex_Houseof308,BANK,2.9M!!,poem,https://t.co/p2VTPspWS3
game,pretty,teaser,time,first,hope,happy,@baddoleesa,dream,thanks,proud,BALL,YES!,draw,\n\npc:,Very,GGMU,coffeeandbookss,https://t.co/jLlYX3Sx5s,@WelshRugbyUnion,@sultanofAba,@EbituPromise,@CNNSotu,room,,beauty.,THROW,japan,semi,smile\n#hugsforchan\nhttps://t.co/Bo06WdbK1O,@HYUNJINH0NEY:
time,regret,Israeli,Singam2,science,world,Palestinian,Jewish,Tesla,like,community,Film,Muslim,,deploy,this!!!,@SunTV,spotify,Palestinians,wateâ€¦,Angelina,Model,@ezracheungtoto:,ğŸ¤¦ğŸ»â€â™‚ï¸,@moviemenfess,57-yo,Muslims?â€,October,blockbuster,@Zlatan_Ibile:,Jolie
Scorpio,gift,Video,hits,ONCEHALLOWEEN2,desi,versatile,spurs,#CBDstore,#CBDedibles,#CBDcandy,#BuyCBD,Philly,clip,aesthetics.,https://t.co/le6bPH5PIr,@kieradxni:,gain.,Hosting,ily.,Kodak,@JoeBiden:,badside,@skustacleeezy:,Master,white,England,reckless,#IWasBornWithout,Browns
Hello,YUGYEOM,meme,hope,Resistance,@Lialisaaa:,https://t.co/TY96rup9gS,research,first,@TaikaWaititi:,@yokoboji:,time,who:\n\nLIKE,\nRETWEET,Party.\n\nFollow,ğŸ’¬\n\nDrop,ğŸ”\nCOMMENT,PartyğŸ‰ğŸ‰\n\nFollow,@Currymuncher00:,help,ğŸ‰ğŸ‰SUNDAY,LOUD,@cookiesgewl:,https://t.co/saKoxCq7uJ,safeguard,https://t.co/hv1Duw1AER,\nhttps://t.co/NqfC8EnGwn,important,optimistic,miley
party,Today,Republican,birthday,gift,cake,together,adventure,weekend,education,happy,young,sail,learning.,surprise,Jesus...,wedding,Straw,@miraaaaeee:,@DangeRussWilson:,https://t.co/rCIORZbf2u,anniversary,Anniversary,,Line.,Britney,@OnePiâ€¦,hope,vote,@Kofie:,today
bottom,Hollywood,largest,year:,English,outsmarted,Harry,collaborate,@grecciiiaaaa:,BOX.,@supermupdate:,https://t.co/lnRvDhIKV1,CHECKMARK,ears.,first,26,000,&lt;Super,Sunâ€¦,rock,Â©\n\n#SuperM,https://t.co/1Zcp25mpVw,Car&gt;,@rodmagaru:,ARMY,LARA,LEON,PASCUAL,IG.\n\nINIGO,CROFT\nMAYWARD,COCO\nJANE
like,facts,HongKong,mood,hero,Legislative,Councillor,song,woman,Facts,Bigil,agree!,bro....,boat.,@kolohekaia:,motivating,https://t.co/8v4GwTihjE,@rylnei:,woe,,nudes.,good!\n\nWoe,,https://t.co/H5GoomciHA,@kyharchive:,Woeâ€”you,England,@sridevisreedhar:,melodious,online,,â¦@Chinmayiâ©,@Atlee_dâ€¦
coup,chicken,strength,@lilaaron911:,https://t.co/HkT4kuLIsa,vibing...,pickle,2016.\n,@malaymango:,show,vote,feelings,,bullshit!,marinate,@GladdOnTwitch,@ModernTryhard,@FleshCrunch,@AyyItsChevy,@Ehroar,@Sweatcicle,outgrow,brine,it\nBut,Wings,@lZoe7i5:,\nCover,@ITzYanis21:,decades;,@patrooocle:,impeachment
morning,hair,trans,women,vibes,like,real,weed,house,breakfast,white,community,security,reeling,first,trap,Saturday,shopping,pileup,32-car,shop,fall,color,balcony,@Gay__Omens:,boutta,absolve,@schxnht:,people\n\nBeing,privilege.\n\nYes
focus,people,stop,Repost,first,apoâ€¦,sports,Outrageous!,praised,#Repost,Loads,https://t.co/eSs1xYr4VO,phoneğŸ§,@an_rosni:,inflatable,twitter,1990.,World,right?\",MUFC,anchor,@AndyMitten:,queen\"\n\n\"I,https://t.co/NinmFiKNGu,https://t.co/BmXARrrvYG,\"drama,spraying,,Saturday,@JuliaMorales,microphone
like,time,best,first,real,yoonmin,Wi-FiğŸ“¶\n@mtuan93,https://t.co/zMCEu6glmc,191019\n-\nğŸ‡«ğŸ‡·\nI,lauv,Replay,caps,@nehochu_:,https://t.co/z5UCrShWfI,right\n#yoonmin,\"Trump,words,https://t.co/CB1drhKtk5,weakness.,mired,pleas,@Sanjay_Dixit,bordeâ€¦,emboldened,miso..,Hasakah,,eva..,michin..,@muse0423:,190312
airport,Baby,Obama,method.,Justine,words,Belâ€¦,(Shastra),team!\n\nHair:,Rodil\nMake,@bernardokathâ€™s,Rosario\nStyling:,Neric,Aranilla\nCostume:,Weather,Temp,â™¥ï¸â™¥ï¸â™¥ï¸,rain,Humidity,morning,Stranger,wedding,girl,Mostly,@miyuliart:,BLOCKED,Attempt,china,Legacy,@XieheartJun:
flying,Twitter,people,dirt,Life,trending,help,Very,Tanhaji,\n#NoRoomForRacism,clear...\n,https://t.co/qur8ZQeb1X,work,submission,choked,earlier.,tweet,101%,first,mood,book,Nature,jiminâ€™s,barriers,fail,proud,deal,\"unhinged\",#Tanhaji,@TheTomGeorge:
kids,children,parents,home,like,work,hard,Arizona,Kurdish,time,profit.,@funkemcfly:,https://t.co/D66dJQ6XPK,sexualize,\"adopt\",https://t.co/ei2iPP3bdS,young,Hypernormalizing,@migslacson:,Migrant,bfore,weep,Stuart,@nylsyhndh:,https://t.co/KyioLFz1WU,profiting,senaâ€¦,@PamKeithFL:,HAPPENING.\nSenator,adoption.
like,time,first,best,fraud,stop,color,@AMIT_GUJJU:,@woosandaily:,dispute\n\nNow,Voter,President,FRAUD,@rynford_:,Operation,VOTER,dream,talk,@_OurNanny_:,path.,Read,stark,space,shiit,Peace,tony,@hopeworldtear:,fans\",magnificent,photos
best,people,culture,mother,given,math,gradient,fuckers,\n#USA,https://t.co/Hf1frFmWZA,#iSupport45,goodmorning,thier,@KavliyaForever:,Syrian,asian,proud,vacation,support,doinâ€¦,cameron,mistakes,,Girlfriend,highland,Veteran,@fiz_fizzo:,Rooney,https://t.co/qjLhchv4Sb,designated,struggled
like,time,Very,fuck,games,Maharashtra,betterğŸ‘ğŸ½ğŸ‘ğŸ½ğŸ‘ğŸ½ğŸ‘ğŸ½ğŸ‘ğŸ½ğŸ‘ğŸ½ğŸ‘ğŸ½ğŸ‘ğŸ½ğŸ‘ğŸ½ğŸ‘ğŸ½ğŸ‘ğŸ½ğŸ‘ğŸ½ğŸ‘ğŸ½ğŸ‘ğŸ½ğŸ‘ğŸ½ğŸ‘ğŸ½,https://t.co/VwLms3ve3c,first,morning,Listen,beer,MUFC,Trivia:,clean-up,stop,YNWA,https://t.co/pJGjXJâ€¦,Stress,Pune,Schiff,Kangaroo,not...,INJECT,@ManUtdMindset:,happy,flying,ITTTT,youuuu,sooâ€¦
YouTube,videos,content,website,subscribe,youtube,cool,share,Subscribe,Watch,Rudys,@GotJanie:,senateâ€¦,contest,work,subscribers,Onlyfans,woman,scheduling,journalists.,photos,fire,Robux,@Jim_Jordan:,rotation,time,thread.\n\nKevin,@Speaâ€¦,.@RepAdamSchiff,simultaneously.
show,today,trump,nipples,tshirt,fraud,tweet,gift,Women,support,anyone.â€¦,@RocksyLight:,borne,,changes!,Dahyun,âœ¨\n\nVacantion,greeted,casts,@KongLam01076:,hair.\n2.,shoes.\n\nPR,Colors,shaky,https://t.co/ZpJzJYuhxb,Follower,Patriots,Boy\",MSNBC,siam,Numbers
Very,morning,amazing,Saturday,time,song,American,work,stop,Video,City.,Pompeo,Gotham,Releases','BTS:,playlist!\n\nLet's,.@AOC,Jikook,Vlive,thanks,@RanaAyyub,@KaelyrianSteel:,\n\n\"Come,justice,over.\"\n\nNigga....no.,@ONRPMFS:,fambest?rep,followan?rt,@cjwerleman:,https://t.co/FP9oNAJNkl
campaign,freedom,religion,election,Warren,Freedom,real,people,HongKong,respect,Namdaan,#à¤¸à¤¤à¤­à¤•à¥à¤¤à¤¿_à¤¸à¥‡_à¤…à¤¦à¥à¤­à¥à¤¤_à¤²à¤¾à¤­\nAny,Female.,farms,#KathNiel!â€¦,best,young,Vancouver,like,bringâ€¦,@DeepStateExpose:,Statement,tanks,rhetoric,botnetworks!,https://t.co/bfmizxPlWj,Tulsi,Rosie,Warrenâ€™s,Senate
today,Twitter,YUGYEOM,hard,time,bigot,deeper.,pretend.,@madd_madam:,gummy\n|___________________________|\nâ¤1,ğŸ”„0\n___â€¦,https://t.co/8CPa75iqh5,@tifahenna:,bang:,@Kca_14:,germs\n\nCillit,https://t.co/wvwWPRPJHT,dusted.,@prasannavishy:,funny,atheist?,Taqiya,https://t.co/ccUâ€¦,@SJofficial,Rock,aides,,gift.,replacements,Very,wine
America,education,future,expâ€¦,resist,woman,people,wound,Powerful.,@deadluvrboy:,https://t.co/fccYKn5YhZ,@SebGorka:,https://t.co/yIdXgi68Lm,Daryl,pinched,education,,jaehyun's,@jungjaehyoons:,Kurdistan,relaxed,https://t.co/K626E52Vxr,Tulsi?,really\nreally\nreallyâ€¦,United,vote,intl,imperial,@WSJ:,best,Milton
white,racist,kids,Baby,Lisa,photographer,natural,people,campaign,like,black,racism,june,australia,@samswey:,Gillum,fraudsterâ€¦,@professorhuIk:,https://t.co/MNRwUYRldK,hemsworthâ€™s,grateful,friend,photoshoot,support,woman,yells,racist.,floating,BEYOND,\n\nKim
rock,star,moon,like,pink,series,hotel,party,friend,hair,best,patron,heart,Kurdish-held,black,going,,Miami,magic,oceans,https://t.co/rUARVqTlm3,@MsKorinne:,fact,Maryland,money,NSFW,rockstar,world,https://t.co/hjhn0kpKw2,scorpio,color
like,Read,gender,whore,vote,pretty,single,funny,joke?,fuck,morning,@ManUtdWomen:,fucc,stored,Entire,money,#MUWomen,whom?,Corruption,pumpkins.,confronted,@MrTeddyTedster:,@blaqueword:,bird,reading,praxis,blower,https://t.co/CbjimoufK5,womanist,Stallion,
Allah,words,reading,Muhammad,peace,like,Quran,grace,strength,best,Somali,people,@SamSykesSwears:,https://t.co/86RSsW6AG8,Read,confession,@JohnRentoul:,childbirth,impostor,you\nhe,pain,world\nbut,\n#MuhammadForAll,hope,@helenleâ€¦,novels':\",problems.\nSupreme,doesnâ€™t.,kindness,donate
lost,home,training,Dahyun,single,game,children,plants,time,workout,tree,leaves,mother,Gained,pre-match,today,eat,,selfie,injured,,@fullsunie1:,https://t.co/oIMAGYeXX6,smile,field,,matteâ€¦,birds,catch-up...\n\n@D_DeGea,herbal,âœ”ï¸\n@AWBissaâ€¦,running,exercise
justice,Justice,Uber,Truth,American,words,world,time,first,hope,astronomical,broadway,Winston,@ProudPuff:,Aslam,turn,,crime,welder,Plumber\nYOU,Momin\nYOUR,Karim's\nYOU,Barber\nYOU,Ruksana\nYOUR,support,Fake,tides,Churchillâ€™s,[T]his,harshly.,Far-Left
power,democracy,Nigeria,hero,Zuckerberg,TRUMP,media,wealth,legend,Kpop,real,world,events,Bigil,pain,public,life!â€¦,againâ€œ,largest,beach,https://t.co/G4NyCd4dCA,@Xo_Shereen_Xo:,freedom,nuclear,Respect,trending.,Breaking,government,death,@QmagaMike:
Bernie,poll,surprise,Warren,fundraising,largest,support,Valley,Washington,history,Sanders:,Graham's,@HelenArmstrong5:,@MothershipSG:,(Jamie,Harrison),Omar\n\nLinda,Sanders:\n\nAOC\n\nIlhan,clear:\n\nBernieâ€™sâ€¦,Tlaib\n\nItâ€™s,Sarsour\n\nRashida,Sanders.,Congress,panics,massage,discoveries,unearthed,Kings,,Egypt's,gap.
Russian,Tulsi,support,American,hiring,President,people,paid,woman,Putin,media,Antifa,true,tweet,Hillary,politics,forceâ€¦,Greatness,disavows,Biden-Ukraine,Video,abortion,table.â€,Theoryâ€™,â€˜Conspiracy,https://t.co/9SWyHElxst,equating,Congress,outlet,Portland
dream,housing,fish,true,protests,people,education,elle,gas,,Together,,NAILED,fire,Today,ğŸ˜ğŸ’™\n\n#SPOOKtacularKathNiel,Santiago,@cherryemoticon:,talk,LMFAOOOOOOO,ALWAYS,,jaemin,https://t.co/iTtftnaDy7,tripled,@beverlylove:,debt.\n\nTogether,,right.\n\nTogether,,https://t.co/KGzJ4juE5u,fanning's,STUPID,Austin,@renminrise:
kpop,twitter,like,wife,girl,DAHYUN,show,girls,HALLOWEEN,support,best,beauty,superm,culture,/krt/,@666RAMOX:,https://t.co/2Vi4uQUtga,@couribruv:,https://t.co/rMNsIbSutL,https://t.co/DkNiUeaBsc,BOLD,@ShawtyRiri:,manhandling,https://t.co/pnnKOUoMT7,#KamleshTewari,KPOP,https://t.co/zuXFJ6u8MM,her???,fake,@wydanieI:
fucking,Apple,stop,reading,tweet,homework,Esperanto,fuck,treats,children,(â€¢â—¡â€¢),@Rinawbu:,\nRâ€¦,|ï¿£ï¿£ï¿£ï¿£ï¿£ï¿£ï¿£ï¿£|\n,Bolton\nBetanyahu,Cook\nMike,Esper\nTim,Pence\nMike,https://t.co/m6Zd3E9MDq,@SwaggerSouls:,@jiminscloset1:,@_TudyNiece:,nice,tired,#JIMINstyle,_differentbutsame,,weight.,Gucci\n\n#JIMIN,ì™”ì–´ìš”~!ğŸ˜‰\"\n\nâ† ,FORTNITE
people,amazing,work,Mina,teaser,unnie\",https://t.co/rdzj1tmeHq,liteâ€¦,parts:\n\n1.,sorry\n2.,right?\n\nMost,fault\n3.,refrigerator,divinely,@taeveey:,@MW_Unrest:,Video,\"quietly,https://t.co/68soxODFbj,adopted\",@MrSilkySmooth24:,morals,wrecking,real,Target,Need,best,church,Cozy,focus
city,teacher,like,stop,urban,https://t.co/jawE49tAn8,@tamacooch:,@direklauren_:,@LTHQOfficial,support,shower,@TheDailyShow:,Maya,Kiko,critic,Vietnamese,10000%,@iHeartRadio:,@ArsenalWFC:,Escuadrâ€¦,YouTube,âœğŸ»#MakeItRight,https://t.co/KzVBGkcOn9,condolences,yet:,widow,@baileymay:,exams!,https://t.co/Q8qZgLdQyG,Toronto
world,United,event,series,today,Polaroid,truly,,@g7film:,Lincoln,Euro\n\nGOT7,\nhttps://t.co/LkooRbMXzw\n#GOT7,\n\n389.99,Game,hangyul,Twitter,King,operated,,authentically,,morning,@fikaika_:,owned,,decideâ€¦,Ocasio-Cortez:,ansâ€¦,MICHAEL,https://t.co/qGrtlxd5YF,real,heals\nGOD,hears\nGOD,.\nGOD
funny,fortnite,Cute,Spanish,like,meme,reddit,fail,react,comedy,memes,rate,chanyeol,@boye_g:,Minister...,https://t.co/hNyeopRmYb,hope,https://t.co/ze1Lk9C5kI,superm,chat,https://t.co/dPoSKfy1M7,Belle,@eisrim:,sneezing,camera,paul,reinforce,government,@NabellaAnuar:,@Astro_Christina
tired,fucking,time,hard,Dems,people,YUGYEOM,color,tweet,brand,Antifa,-You,..When,American-who,..BAM,handle.,please!!,3years,world,@MimiTajiri:,Doesnâ€™â€¦,@Mr_Overlooked:,https://t.co/zf9â€¦,fall,single,promise.,makeup,@hell0erick:,Tawar,tawar
ASTROS,Anime,people,like,Dallas,Google,pasta,time,house,Film,snap,@TheIsiahNunez:,\n\n#NYYvsHOU\n\nhttps://t.co/uH672ZHtxE,Pompeo,,WALK-OFFâ€¼ï¸\n\nJOSE,https://t.co/ApCguWfTk2,Hudson-Odoi,heldâ€¦,@ChelseaFC:,breakthrough,appointees,management,,trump,LINKSğŸ‘‡8âƒ£â–8âƒ£\nâ†ªï¸https://t.co/bNduzjXwKn\nâ†ªï¸https://t.co/bNduzjXwKn,Pulisic,benefitted,LINKSğŸ‘‡8âƒ£â–5âƒ£\nâ†ªï¸https://t.co/bNduzjXwKn\nâ†ªï¸https://t.co/bNduzjXwKn,@KamVTV:,twist:,World
smile,sweet,dance,mina,heart,happy,shoes,today,real,best,world,ğŸ’ª\n\n#MUNLIV,preparations...,https://t.co/YoYvwmF6i7,@doublebeom:,@MlNDTEXTS:,https://t.co/V9AY5PaGzu,@SpooSpoo98:,goal?,happiness,@SamueILFC:,America!,https://t.co/lT2zxYhs7R,@TyreekJones13:,Sloth,unsaid,late!,kindest,@foxandfriends,performance
ocean,heart,enjoy,Video,horses,morning,green,wild,Beautiful,@QMagazine,@LanaDelRey:,horse,@dreddxn:,https://t.co/GwVpQDPuro,â €\nâ €\nâ €\nâ €\nâ €\nâ €\nâ €â €,\nâ €\nâ €\nâ €\nâ €\nâ €\nâ €\nâ €,lot\nâ €â €,sunrise,@NaturelsLit:,Unfollowed,maps,demographic,Followed,,beach,shackles,(monitored,Ocean,Buddy,forums,@dallascowboys
hard,Libra,innovation,work,fall,fucking,American,protests,kids,Mina,perspective,brilliant,,Baby,Japan...\n\nThis,true,pain,magic,illusion,precious\nhttps://t.co/FxnMg1TThP,glass,time,trading,kidding,,weekend,truth!,Iâ€™llâ€¦,thalapathy,@GlamGawwd1990:,@chinchilladas:,teethanapon
read,kitchen,Beautiful,vote,degree.,game,@darwinlechler:,like,Apologize,LOONA,Photography,Entries,important,Instead,,Sarkar,@sweet_novacanee:,https://t.co/t7gn9ewt4t,\n#Mersal,+30K,+25K,https://t.co/QKNdYArwAf,surprised.,hypocrite,book,wild,now!!,EYE!,criticizing,@andy_murray,Cats
games,goals,Klopp,game,time,today,Salah,first,Saquon,Alisson,Minecraft,Scotland,train,fall,girl,United,Madrid,battling,sprain,,mistake,,high-ankle,@NFL)\n\nhttps://t.co/OSJPi5IDN6,here!\nRefugees,HONG,catğŸ¤£ğŸ˜­,conceded,MOMO,@AMAZlNGCREATION:,Giants,Fairy
real,democracy,bears,game,YUGYEOM,Find,beauty,future,running,Tiananmen,morning,listen,Subhan,Beijing,,@pathofthesalaf_:,Adhaan,delays.,Republican,brain!,pretty,@melanindaj:,siphon,altuve,Tulsi,likely,,https://t.co/e3B6jpY0SK,Doughty,used.,@Melis_Strategic:,Tkachuk
true,worship,cancer,earth,people,Cancer,house,power,real,sports,death,HongKong,colors,world,Mina,bear,luxury,Minnesota.,ğŸ™\n\nFour-time,Peace,https://t.co/nKwiPfTKQv,Cancer.\nTrue,Sonipat,misery,Kidneys,Baroda,,Youth!,enhanced,cures,homeless
sing,song,birds,like,green,time,friend,exols,pretty,stay,house,âˆªï¼¾ã‚§ï¼¾âˆª,https://t.co/4jKaa3bSqa,fact,light?,@Poshmarkapp,#poshmark,Requested,https://t.co/gheSrNWlVm,dance,masking,@MostRequestLive:,#NowPâ€¦,procrastination,stop,#style,@deray:,singer,â€œplanning.â€,listen
like,racism,Twitter,people,share,best,happy,Milestone,English,step,,@CocaOlaaa:,Scottish,stream.,https://t.co/wQKLZM0rRa,ğŸ™ŒğŸ¾\n\nIf,@realmedicineMI,@pitbullsad,mood,comment\nNo,social,\"\nFollow,Airdrop,@clarseek_haji:,#ArmyIndependenceDay,Peach,@markkirin_:,whoosh,@stvemjolnir:,someone:,https://t.co/nrSIJ6EX1S
Listen,NowPlaying,SoundCloud,woman,happy,listen,Beautiful,words,Jazz,insightful,Radio,support,#SoundCloud,bop\nLike,Podcast,@softdahyunniee:,#SoundCloud?,Valimai,conceâ€¦,@OxfordDiplomat:,lectures,,@djxyzz:,hard,donkey,hoe.,saturday,Promo,playing:,do!!,Rainy
grateful,people,work,show,together,time,Tennessee,Corrupt,Cummings,unique,trading,bitcoin,amazing,like,share,crypto,@Mayyyyy_Z:,https://t.co/4FgCYKxDsp,ğš†ğš‘ğš’ğšœğš™ğšğš›\n#Markson,enjoy,blockchain,October,Widow,NHS\n\nTogether,Twitter,\n\nWeâ€™re,#ThalaFans,\n\nAvoid,Equal...,holidays,\n\nThanks.
listen,time,charity,Learn,Hello,stop,world,Nak,,rescuing,Schiff,Yovanovitch:,Ciaramella,,book,leftover,empathy,verâ€¦,UPğŸ”¥\n\n@GStephanopoulos,ğŸ”¥COVER,https://t.co/BQwIqEUhzb,everyone!!,train,@gloombugg:,anybody.,trump,@bala_soundar:,@NakPapaMoto_:,American,,\n(in,MOLEâ€¦,'whistleblower'.
movies,Marvel,movie,Ford,series,scary,film,character,book,Batman,World,Horror,comic,Godfather,comics,superhero,together,Netflix,first,Haunted,MOSQUE,#HongKongPâ€¦,https://t.co/aoZkBkZ7DY,marvel,@lookatmin1013:,CLEANUP:,hacker,@h8Wankmaggot45,Kowloonâ€™s,Film
mood,like,time,today,#ë¸Œì•„â€¦,Photoï½œJeA]\nBrown,Baby,trade,Seahawks,market,President,fact,Hindus,drama,lashes,jinsoul,church,@softhyunin:,:\n\n-made,for\n-made,loved\n-made,smile\n-gave,Weeknd,@animevisuaIs:,https://t.co/pfKC0lUqY8,senerade,pronounced,table.,https://t.co/aqiiyz3ErC,@BudweiserUSA)
cash,MUFC,incompetent,,money,erratic,,irritable,,funny,Abhijit,World,@khonamarie:,https://t.co/axjuUh4dTj,Conâ€¦,thingking,lost,Theres,UNITED!,Banerjee,190727,overhead,Moment\nhttps://t.co/InWowFv6rR\nhttps://t.co/xSi51dm6lt\n@weareoneEXO,ğŸ”´âšªï¸âš«ï¸\n\n#MUFC,https://t.co/p44ODâ€¦,wealthiest,settings,,moving...,@BornHooligan_:,https://t.co/hBDReU1Goi,@rhiie247:,#Hoâ€¦,@rizzzy__:
LOVE,girls,like,Momo,today,birthday,naughty,throwback,women,existence.,change,@idogyoucat:,LOOP\n~,https://t.co/YNom1y9djC,~\n\n#GOT7_for_AGASE,thala,Valimai,Rollie,â€œTea,ğŸ˜‚ğŸ˜‚\nhttps://t.co/HrFfâ€¦,Hoeâ€,â€œyour,perfect,drone,Ever.,Conversation,ideas.,@luigipacho:,tails,manâ€
October,Bigil,trending,YouTube,iTunes,Saudi,Chennai,worldwide,awesome,Bookings,Trivia,Trending,Worldwide,Tamil,Davido,anniversary,25th.,everywhere.\nWhen,anything.\n\nReason,Hits,\n\n#Khaidi,tag!,topping,resisted,KST,,stressful,,@BangtanTrends:,'mono',@DreamWarriorpic:,\n\n#KhaidiDiwali\n#Khâ€¦
hope,best,friends,people,like,happy,nice,Happy,faith,enjoy,Mexico,morning,@Diddy:,help,eventually.,future,summoning,Edelgard,wow...,healthy.,amazing,@EvaBeeSmith:,too.\",up,,,theirselves,share,https://t.co/VUR7tg56Tv,zombie.,Zaid,,hijacked
happy,time,happiness,anniversary,bottles,like,first,Nolo,exposed,people,Sneziey,soul,tiger,Luyolo,jobâ€,flourishing,Schmidt,chuu,@vantebear_:,Cece,@valerhyun:,heejin,@janiaabaniaaaa:,@Space2Mal:,@karinadoubleu:,https://t.co/5kBxb0Cuie,go!!,Baby,@aaronMCN:,Tsui,
Happy,Birthday,birthday,videos,anniversary,thanks,event,true,friendship,Saudi,Today,twitter,@bagsoverfame:,https://t.co/x7zZIfnPO3,@jaymesblond:,https://t.co/uImVq8e7N4,future,Gandhi,Youngboy,https://t.co/EYEv8YrVOh,twins,https://t.co/xiGNS8IIJv,@movementsCA:,Tweeps,,greetings,October,lovesâ€¦,Omg.,@SnoopDogg.,@exitthelemming:
today,time,space,Cancer,Mina,Sagittarius,green,courage,NASA,oceans,Snapchat,October,first,show,update,Jihyo,proud,@yannnnnn111:,stationâ€¦,it.\n\nThe,pictures:\n\nThe,Tuve,unfollower,bong,patientâ€¦,Twicetagram,Marines,,@el_yuly10:,lightsticks,ğŸ§¡#MVP
future,Facebook,economy,children,hard,Boris,Marr,green,'keep,mind',beats,@Realtor_NG:,https://t.co/cRydQp8hh6,these.ğŸ˜‡,wired,Tory,says:,@MrBeastYT:,you???,Facebook,,Arsenalâ€™s,phones.,moods,Ridge,dababy,Twitter,bride,â€œthey,*and*,sense,
Twitter,Learn,Instagram,Media,Business,content,Marketing,Health,Data,Science,hiring,Management,LinkedIn,Read,Market,Digital,Sales,Security,Services,Technology,Healthcare,Free,homeless,@SHlRLEYH:,hearing-impaired,https://t.co/lQLg1lmYni,sign-language,Policy.,Tech,apply:
dance,white,Naira,glass,beer,performance,blood,happy,time,Georgia,dancer,girl,adorable,given,Junmyeon,ğŸ˜‚ğŸ˜‚\n\nThis,ğŸ”¥ğŸ”¥\n#starboyfest,\nhttps://t.co/fJfqDGDxFC,teachers,this...but,Instagram,@MrRandyWATTsun:,https://t.co/JFZrGm2WYw,Nigerian,Kano,https://t.co/3TuEZ5iN8B,mankind,\n\nSoapy,Maris,videos
parents,proud,regret,fall,iPhone,building,black,like,Very,Like,song,pretty,trump,support,Brooklyn,cityâ€™s,fred,flying,hidâ€¦,yes\n\nthe,Bush's,Kashoggi,Epsteins,Gatie,Epstein,,ups/downs,@brentalfloss:,checkpoint,https://t.co/50dc28muCA,Kongers.
pretty,like,dreams,sweet,lady,fresh,help,Doral,home,adorable,girl,friends,pumping,others..,before?,https://t.co/afbTNipXP6,@livingd0ll:,@x_rae___:,capacity.,girls,march.,@tw_chae:,https://t.co/wWdP2ojjNL,Whassup\n191020,#HKprotesters,@ilove_hk_er:,green,Feed,effortlessly,bluâ€¦
like,dress,girls,makeup,wedding,artists,work,ghost,fact,amazing,progress,incomplete,witch,Branch,Relations,superintendent,Leonard,light,@DONJAZZY,outrageous,dinner,horrifying,@wandererasc:,adult.,Legend,awareness,burner,LEGEND,backstory,albums,
read,like,flying,vote,events,reading,real,100?,30,000?,10,000?,1,000?,people,@ayyydaniela:,https://t.co/2Lfiâ€¦,note.,deep,nightmares,hits,Hurts,@CBSNews,@srivatsayb:,#wonwoo,truth,@badlydrawnkpops:,https://t.co/svtixYeO7z,Dahlahâ€¦,@FarahYunos:,orangâ€,(à²¥ï¹à²¥)\n\n#seventeen,â€œmenyusahkan
work,morning,hard,people,home,weekend,running,Future,bcos,relax,parking,https://t.co/hG33Q0el1v,behead,faith,scrubs,wife,admit,,Kurdâ€,together,paid,â€œinfidel,teamwork!,@aqilah_ahmaddd:,https://t.co/JmUceiSkbM,@NurulImanMka:,enabled,artists,stop,today,masculinity
talk,first,people,Giuliani,women,Friends,like,Spanish,Catalan,chicken,Reading,dirty,mafia:,show,ğŸ¥ºnow,[kst],replyingâ€\nbold,@ChickfilA,restaurant,shuts,administration,,yourself?,talkâ€,soulmate,delaying,policy,,outâ€™,jensoo,heterosexual\n\nAlso,@puselletso:
Time,German,focus,Hope,time,Light,rescue,silver,Legend,#itsyourmoment,bird,methodology,Bigil,min/km,,@billmaher:,estimating,yaoi,cosplayer,2009.,crowds\nhttps://t.co/lâ€¦,#Pricâ€¦,convention.,cosplayer,,@grave_weaver:,Hollywood,@minfulchaos:,Save,ğŸ‘Š\n\n#MUNLIV,https://t.co/E9EtXPYy7n,film
character,Sana,restaurant,best,growth,stop,development,first,fuck,like,girl,Mina,Overwatch,show,#HugsforChan,ğ™¬ğ™ğ™©ğ™,\n\n#Chris,@glittery971003:,ğ™¨ğ™©ğ™ğ™¡ğ™¡,https://t.co/UHymNhoAqV,#CB97,schoolâ€¦,positive,@Neon_woof:,https://t.co/8mKqsFfyWA,bit..,declares,hero,@toptiersongs:,party
movie,Disney,pumpkin,African,film,best,Bollywood,Tamil,Saudi,Bigil,spooky,first,update,scary,TANHAJI,deep,movies,October,train,actor,poem,pumpkins,nurtured,American,Adulting,KSA.,\nhttps://t.co/wnFCpyEhiE,https://t.co/US6xOCwKI5,Mamallapuram,picturesque
walk,Game,World,first,studio,home,game,amazing,Houston,Need,hits,Pokemon,Nationals,Astros,,https://t.co/tWIgHTjFtf,@1800BUDDHA:,Falcons,Chapman,Philly,@So_Safadezas:,games,Nats,Rams,Atlanta,Championship,Election/Final,'hero',rerun/replaâ€¦,@Wordspiring:,\nâ €\nâ €\nâ €\nâ €\nâ €\nâ €\nâ €\nâ €\nâ €\nâ €\nâ €\nâ €
Black,Magic,stop,tweet,school,Congratulations,people,https://t.co/V8aroH9BKk,https://t.co/ETJHM0qjMv,@KrishnanGaniel:,https://t.co/GVscsbN5QP,(Part,alternative,range.,@MAYWARDHAOFC:,Lite,ONLY.,Friday,Nigger,@caliboycomplex:,https://t.co/VMRklX1bdn,canister,https://t.co/GFFpSpSydp,@otaku_barbie:,substance,journalistâ€™s,Women,Halloweenâ€¦,broadcasting,whiteâ€¦
shower,sport,extension,session,Mane,hockey,Design,medical,Boris,Messi,skills,Gatie:,@spittinchiclets:,@_iw77_:,https://t.co/GAFRxKc9vb,legal,@GreatWishIist:,https://t.co/o6bKMsRLxA,Logo,https://t.co/ggLHpkIHD3,Reading,Identity,Business,would,,brain,@RequestABet,lost,@lewis_goodall:,humbling,destroyâ€¦
vote,energy,positive,Taurus,Republicans,election,Conservative,Senate,party,Labour,Republican,Tory,Congress,people,British,tweet,impeachment,brain,Government,Florida,show,Establishment,PTSD,Haryana,@labourleave:,Chernow,biographer,https://t.co/QgmyPBbOyY,mind,\",polls
stay,Kurdish,Pompeo,Syrian,healthy,Conservatives,Liberals,Monster,emoji,deep,first,appeal,,show,Read,Bigil,submissive,bitch?,frees,\n\n#Thalapathy,Canadians.,Kerala...,Kerala...\n\nBox,Congress.â€,cleâ€¦,-@GOPLeader,https://t.co/RHEM7YnDxU,@theJagmeetSingh:,https://t.co/hKcD16rJAe,@RevisitedWand:,help
running,pain,fucking,girls,like,spiderman,mother,Rashford,camera,parking,party,@chrisdelia:,President,digital,death),https://t.co/uoD0YOU7uX,kins,jewelry,https://t.co/bujMcNo7zK,@Ms_Aflatoon:,\n\nâ€œIn,Yogi.,smiling.,sickle,https://t.co/vzKB232Zvp,world:,lupus.,debilitating.I,(chemo,,explain.
friends,best,thick,friendship,fucking,Life,people,amazing,teacher,share,show,humor,Dogs,stop,https://t.co/9jgxCLKCj5,@dino_comedy:,â¤ï¸â€â€¦,manners.,energy,@liltecca:,@YouLoveAshh:,bombs,,@Jordan_Coombe:,https://t.co/FFNr4OQXfY,golf,https://t.co/laSipflnNA,@NourSaghir:,@zvabi:,time,imagine,
world,history,lunch,like,first,best,Honda,Dragon,earth,parents,wild,Indians,Bigil,ğŸ‘‘ğŸ’¯\n\n@actorvijay,fucking,sketch,train,writers,euphoria,@bazzi:,wisdom,threats,,@Femmefeministe:,write.,watches,doctorâ€™s,somethiâ€¦,learningâ€¦,blaze,@ayosworIdd:
mood,like,ROJO,NGOs,Doubt,@UtdJL:,STARTSSSSSS,https://t.co/ffmMlXYUOi,@MayaJama:,winner,https://t.co/ekebWB5hvn,girl,@dilqn650,@Michael57071100,@AbeeLCorrales,Movement','Mass,'Obstructing',wife?,@tv_edis,@c_aashish:,@AbhishyantPK:,https://t.co/emL4YTRKpA,HKPolice,https://t.co/RT8g4ZDby0,Poorâ€¦,reading,lying.,said!\n\nMinister,@CSGOEmpire
Vote,Canadian,vote,Fall,Support,politics,election,Deal,people,like,Liberals,Leave,VOTE,Alberta,support,Liberal,@MaximeBernier:,@ColourPopCo:,Conservatives,#NBA,Muncâ€¦,difficult.,collectionğŸ‚,âœ¨\n\nOur,Time,Winter,mandate,Obama,CATEGORY,DANGER.
Gold,Vintage,Black,Gift,Fashion,Baby,share,etsy,#etsy,vintage,Green,handmade,Free,Women,Leather,@chewykiss:,Light,Earrings,Necklace,Fall,Handmade,Pearl,Shirt,DNDNDND,https://t.co/X5NMVUxde8,eBay,Metal,Nail,Hair,Soul
ghost,Biggest,ALBUM,school,trade,Bigil,181020,construction,SHEâ€™S,Jaguars,ENOUGH,NUEST,iKON,TULSI,#WINNER,@Realrclark25,@the852spirit:,@hunantvchina:,\nRemember,https://t.co/EWâ€¦,GABBARD,.@jalenramsey,#goodnight,JINHWAN,#Winner,JanaSenani,@MahgdalenRose:,https://t.co/WK3SJAnuU0,191006,a$$hole
Hope,Saudi,like,logo,JUNGKOOK,twins,entertainment,friends,Fire,@IdolsSA,âœ¨ğŸ’œ\n#JUNGKOOK,iTunes,prank,https://t.co/a8zpz2pfcn,real,important,mixtapes,MOTS:,áµâ¿áµ’Ê·,áµ–Ë¡áµ‰áµƒË¢áµ‰,Answer\n#131,mono.\n#2,áµ—Ê³áµ˜Ë¢áµ—,Arabia\n#1,World\n\nThe,D\n#36,Persona\n#67,#IdolSA,@badboyrepublic:,Ë¡â±áµâ±áµ—áµƒáµ—â±áµ’â¿Ë¢,
tweet,home,Help,Twitter,read,twitter,people,like,https://t.co/wZrSgVW0WO,art\n|___________________________|\nâ¤4,ğŸ”„1\n________â€¦,@daniela_florezz:,funny,reading,hits,Terrifyinâ€¦,today,@Imaginer77:,@funkeolotu_:,Ayomide,yesterdayğŸ˜­ğŸ˜­,https://t.co/XvxyqIIAxm,awesome,@k_xgh:,https://t.co/xafO5LVâ€¦,safely.,walkoff,Spam,quoted,swinging
dancer,like,help,work,Scorpios,tweet,Lmao.,media,walk,immigration,brushing,Nurse,Aditi,Life,â€œlook,Beautiful,businessman,dept,Knock,given,brilliant.,twitter,@chaesbitshh:,hair,stars,\n,https://t.co/9GXvA3U0rY,voters,,SHOTS,\"Hard,film
Beautiful,like,adorable,Capricorn,LISA,likable,NOOOOOOOO,canal.,artwork,https://t.co/JfDJ3TFp6R,THURSDAY,friend,Goodbye,pattern,switching,bath!,@CatzoniaMY:,Lily!,https://t.co/zeayF39e9i,@Football__Tweet,fact,show,(now,Happy,untill,Damn!,talk,people,@fineartamerica,@iChopTweets:
time,fucking,like,English,corruption,hair,career,pussy.,Time,happy,Thread,@robertarchives:,Worrying,Gerrard,resistance,angered,number?,https://t.co/KQ2bLYgCie,@Timodc:,sir!,HongKong,WaPo,singer,Rated,laws,,Heskey,@GopherFootball:,\"Your,beauty,breaking
like,park,jimin,mood,friends,iphone,cars,iPhone,dream,iPad,survival,@nochudevil,@JDNalton:,https://t.co/nQ8v6tom4n,@PandaGifter,flexed,@SRhyheim,Jeon,chanyeol,@ReddzLeon,read,truth,@yurioberon,vocalists,parked,@colomental_:,https://t.co/mdktA9zDRgâ€¦,@AshramEstore:,well.\n\nDownload,@peppablink:
train,like,time,first,quotes,Schiff,understanding,,loyal,,nasty,,@peterquillsI:,stay,impact:,https://t.co/GSWsNEYbl5,@GregGutfeldShow:,#Gutfeld,nap.,needy,girl,EXCLUSIVE,young,trains,Kicking,woman,ironic,nct127,@kdyyyyy2:,video?,dawn,Somehow,President
Special,Virgo,like,Beautiful,hair,@SolidADNTRENDS,@SAT_RandomGames,Coffee,update\n\nâ€œGOT7,AGASâ€¦,sticks,GENDER,PERIOD.,fact,https://t.co/d2Zmd7LzHW,@snuglytae:,taehyungâ€™s,funny,show,https://t.co/U2HtAm0RJk,https://t.co/FyvRe2m0fp,â€œ(ğŸâ€¢Íˆá´—â€¢ÍˆğŸ)â€,@Darwaine88,@jpaap,@WDabuet,@sherrypie18,@prettymai_0105,@MarleneSalsona,@LadyRedWave:,lmfaoooo
rain,Bigil,TRUTH,Youngjae,government,Mustafa,Ahmad,Sino,civilians,,2500,kyungsoo,house,Punk,#Jessica,al-Ayn,Rasho,,winner,@mustefabali:,Hazard,XOXO,peddled,kerala,WINNERS,Biggest,#Youngjae,@madhukishwar:,â€˜But,Musâ€¦,#ì•„ì´ì¦ˆì›,palette
hero,dragon,College,neon,friends,it!\n,â€œChoosesâ€,earthquakes,Today,seed,rack,purge,crimes,,show,ISN'T,photos,thanks,@nobuME_30:,deserved.,essay,LISTENING,faked,giraffe,Careful,sales,#BB13,unicorn,#adoptmetrades,consâ€¦,@pettitmafia:
like,stop,time,show,photo,Science,wild,seteth,@flamingopunch:,https://t.co/SPz15Ppozl,CAREFUL,tweet,https://t.co/20DRNCLIsY,@JiminsTaeddyb:,Class,repost,Caturday,experience,,best,@simmnfierzig,Fantasy,@kenklippenstein:,https://t.co/aCwWISDvUH,content,respect,together,Nolan,Raven,@mlcalderone,#Caturday
black,girls,women,parents,white,people,pregnant,hair,like,diet,superiority,throwback,important,https://t.co/lm5IacTOxD,@smh_natii2:,woman,kpop,https://t.co/LTZxLWZjq2,young,@body__w_et:,@itsOddFuture:,https://t.co/chcM1G3BTq,@_sajot:,jaehyun,https://t.co/DwQt6ytLEv,change,lolzâœŒï¸ğŸ˜š,anxiety,pengest,real
jimin,song,healthy,park,iphone,heart,help,listen,like,talk,wild,potion,energy,shrek,exactlyâ€¦,@kimvanadium:,@GIRLMEETSEVlL:,happy,yoongi,@copeland2x:,https://t.co/OwvtZR8eFp,throwback,https://t.co/AlkmRuSHBJ,enteritis,,Carl,@TAESUNlVERSE:,https://t.co/RfybGxfLyb,'beautiful',bighit,ğŸ˜\nhttps://t.co/TFwX0fNsdm
people,like,white,real,reciting,reassuring,winter,prayer,Zone,@dylanthegypsy:,https://t.co/H8gINAi6uN,lyrics;,@MsAvaArmstrong,happy,teaser,Investment,impacts,felix,fandom:,*open,@Edward47058863,@bangtanism89:,Yuvi,positive,https://t.co/Ld7hitclFS,https://t.co/sLZ1hSRcFl,youtube*\n\n@BTS_twt,respect,hyunjin,Twilight
people,legal,first,death,time,money,pretty,remain,Mumbai,dance,listen,hard,help,@SonyTV,#WeMissAshDeepInYUDKBH,experimental,internship,necklaces,initially,@001Danish,@gauravcsawant:,@ScottHech:,@OANN,https://t.co/2elF8Rv0Wk,NOLA,whistleblowers,@sumeethmittal,Waits,storage,kalau
single,Scotland,song,people,best,Venmo:,moly,,JKbday,#JKâ€¦,40!?!?......,daily,videos,@alekia_:,https://t.co/SOBkGc8MOB,unique,@yashar,@nrzhda:,@StickboyBangkok:,skin\n2),has:\n\n1),math\n4),face\n3),skinny\n5)â€¦,Hop,,Ireland,https://t.co/eQJ4edHxkZ,billionaire.,@HasBezos:,@John98838917:,school:
energy,shopping,Capricorn,flying,morning,budget.,British,one:\nLiterally,https://t.co/qreaPQabCi,#SpiderVerse,@pinot:,@joelycett:,https://t.co/Miqg6y4PNj,London!,android,Palestine,today,army:,â€˜get,stranger..,@Aimnhazmi:,https://t.co/tjbMPM7VRb,Staâ€¦,overâ€™,Lock,star,Africa!,wick,@fireboydml:,'One
like,costume,diabetes,peace,world,mindset,pregnant,yet,\n\nHillary,Assetâ€\n\nBut,https://t.co/kGgfyr3jU0,@Jacquees:,psychology,@Dylan_wadley:,https://t.co/22Xpni1WQt,@c_bhatoey:,show,dough,some...,draw,pleaâ€¦,@lizzo:,EXCLUSIVE,https://t.co/fhAvsdFO73,dream,@CuteSlutty:,stooge,cancer,@hwanghyujn:,now!!!,vegan
Murray,Need,today,Dolphins,squirt,Singletary,ğŸ˜…ğŸ˜…ğŸ˜…ğŸ˜…,Burisma,@MatthewBerryTMR,baby.....,borahae,https://t.co/R86hC0TDTU,@YahooFantasy,yixing....,https://t.co/Ne2DZSd1yt,@aliceintrapland:,@BenSchragg,game,piss,#FantasyFootball,@MyFantasyLeague,@heathcummingssr,Solomon,@SiriusXMFantasy,Austin,trade,@tonklinton:,Flex,flex?,@FieldYates
history,American,fact,@rizickyusuph1:,Inkigayo,Valimai,fixture.,ğŸ”¥ğŸ”¥ğŸ”¥ğŸ”¥\n\n#Valimai,Neverland,https://t.co/WuTtJjmJY6,@qyscha_:,Legoland,evacuated,with\n\n\"It,https://t.co/T56Bvc2QGh,militaty,zaman,mediaition.\nToday,,certainâ€¦,ini.,isac,pada,Bull,surprise?,Today,@annazrulan:,https://t.co/3l6DtD7wgz,https://t.co/VKtOKyiz4h,co-MCs,@AEWrestling
blog,people,President,time,Fake,photos,peace,first,girls,goals!,Soul,ğŸ˜±ğŸ”¥\n\nhttps://t.co/fâ€¦,brand,read,#got7,PICTURES,work,persona,Result,smile,@ateezbee:,MONTHS,smiles,,Preach,woman,Poroschenko's,irresponsible,Davido,inappropriate,Lucknow
people,mood,today,hits,support,money,Send,conservative.,stop,hates:,soldieringâ€¦,@ananavarro:,museum,@Ionelybxbe:,https://t.co/6kNlh7udrZ,home...,twitter,Rampalji,scriptures.,https://t.co/G6Ic6KWAHV,muslim,thatâ€™sâ€¦,XiaoZhan,show...,trending,#à¤¸à¤¤à¤­à¤•à¥à¤¤à¤¿_à¤¸à¥‡_à¤…à¤¦à¥à¤­à¥à¤¤_à¤²à¤¾à¤­\n\nSpiritual,3:30pm,@TheAdultMood:,Demie,https://t.co/7pXwi139Aw
like,stories,community,stop,people,pokemon,@thespybrief,journalistic,Twitter,media,fire,defensible,https://t.co/hodQ0H4AwU,@yeolalot:,somi,tempo\nhttps://t.co/6ggGVj45d1,@20committee,Hatchet,matter,,@john_sipher,baekhyun's,https://t.co/pn1aGFwVDp,ANTHEM,@liddolbyun:,him\nYou,\"STILL,@911CORLEBRA777,https://t.co/fLLdjM5Q63,rolling~,@LouiseMensch:
like,world,first,pretty,FIRST!,https://t.co/dtzimD1X3d,yixing',https://t.co/3DWei6tDs3,FJFJDKKF,'puppy,\n\ntHIS,inability,psycho,negative,,pls.,lovebirds!\n\n#SPOOKtacularKathNiel,https://t.co/Zgrpzl5Lx4,storyline,irritating,game,hard,chased,@OpalsJimin:,respect,Waiters,runninâ€¦,heat.,zone.,33,000,color
people,Update,Bercow,talk,reference,time,@Telegraph,reppin',https://t.co/mdBsEA5nbs,@NHL.,first-place,ğŸ”¥\n\n#OneBuffalo,henchman,REVEALED:,lady,content,support,eliminated.,@Out5p0ken:,tiktok,https://t.co/RH85Cx0hKr,\n\nhttps://t.co/Ien5j8HPDt,LIE???,'strayed',first,draâ€¦,https://t.co/LmqY1qMixo,downfall,characters,,https://t.co/ZhbGntGiDx
time,like,best,draw,real,world,corruption,attack!,Moslems,popo's,@WestieJordan:,show,enoughâ€¦,DONKISS\nFreaktastic,@GoldenKnights:,@immancomposer,\n\n@galattadotcom,\n\nBringing,#Adichithooku,Mina,decades.,@FBI,@ThegirlJT:,SOFT,people,shineeeee,Travel,wings.,https://t.co/sRtLIhSIem,holdâ€¦
vampire,goth,like,Jaebeom,paid,job),â€œrather,helpfulâ€\n\nâ€œi,work,time,talk,Copy,hkpolice,numbers.,â€œfuck,song,undo,#PS4share,involving,buttons,#JAYB,sock,slayer,Beloved,Sunshine,POLAROID,Intense,$275,USD.\n\n#GOT7,Comeback.\n\nâ€¢
Europe,people,breeding,stream,coffee,Respect,BIGIL,https://t.co/ctEH6CfWzW,rule.,media,Schiff,Surprise!,Murray,change,co-conspirator,testifying.\"Alice,\n@realDonaldTrump:,Wonderland\",Verdictâ€¦,youâ€™,library,mmmm,in-game,https://t.co/RHN8ZQIyNY,tree,dunks,murder.,President,EDDIE,makeup
best,gradient,TAEMIN,Suriya,first,World,LMAAAOOO,death,https://t.co/9oGAHHsWuv,fall,BANGKOK,#Suriya,Beautiful,Gaaru,@moncheri718:,\n#2019BESTOFBESTINBKK,ğŸ˜­ğŸ˜­ğŸ˜­ğŸ˜‚ğŸ˜‚ğŸ˜‚,Singam2,TAEMIN\n\n#TAEMIN,https://t.co/yk7PNpesJk,https://t.co/cEuUIOHmyO,@ryanmcnally95:,#NGK,Mahatma,Buddha,injection,#Suriya39,precedence,apologized.,cartoon
sharing,like,real,important,Durham,Deep,Rohit,classic,Fake,Very,Media,interview,positive,facebook,stories,help,talk,water?,Worried,Facebook,ordering,tired,@Unexplained:,@JoeHoft,today,twitter,https://t.co/pXfrMvrUpN,@milkteu:,composure,Happening:
birthday,Happy,happy,best,Birthday,weekend,hope,girl,Hope,today,career,like,Send,enjoy,amazing,event,gift,Stays,yeah?,birthdays,@ConservaMomUSA:,indisâ€¦,Philippines,sweetie.,real,@_kiatakahashi,Happiest,https://t.co/IcfeiMy6yj,awesome,KIANO
YUGYEOM,regret,fuck,yusol,@yuunisol:,https://t.co/wePre9nGST,brain,DONG,Jude,https://t.co/yV6Ep8ezPj,read,@LATINCULOS:,Benefit,KHALIFA,BLACK\n\nPART,reflecting,History,AGENDA,Confirms,important,@worldbestsmiles:,@JenPal4U:,stay,monolingual,$16.3M,@jmzhome:,WORTH!!!,SPREADS,https://t.co/N4aoGsYDcX,https://t.co/NkkgYCXzv4
like,amazing,Indian,jimin:,Effectively,responded.,CFVs,best,Sectors,shahkot,Jura,,Nousehri,pete,exposed,ma'am,brian,,https://t.co/fdvKknbW3e,@aylaffyu_:,\n\nLooking,American,Stormi,davidson,together,Ladakh,@rajnathsingh:,money,volunteers,Chewang,Rinchen,Setuâ€™
like,CHAN,cooking,city,LOVE,shading,help,instagram,Steal,Peace,lisaâ€™s,Marc,surprise,best,Car\",:\njisoo,https://t.co/Ud3NBmc9k7,empire!,anti-piracy,@_Rewhan:,Fact:\n\nRemember,https://t.co/VxnAA9d8Ds,real,Twitter,Peaceful,first,cheaper,selfie,iKON,update
Google,daddy,fuck,naked,tight,milf,#ìµœì˜â€¦,thick,#cock,\nGOT7ğŸ’šğŸ’šğŸ’šğŸ’šğŸ’šğŸ’šğŸ’šğŸ¥\nKEEP,naughty,fucking,hairy,@androidauth,butt,@mnmlcase,#ass,#tits,cumshot,balls,muscle,one:\njimin:,cumming,chat,masturbate,#nudes,Throwback,#milf,lingerie,hard
ALBUM,MINHYUK,SHOWNU,selling,HELP,stop,poster,HYUNGWON,@38_degrees,@gumtree,@Official_MX_jp:,Africa,KIHYUN,beer,seungyoun,@CNN's,bombshell.,\"htâ€¦,winner,\n#ëª¬â€¦,#MONSTAX\n\n#ëª¬ìŠ¤íƒ€ì—‘ìŠ¤_ì»´ë°±,#KIHYUN\n#í˜•ì›,GROW,#HYUNGWON\n\n#ëª¬ìŠ¤íƒ€â€¦,#JOOHONEY\n\n#ëª¬ìŠ¤íƒ€ì—‘ìŠ¤_ì»´ë°±,Dating,festivals,instantly!!!,escorted,#IM\n\n#ëª¬ìŠ¤íƒ€ì—‘ìŠ¤_ì»´ë°±
ESPN,Football,Ocean,Vegas,Championship,photo,GOAT,friends,@hollandcourtney:,flowers,@ani_digital:,Ram','Jai,https://t.co/KGOGTâ€¦,Basirhat\n\nRead,Bengal's,ICYMI,it...\n\n,https://t.co/aWKC9huVil,Listen,divorce,BABY!,College,@samoyeon_:,@arsenalsguts:,https://t.co/tVz9EUOy2I,Messi,maeng,Fantasy,beast!
interview,mark,clip,Britain,Mistress,best,Class,LGBT,President,Prince,TZUYU,October,kindness,Vandy,#íŠ¸ì™€ì´ìŠ¤,#TWICEÂ Â #Maleficent2,Bobâ€™s,@SECNetwork)\nhttps://t.co/XIojgd4kHt,Marshallâ€™s,community?,@_missssbk:,https://t.co/HYETvtHs2y,Anyâ€¦,morning\n\n#ì¯”ìœ„,ONCE\n\nDonâ€™t,https://t.co/TRAHHqFâ€¦,2050,,1976,\n\nHello?,ğŸ˜‚ğŸ‘Œhttps://t.co/yWaV0Oc7yS
young,Congratulations,Today,like,first,paid,promise,,Americans,@Neelofa:,@hnybeezzz:,brightness,#sylvixweek2019,friends,significance,Lawyer,@tanawwww:,#BlackMagic2019\nFROM,https://t.co/c96sdJ35Mr,https://t.co/NBkMh0W8v8,song:,@LindseyGrahamSC...,â¦@realDonaldTrumpâ©,https://t.co/O0o2Yla2r4,https://t.co/GwMmjx2cam,lifeaccordingtopoetry,Heels,fucking,today,gayâ€,60:3
like,lion,single,real,Peace,https://t.co/PZKJNJfdWI,woman,home,American,cool,Mina!\nThank,Marianne,brand,Jinâ€™s,movement.,hope,ARMYâ€™s,politics,post\n\nğŸ“·,@BlentGirl:,killers,https://t.co/U0DXXSwghZ,___________â€¦,@DewaynePerkins:,Jaemin,winning,History,@DavidWohl,uttered,pool.
stop,people,stream,show,tweet,HongKong,vote,Pewdiepie,time,deep,Life,(mixâ€¦,pewdiepiâ€¦,money,@quistalktoem:,https://t.co/qVpvwFfmgN,wedding,wonâ€™t.,wrongly,@Anna_Soubry:,important,#Parliament,@AdDien90:,winning,@CaucasianJames:,@HVALSlE:,faith,#JulianAssange,extradition,warming.
girl,single,time,like,Capricorn,friends,kpop,lost,focus,makeup,trap,angelina,thanos,jolie,chat,outfit.,measuring,talk,https://t.co/MLWK2IIFGc,@tbyaisha:,@caaadestone:,https://t.co/uDASz2F5â€¦,daddy,@xxmalaryy:,shirt.,outsold,pretty,*when,@NikitaDragun:,@ehmawi:
like,Snapchat,á¶œáµƒáµ˜Ë¢áµ‰,@malayopangumaga:,Ê·á¶¦áµ—Ê°áµ’áµ˜áµ—,Ê³áµ‰áµƒË¢áµ’â¿,Ê³Ê°Ê¸áµáµ‰,https://t.co/Mfs8QA5BBa,@ssyatul:,Review,sliding,#ê¹€íƒœí˜•,\nLink,today,@KensingtonRoyal,amazing,\n#taehyung,â€œMark,@fruity_GIF:,@ClixHimself,Watch,MIGHT\nBI,clip,feet!,@ukinpakistan,way?,far:\n\n-,flame,@The_FortniteGuy,@Pate1k_
dancer,time,bird,Ahead,nevermind,pick-six,students,ğŸ¤¯\n\n(via,@AF_Football),\nhttps://t.co/RMXRH3tC5z,ref,,*blows,seonghwa,Florida,JAEHYUN,@watanabekou,whistle*\n\nGK:,injured.\n\nRef:,ğŸ˜\n\n(ğŸ¥:,)\n\nhtâ€¦,@Troll__Footbal:,translations,Family,two,,Reveals,Cities,democracy,enthusiasts,harassed,THANOS
heart,house,proud,@aimanzhaikal_:,brain,@KeralaBlasters,#HeroISL,yibo,Juvenile,Everton,$2,000?!?!,#KERKOL,@IndSuperLeague,@EmojiMashupBot:,BABY!!,@uniq5s:,ğŸ³ï¸â€ğŸŒˆ,@tyIerzilla,OKAY,@IndSuperLeague:,\nğŸ¥ºğŸ¥ºğŸ¥ºğŸ¥ºğŸ¥ºğŸ¥ºğŸ¥ºğŸ¥ºğŸ¥ºğŸ¥ºğŸ¥ºğŸ¥ºğŸ¥ºğŸ¥ºğŸ¥ºğŸ¥ºmy,@uhmLoLnah:,ğŸ¥ºğŸ¥ºğŸ¥ºğŸ¥ºğŸ¥ºğŸ¥ºğŸ¥ºğŸ¥ºğŸ¥ºğŸ¥ºğŸ¥ºğŸ¥ºğŸ¥ºğŸ¥ºğŸ¥ºğŸ¥ºğŸ¥ºhttps://t.co/a4GzMovnd4,@Bre_aun_na:,match!,support,gestures,https://t.co/6TQjkjb9cy,motivation.,â„ï¸â„ï¸â„ï¸â„ï¸â„ï¸
United,Manchester,President,Live,Rashford,Salah,Stream,today,Watch,MUFC,teacher,courage,But.\n\nMelania,Time...\n\n,gracefuâ€¦,stream,Leagues,first,https://t.co/sJxpVo90e3,ğŸ˜¬6ï¸âƒ£,united,@politico:,goals,Young,,Forrest,Barr,,Trumps,Listen,States.,Wan-Bissaka,
hope,ESPN,LOOKS.,LIKE.,@natasharothwell:,BEING.,ALLY.,@smhbrook:,https://t.co/GwO76uKJ5s,probaly,windchill,https://t.co/oWMZ2FnDA5,lmaooooodeletoooo,event,milky,smart.,teller:,$1000.0\n\nbank,$3.48\n\nme:,https://t.co/2018E5Uil6,@mustymichelle:,Chen,#ImpeachAndRemove,Wale,Fries,FUNNIEST,johnny,sour,radio,,CHANNEL
morning,first,Bigil,city,Update,thalapathy,American,poster,Australia,secularists,Soul-stirring,'out,world',#Bigil!,\"co-existing\",ğŸ’¥ğŸ‘‘\n\nClick,@thisisysr,XiaoZhan,@Oceandiversity2:,eat?â€\n\n,https://t.co/4nSOU3IhKx,Tampa,Valimai,#AjithKumar,@adamclanton:,Boffum.,https://t.co/Rg7W7cs7Ns,@Adorenuuu:,#à¹€à¸‹à¸µà¸¢à¸§à¸ˆà¹‰à¸²à¸™,people
pretty,like,death,thanks,white,allergic,elsa,United,in\n,young,@vaIkyried:,https://t.co/XvFa6RUâ€¦,maleficent\n\n,Twitter,work,heat,â€¦,wasn't.\nBurn,@JYPETWICE:,'flex',,@fakehistoryhunt:,'cramp',today,Libya,Hillary,age.,#FeelSpecial,Watch,Special,help?,@kayanyildiz_:
like,read,people,world,October,FACTS,happy,adulthood,@dgpup,World,today,Reds,threads,@Camila_Cabello:,As***le,Brexit:\nThe,abortion,pro-EU,Biographical,@Ketnipz:,health,,Thread,https://t.co/QryGklvc9E,https://t.co/AADoFEAiRH,@Uppolice,https://t.co/Mm6iHzLM5W,anniversary,@mnrrntt:,Stevens,Haley
photo,best,Very,HongKong,liar,share,Instagram,Yoongi,@sunnytaeup:,@shanmushy:,#watercannon,Execuâ€¦,photos,like,American,awareness,\n\nAs,\n#IGOT7\n#GOT7_for_AGâ€¦,\n\nâ€œGOT7,today,armor,@elpinchegordoo:,https://t.co/yyhy7Eb9M7,@jenanmoussa:,@jenlisasvibe:,https://t.co/UHEsLkYsQc,wife,Perfect!,@Delilsouleman.,apple
fire,given,tree,Tacha,students,like,masks.\n\nFoâ€¦,@versacehome_ng,@itsindysev:,looks.,Kittredge,,https://t.co/a5tbktfRgP,Fire,Bhakti,swindler,sunshine,Tatva,darshi,teachers.â€¦,people,CURED\n,cease,@burnaboy,Devils,@bizzleosikoya:,#à¤¸à¤¤à¤­à¤•à¥à¤¤à¤¿_à¤¸à¥‡_à¤…à¤¦à¥à¤­à¥à¤¤_à¤²à¤¾à¤­\nAIDS,dropping,,suffer:,#ë°©íƒ„ì†Œë…„ë‹¨ì§„,@MKBHD:
game,yoongi,today,christmas,like,Cowboys,Texans,hoseok,Bears,soccer,Saints,Colts,song,Apple,@MACHE275),https://t.co/ioDQQqMtiv,@brkicks\n\n(via,@rosaalieee:,@JamesCageWhite:,https://t.co/mScCSJLnVK,app,I,Brooklyn,tripping?,https://t.co/A64qYWuYaj,@MtvTone:,fact,\nYouâ€¦,lost,Arsenal,https://t.co/rAxzmpJd9F
women,like,Beautiful,woman,cool,amazing,earth,Women,black,walk,tired,@GeekRemix:,shawl.\n\nI,stop,@yrsunflower__:,attitudes,,space,,first,Lately,protest,,feminists,uniâ€¦,\nAre,few,,kidding?,â€œTrump,hoax,,disrupted,embarassed,justin
like,people,mood,money,donate,peace,energy,babe,fake,real,Afghanistan,slytherin,gangsta,lotta,illness.,reading,bank.,Chronic,bank,,weather\n\nWind:,stop,robber,@unicornthorn:,friend,golfing,liar,Â°C\nHumidity:,important,mindset,Harry
like,summer,best,work,time,beach,Like,rock,draw,@naudiad_:,spooky,#SweetestDay,relationship,,https://t.co/TRmOEuqFQW,@jaynooch:,howâ€™s,https://t.co/0hfQSsV2Wh,minecraft,world,house,Blessed,President,corruption,brain.,College,October,show,going?,present.,overflow
support,thanks,Americans,show,impeachment,Support,true,women,Obama,shoved,fueled,tryingâ€¦,briefly,Varun,\"have,public's,LOVE,USMCA,#BiggBossTelugu3,morning,@IndyaMoore:,inquiry\n#ImpeachmentTaskForce,Monday's,raffle,Remembâ€¦,happy,https://t.co/NuV8AVYGda,@MalcolmNance,effort!!,Blam!
like,time,color,model,twitter,Green,â¤\n\nCongrats,millionaire,,performer,,@Dafhneyy:,https://t.co/EfFD1NYIâ€¦,soft.,disgusted,election,@TakeAShilllPill:,best,increasing,,ahhh,deep,learning,ELIMINATED,leak,@YouTube,,\n\nhttps://t.co/SlknJem3lc,Startup,Gloves,share,,@arannaxxkatana:,https://t.co/KuW0bVx36P,Archive
YUGYEOM,like,reference,fucking,PACK,personality,,Twitter,morning,LOVE,Dome,World,Congratulations,GO!!!,bonus.,Stephanopoulos,Ukraine:,tespit!\n\nWell,https://t.co/dd0kLDkeY2,Yerinde,@MevlutCavusoglu:,UPSET,@LilTunechi:,reactionâ€¦,today....,@OWMENFESS:,MMA2019,writhing,Kartarpur,https://t.co/djySNT4jB5,@curledbitch:
calm,fuck,like,WONDERLAND,Beauty,@ATEEZofficial:,Smile,EP.FIN,#WONDERLAND,RECORD_EP,Behind\n\nhttps://t.co/DVLdbB6eG6\n\n#THE_RECORD,Mimi,forgets,Again.,francisco,days...,@milkshapes:,Baltimore,https://t.co/a9Acun8HZW,@_miyamarie:,https://t.co/LylIyAFUZ7,ğŸ”¦\nRun,87\n\n@BTS_twt,@mintyoon09:,stay,needs,,@iiiiiiQra,@jimoticons:,@BASEDSAVAGE_:,https://t.co/CKzmx8OUGo
Jesus,King,Christian,mother,earth,Christ,Church,church,Action,time,rubber,Family,Bible,soul,Children,Wendy,Catholic,crackdowns,show,today,girlâ€,Media,like?\",trafficked,Satlok,lot...\",Sierrâ€¦,\n\n\"CNN...I,Christ.,place)
best,morning,like,taekook,listen,happy,Government,0:20,#taekook\n,\"V-ssi\",\"neh~\",,â”€â”€â”€âŠ™â”€â”€â”€â”€â”€â”€â”€,1:43\n,Southâ€¦,first,malay,@knightlaiart:,@adlynazal:,@drugsfromchina:,https://t.co/KhnabWjtzd,more?â€,freaky,Dems,Need,@TimesNow,salmon,yetğŸ˜,https://t.co/kmkMe4JjEy,work
first,Republicans,tweet,kookoo,game,Trumps,\n\nSee,important,goals,twitter,kids..,Need,\n#SundayMorning,noon!,https://t.co/A5IT3nClWb,@vantegcf95:,Waco,,song,@itsJeffTiedrich,Leadership,.@Milbank:,motivates,@MikeAdamOnAir:,MOVE,bestest,strength,,issues,,poorer,â™¡\n\n,returns--Joe
like,time,Warren,stay,house,world,hope,American,populâ€¦,@adamcbest:,\nPray,@jha2K2:,https://t.co/EgmmwrUvgz,\"copy\",addiction,peace,Balance,transferred,paid,Sailor,NIGHT!,behind-the-scenes,Radio,retweets.,Staying,https://t.co/wDrX1gxrR2,CHICKS!\n\n#BlackMagic2019,ğŸ¤£LIZQUEN,animation,Tournament
like,best,Bigil,today,twitter,help,talk,October,butt,heart,Vettri,Cleveland,#Vettri,pretty,bomb,\n\nNearly,\n\nOct,way.â€¦,Warren,,transport,@Yankees:,Lmfaoooooooo,PewDiePie,game,@nathanlawkc:,people.\n\nThis,character,\"Chinaâ€™s,\n\nGovernment,China:\n
like,soul,peace,Giants,walk,Lecturer:,https://t.co/0H2tHGsgqV,theatre:,*asks,@Aliyahjx_:,https://t.co/R4HnofT9ha,question*\n\nEveryone,people,true,world,hair,Kenya,Mina,meditation,hapâ€¦,help,talk,bookmarks,young,Celtic,house,barber,@baekstudios:,shop,,#BharatWTPonZeeCinema
gold,people,heart,women,fact,orlando,@eradikaiit:,https://t.co/RJPFoXLXsB,Michael,share,settling,happy,mario,https://t.co/mB24E6T716,@CarloThatguy69:,diagnosed,autism,Space,overwhelmed,Warning:,games,read,help,learning,disappointed,,lool.,proud,Nurse,autistic,wander.
like,money,weed,best,read,cannabis,pretty,marijuana,Bigil,@realDerekUtley:,https://t.co/FXZ2OAD4na,assignments,stop,wheein,@Amin_Nuestt:,together,Life,glitter,@slurpee_crank:,Brennan,,classic,fuck,Jadual,https://t.co/eHUMWNvrQg,Hidup,you,\n\nMy,Clapper,,â€˜angauâ€™,Trump.\n\nWe,vaping
truth,beauty,stop,Gang.,#GlossyPosse,https://t.co/yimv6gsnAz,bartender,@celestialhoseok:,https://t.co/IMVFU6PeNm,leans,@904sav:,https://t.co/gm90UiJAza,Vlive\n-Joon,Weverse\n-Jin,\n-'Make,MISSED:\n-Jimin,views\n-LY:TEAR,sneakily,https://t.co/DYoZpMfkC8,INCONSISTENT!!,Sooner,@KeviaTa:,Cantina,kaviliya,hope,@tmorello:,OHMYGOD,careful,,nooo,MUFC
like,today,Netflix,people,Very,hard,talk,work,gym.,update,@bilbowt:,show,WINTER,BIGIL,LOVE,SOLDIER,FALCON,stop,#BigilMovieBookings,https://t.co/VvVSRKanWA,it.\n\nI,@Sarge_Mt:,proud,https://t.co/j0Mzjkur8g,@netflix,\nTHE,permanently,@CollegeGameDay,protests,France.
like,Contest,NUEST,Valimai,Brussels,@ABSCBNShowbizUP:,Mark\n\n#MarkTuan,https://t.co/PefFam4Fâ€¦,Tuned..!â€¦,guyâ€¦,Trick,@vivoree,cosy,photographed,naruto,cheese,rock,hottie,pigeon,babe,guysâ€,@hashtag_CK,catchphrase,@freshhel:,Youtubers,top,,Chiu,debate.,@drealmckoi,Annoying
read,morning,Twitter?,@Snowden:,inaugurations.,https://t.co/sXqqYi0k86,@RandoTheReal:,real,Phoenix,https://t.co/AXAesp3s4T,TRACK,Apologies,review,hits,producer,@HongKongHermit:,Bigil,Joaquin,@Nativeesoul:,https://t.co/2nALRFYueg,GOING!!,@Boyslv93:,Stolen,aloud,together,Costa,valor,movie,kurds,offline
Obama,people,President,Security,lifestyle,Intelligence,,titanic,Atlanta,Attorneyâ€¦,EVERYTHING.\n\nAn,Adopt,@tinyanimaIs:,shortly.,world,Huntington,nuclear,@VistaEarth:,ğŸ‡ºğŸ‡¸\nvia:,https://t.co/giNxUXp1rU,ryanlongnecker,America,\n\nMulvaney,@ronnui_:,@nightbarbie,references,sex\n-boring\n-overrated\n-short\n\nmaking,hummus\n-I,\n#SundayMotivation,Sweden,https://t.co/lDT29wWLnz,CREDIT
Harry,people,Prince,real,Twitter,time,wine,world,else-,https://t.co/9Q90UpwecO,GOOOO,publicity,@LMcCullers43,single,businessâ€¦,#HongKongRioters,Today,#bbnaija,@katyperry,diwali,Journalist:,dumb,,Download,@StandNewsHK,\n#PoliceState,\n#HongKongPolice,,#FBI\nCredit,#StandWithHâ€¦,name?\n#Police:,deluded
USSD,data,mobile,communication,ALLEGED,STATEMENT\n\nDISCONTINUATION,NIGERIA\n-,@chikanels:,N5000.\n-â€¦,NIGERIA\n\n@DrIsaPantami\n#FMoCtoday\n#FMoC19\n#FMoCStatâ€¦,market,science,digital,deep,@najihahermy:,@LlZARDHEAD:,https://t.co/JDfHPoYGOp,*exists*\n\nartists:,message?,attentionğŸ˜,attractive,like,https://t.co/k0n0q05mwZ,#NextLevelOfDoom,taxed!,serendipity,suspension,government,money,DoNt,@jccaylen:
meow,YOONGI,Congratulations,immigration,America,single,spray.,stinging,Colonel,SecDefâ€™s,chemicals.,mosqueâ€™s,retching,environment,President,Impressively,,https://t.co/qwIOeWavKp,unwilling,SUGA,Bartender,fact,$123,548.40,year....ğŸ§\n\nA,\n\nğŸ“·,\n\nCongratulations,wildlife,Edward!,@cntpatricia23,\n@maymayentrata0â€¦,#JHOPE
winner,first,party,time,hair,pretty,tattoo,home,forward!,October,people,@Forbes,https://t.co/EExtT4j5PM,Marlians!!!,myyyy,@MichelleYs11:,soberano,brand,https://t.co/osCq06OAxi,best,delicate,@info_seoyeon:,https://t.co/ZOIW7rcLts,afterğŸ˜­ğŸ¤§ğŸ¥°,#HTTYD\n9,@TravelVida:,#SPOOKtaculâ€¦,tonight!\n\nCheck,Back!,@Pschmeichel1:
like,English,world,mood,analysis,ALARM,BELL,Agaiâ€¦,RINGING,neat,TAEHYUNG,airpods,photoshoot,realizes,â€œyeah,friend,(Full,light,Version),Martinez,shorter,best,#NCT,grammy,criticism,,\"no,hard,#TAEHYUNG,#TAEYONG,sloppy
like,people,dirty,trade,best,show,hope,kpop,Philadelphia,writer,completing,balls.,drugs,,Twitter,@seobingsu:,samsung,,kia,,Hyundai,,first,invites,progress,memes.,@JesseKellyDC:,games,Ramsey,,Albano,@Nitomatta:,winning,soccer,https://t.co/smXZPOBYLg
Liberal,like,Schiff,Fact,game,IMPACT,happy,marvel,SB19,Turbo,Jammed,https://t.co/AJOe2WDKlI,@KensBestLyfe:,UpğŸ™ŒğŸ½\nRetweet,PORN,capcom,show,https://t.co/wacf4nQ9jo,Calgary,hope,Connected,Schifty,Twitter,â¤ï¸ğŸ§¡ğŸ’šğŸ’™ğŸ’œğŸ–¤\nBEST,ONLINE\nClick,@ettph:,linkâ¤µï¸â¤µï¸\nâ¡ï¸https://t.co/EuiGU1jZAt\nâ¡ï¸https://t.co/EuiGU1jZAt,weekend,truth,@bestshipsever:
Dems,breeding,perfect,vacation,facts,best,fall,home,people,pretty,afteâ€¦,unannounced,Competition,buys,for...,Average,Schiff,,coffee?,Engel,farms,,lone,union.,riots,light,@HouseGOP:,haw,,@kyledcheney:,PELOSI,,Spanish,Turkey/Syriaâ€¦
SEHUN,time,Breaking,london,passion,JISOO,@88SEATTLE61:,https://t.co/PW8UY3kjGO,@krupnan:,me\ngonna,to\ngotcha,Modi,you\nkinda,of\nlemme,because\ndunno,know\ngimme,me\nlotsa,NOTâ€¦,$83,333,LOVES,legit?,tamang,Horan,@leoblija:,https://t.co/IiAoMxVh0s,#JISOO,show:\n\nâ€”Hunter,Burisma\n\nâ€”His,Hurricane,$3.4Mâ€¦
share,Spotify,thanks,Stream,google,streaming,Dreamcatcher,time,cancer,playlist,stream,answers,,@meenmeenh:,(Oct,HKers,Fleck,Buka,anniversary,[54:49],,https://t.co/2aGHjVNBSr,angka,P.J.,legend,first,Siyeon,NowPlaying,friends,WENDY,@Project_Veritas:,best
Days,october,Target,happy,Bigil,tweet,Likely,insurance,Special,woman,Biggest,Hongkongers,eilishâ€\nâ€billie,2017â€\nâ€œits,@sevenfour2008:,eilishâ€\n\nâ€œuh,eilishâ€\nâ€œbillie,passionate.,2018â€\nâ€œâ€¦,Calm.,Caring.,Intimate.,https://t.co/4n0SZDnCPk,@onlikshai:,fansites,stop,â€˜lek,weh',FBI-DOJ,Bella
change,climate,Power,Climate,world,death,talk,light,animal,single,\"terasa\",stop,trees,real,power,Changing,help,@bucketapple:,https://t.co/ZxRLHEFKjA,https://t.co/VWCxjM6I7v,LEVEL,Pokemon,Canadian,protest.,Happy,JUAN,Blocking,VICTIM,Fonda,stay
code,like,home,first,MUFC,hope,seein,Netflix,@hiraijiwoo:,this???!?!?,https://t.co/fG184ATHfY,lash,submitted,Gomez,\nSupport,October,Sale,you\nReally,actor,cocked,Cracking,Airlines.,Betsy,Kuching,glock.,https://t.co/SUj0u3b7B5,(Video),Babies,#TCMParty,weed:
like,people,hits,fucking,Today,Congress,morning,fall,time,OCTOBER,important,cuddled,lost,@_Deashay:,film,glimpses,Sirsa,market,maâ€™am,tweet,uterus,@derasachasauda,,McCain's,Walking,beheading\",reminder...\n\nUkrainian,\"staged,differentttttğŸ˜©ğŸ¥°ğŸ˜­,delicious,October
help,time,like,real,morning,Facts,Umar,bared,https://t.co/p5C04h6ooM,@4yun1yuni:,proud,@GautamGambhir,Impressive,@LtGovDelhi,fangs,,Australia,respect,#mcdprtjoining2019,future,@aajtak,first,â€œdamn,heartâ€,@socialjurist,song,Jiminâ€™s,coffee,,@msisodia,#ONCEHalloween2,kids
proud,skills,World,@nicktolhurst:,event,https://t.co/fYLgbMlyaZ,best,funding,,Glitter,Rep.â€¦,Berries,@roomatear:,@BadestMelanin:,https://t.co/EsjGdVWZLp,gravity,Robertson,Velvet,@L0vingnature:,stay,excessâ€¦,iKON,Arcuriâ€™s,+BREAKING+\n\nBoris,https://t.co/gkWsSjoXYg,database,CITY,JAPAN,DONGHYUK,Indian,Donghyuk's
walking,tweet,time,thanks,Tearâ€,@RepSwalwell:,this.\n\nWâ€¦,enjoy,house,change,simultaneouslyâ€¦,listen,awesome,line,,naked.,@Gwyn_crnchzz:,chickâ€™s,@pineabul:,https://t.co/TPzCqoVjrd,bottom,Standing,Food,best,\n#Korea_pride_BTS,Fest,self-love,daddy,gold,beers,@iheartshinee_:
social,media,real,anxiety,fact,talk,depression,fuck,like,people,true,suicide,socialism,campaign,life\n\n(via,https://t.co/HiohXw8DAR,thekingofunderdogs/IG),hero,@_omnificent_:,walker:,important!Â¡!Â¡\n\nSummer,Blast,summer,Disney,,guru.,Dimon,violence.,mantras,JPMorgan's,meme
LOVE,OKAY,Special,HELP,TRUMP,PRAISE,SHOWER,ENDLESS,Crispy,BOYS,https://t.co/y1VaB9uBLg,EYES,SLEEP,-\n\nGOT7,MAYWARD,LOOP\n-,FRIENDS,TOLD,march?,SEEING,DROP,@natureiscruel:,LOST,KILL,FACEBOOK,WATCHING,MIND,TALKING,Bites,SINCE
public,fuck,calm,teachers,creative,Houston,dedication.,Posner,@MikePosner:,https://t.co/8PlK3bDwfd,Going.,https://t.co/4h7pPQTV9T,restaurant,,fraud,talk,inappropriately,Loan,@RachelintheOC:,transportatiâ€¦,groped/touched,(bar,,winning,Bigil,scan,@les_htx:,https://t.co/Jlf7kQyKrm,servants.,obstructing,trust.,1.2%,
time,first,Hello,Americans,American,Congress,fall,fact,true,Republicans,@SdDawg8:,ears,,spot,,motorcycle,@daveweigel:,innumerable,https://t.co/kCi5QQA6ON,videos,@haetbitmark:,,,thisâ€¦,@primadonatae:,economy,masterpiece.,â€˜the,https://t.co/dan8R8uU1e,touch,,perfect,@SGInstaBikes:,https://t.co/mzfNYGbfzs,\nhttps://t.câ€¦
Coup,Rock,Movies,Russiagate,spying,vibes,Flashback:,$28k,@RealDonaldTrump--,hentai,Bookings,#GKCinemas,Need,\n\nNote,Cover,ASTRO,gifs,Panipat,market,Bloodshot,@johnboyt_2:,KaithiDiwali,fall,Desperate,Deep,Featured,Blonde,#GoodOmens,CHAEUNWOO,MAMAMOO
balls,beauty,people,Teacher,share,mole,support,Rouge,Primer,listen,all-star,sunkissed,products:,look),Clarins,Joli,color,@EmrgencyKittens:,qualified,Black,VOTE,https://t.co/cyXfSfNUH7,non-binary,guitar,time,glue,Roses,GLORY,TZUYU,Mitt
breakfast,chicken,cheese,dinner,chocolate,vegan,meat,cake,today,delicious,brunch,PlayStation,recipe,https://t.co/bW1tZtZqDW,@teteprint:,first,cooking,diet,Korea.,sweet,@starrfireeeee:,https://t.co/eoLRaUKjpz,yummy,https://t.co/Jgx1mKMDri,@zkdlinguxxi:,EXOprint,fresh,fries,@HermanMashaba,beans
time,history,election,streaming,first,young,tweet,@Yuno_lt:,mercâ€¦,leaked?,Video,Sir),https://t.co/jbb69n7uIW,superintendent,,people.\n\nYou,old.\n\nYou,mount,unholy,Esperanto,travelling,Happy,Otherwise,,heartaâ€¦,@mrckpld:,adult,legal,frack?,weekend,https://t.co/oM3lkiH2Pd,@InderMann_:
makeup,like,draw,inktober,Family,energy,illustration,work,nails,hair,woman,community,people,Like,sure;,@asante_waa:,prematurely.,sketch,backgrouâ€¦,hope,older,,Biggest,Response,wedding,Prison,silent.,young,Paved,crappy,fanart
Origi,winning,United,game,Congratulations,united,Mane,Salah,Manchester,liverpool,MUFC,Klopp,fucking,today,YNWA,Rashford,first,salah,GGMU,fouled,bench.,https://t.co/nzbbZXkMWC,@taijay_blagrove:,\"Titanic\",goals,ManUtd,disallow,@paul_tomkins:,Matip,,Alisson,
Mommy,show,World,https://t.co/k3LmS6edhi,Alabama,President,https://t.co/LqJzTw815C,Valimai,@bffjeongguk:,Needed,Baby,NASCAR,https://t.co/iK2qDMIsP9,Nadine,Ahgases,formula,@SEC,@SECOfficiating,Halsey,Greenwich,world,Lasagna,admired,https://t.co/snh6U7hnWu,@GregSankey,@FoodIsLyfph:,pineapple,@ministryofkpop:,Swimming,polaroids
mina,like,costume,happy,heart,Ajith,dahyun,designer,jihyo,event,cool,sana,ONCEHALLOWEEN2,Valimai,Bigil,Dahyun,Tzuyu,momo,focus,Twice,best,chaeng,Mina,patting,funny,sahyo,@jeongyeonjy:,girl,sobbing,,jeongmo
time,first,together,city,heart,today,help,dinner,like,LOVE,@Panashe181:,youâ€\nhttps://t.co/pCUszhbz1A,tourist,wife,work,Church,talk,event,conquer,Food,Twitter,tired,GUESS,thief,Bangalore,saw...,aegyo,models,LMFAOOOOOO,surprises
fact,people,Saturday,first,time,property,Friday,morning,â€œceasefireâ€,tacticâ€¦,extremists,,https://t.co/4eFUCKOyxS,#TakeItBack!!,church,United,@ddale8:,brain:,girl,healthcare,lost,Hillary,party,Dach,@Josuetinho:,https://t.co/xQohlrIXY5,conquered,Works,Fingers,@FOLLOWRPBASE:,actress
like,first,school,NUEST,mood,star,Modern,parents,together,angers,@ismaelan:,too!\n\nYes,,today,\n\nI,speechless,\n\nAnd,lasik,breaking,Mexico,#TXT,Friday,woman,tied,fancafe,perfect,@ABSCBN,hyungwon,Women,screwing,@uwu_officiaI:,premed/medical,hypercompetitiveness
like,people,time,movie,song,snap,first,today,Government,Scorpio,tweet,#HKPoliceTerrorists,cannon.\n\nObviously,â€¦,hain,GOSH,grandfather,akkians,update,@chaseIyons:,Today,KathNiel!,@sosadtoday:,@RowdyDipak:,todays,raha,@wiildcamomile:,Housefull,#SPOOKtacularKathNiel?,https://t.co/vwiVâ€¦,@aintrai:
fake,book,Hindu,read,plastic,reading,people,kids,true,lunch,stories,social,sharing,Saturday,sage,Charing,Bray,girl,frieâ€¦,@David_Cameronâ€™s,@StGilesResident:,@daviâ€¦,\"GYAN,Cancer\nForever.\nTo,journos,analyst,Road!,Foyles,,#DavidCameronâ€™s,*ğŸ“¸credit
queen,like,friends,hits,song,Sweepstakes,today,Dance,\n\n#Sweepstakes,girl,weekend,different.\n,https://t.co/LaeOSJKLMe,Great!,@chinesebritney:,https://t.co/8Vu0OJZ6Fl,first,@alvarezdaryll:,Dizon,Ryzza,@HillaryClinton.,warmongers,,series,GLOBE,@got7pinoy:,PROJECT],[#GOT7SeeTheLighTPH,Ahgabong,see!ğŸ¤—â€¦,\n\nInviting
Rashford,home,GOAL,best,Arsenal,words,MUFC,zankush,HERE.,James's,https://t.co/zTE14pc08w,crossâ€¦,members:,mins)\n\nMarcus,@ijaicool:,NOTICE?,one:\n\nTwice,MINA?,https://t.co/SYSbfndtWT,accusation,real,@BBCkatyaadler:,junhoe,ğ’ƒğ’†ğ’”ğ’•,No10,powersâ€,â€œcolluding,Lisa,Bernie,iKON
