bird,LGBT,rescue,Britain,community?,Anyâ€¦,2050,,JACKSON,\n\nHello?,Yixing,Blonde,Action,single,https://t.co/Ai7vOBgIap,MSNBC,first,Beautiful,Sneaky,Special,Wanting,#ì¡°ìŠ¹ì—°,SUGA,Speech,resisters,TOOK,LayZhang,#å¼ è‰ºå…´,outs,CHOSEUNGYOUN,puppy
nice,Very,time,talk,work,pretty,beach,today,single,remain,@mikethornwell:,deep,provoking,standard.,perfect,Corrie,patient.,paid,restauranâ€¦,@Charliecondou:,:)\nAlso,https://t.co/TF6tH0mpyz,simple\nMe:,weekend,talent.,world,Hope,dream,perfectly,,morning
like,breakfast,chocolate,coffee,brunch,delicious,cake,morning,dinner,cheese,heart,baecation,house,https://t.co/2Lfiâ€¦,@ayyydaniela:,lunch,#TakeItBack!!,https://t.co/4eFUCKOyxS,chicken,dark.,https://t.co/qmkSknkSRU,sweet,song,pancakes,home,Kenneth,fresh,sentences,â€œMark,twitter
fuck,like,people,fucking,friends,real,@meGa_Dyke:,off.\nMartin,off.\nAtkinson,morning,reading,https://t.co/v7Uo8J4brQ,truth,havin,sakit,@yourfavebee:,Ighhtt,https://t.co/cXZyjVHumu,completely.,phat,loyalty..,SOONâ€¦,girls,raping,'\nbila,kenapaaaa'\n'HAHAHAHAHHAHAHA'\n'GOODLUCK,@tengkunadia6:,\n\n'helloooooooooo'\n'tapi,@VVanGone:,talk\nStop
help,support,Help,tweet,donate,HKPolice,people,swag,share,time,sharing,@shei_willie:,Please.ğŸ˜­ğŸ™ğŸ¾ğŸ™ğŸ¾,https://t.co/0Ufb5mpwcM,HongKong,change,Hello,World,Russ,vote,PICTURES,\n@guardian,@BBCWorldâ€¦,cannon\n#HongKong\n@SolomonYue,@Griffinspark:,young,thick,@endibendi19:,https://t.co/bMnUUtyYUb,work
cool,like,respect,cooking,women,naked,pretty,Dating,important,thanks,overwhâ€¦,@SorryDontClaire:,camera,Very,proud,gay.,Taeyong,tease,white,listen,brand,edward,cardboard,pattinson,projector,@Janet12358W:,cutout,@obaekdose:,https://t.co/jBM59Qc5Cq,overwatch
best,world,dancer,first,focus,kpop,song,walking,friend,Christian,pretty,Euphoria,Bestfriends,#Euphoria,memory\"\n\n-,friends,\nLisa,@ibii_a:,dance?!,vocalist,queen,Cleveland,@good_on_you97:,boyfriendâ€™s,support,https://t.co/fJYHvWrp7m,world\nmeeting,Cats,Live,singer
heart,together,pumpkin,breaking,time,world,best,Today,rodriguez,Assuming,@villianeuve:,johansson,home,https://t.co/2y0EquwePQ,@blizzybam:,https://t.co/wX6gD1IDW1,@effyourwords:,https://t.co/sBxI2uKkYg,Twice,@syasyashamshud1:,@relatingtext:,\nis,liddol,\nwhat,\nyour,bottom,https://t.co/U6HtuR4sx9,@vminiecub:,https://t.co/2NZBJALul6,alive!
money,Money,tweet,help,social,President,community,@hkdnow1:,Romance,lost,paid,insurance,Earn,,â€œ#FightForFreedomStandWithHongKongâ€â€¦,At2:30pm.,@MTNNG,piss,Dems,people,@cenbank,Women,stop,#PMCBankCrisis,cooler,Asians,pain!,given,investing,taxes.,Facebook:
people,like,Israeli,Repost,gold,Palestinian,Palestine,yet,\n\nHillary,Assetâ€\n\nBut,one:\n\nwhite,sorry\n2.,right?\n\nMost,parts:\n\n1.,fault\n3.,@heyitzkennedi:,https://t.co/pPiTkQHwuJ,reassuring,Parade,#Repost,https://t.co/H8gINAi6uN,viral,trauma,,birth,,Daryl,fall,Palestinians,right?â€¦,medically,stay,goodmorning
meat,chicken,vegan,cheese,dinner,song,recipe,breakfast,Posner,@MikePosner:,Going.,https://t.co/4h7pPQTV9T,soothing,diet,sweet,feeling,,gangsta,review,kitchen,cooking,hope,Stolen,show,perfect,aloud,menu,fish,Bigil,thatâ€™ll,fries
audio,Watch,people,like,security,best,drama,YouTube,stop,trans,Bigil,Spotify,pls.,twitter,@natureiscruel:,shawty,circus,fallin,\nMe,fall,@SuryaTV,hidup,walau,referredâ€¦,Tetaplah,@aulmaulidiana:,@Gatwick_Airport,,@eldritchvix:,Bites,Crispy
enjoy,real,hope,bears,best,today,time,amazing,show,Bigil,fishing,morning,bear,prayer,yoongiâ€™s,Replay,power,action,Hope,delays.,\"run,https://t.co/CB1drhKtk5,\"run\",\"reasonable,@1isa_twt:,https://t.co/msxuu0mtVC,away\"\n\n@TXT_members,price\",Diwâ€¦,beers
dancer,today,game,winning,horse,pretty,Maldives,\n\nBest,stop,walk,touchdown.,morning,Sino,Ahmad,event,events,Nice!â€,\n\nhttps://t.co/iJdZW88K0w,Mustafa,civilians,,fixture.,https://t.co/SOdHvNt1lW,al-Ayn,@Dir_Lokesh,celeb,with\n\n\"It,@prabhu_sr,like,#Diwali2019,Aubameyang
twitter,read,world,people,Watch,talk,today,HongKong,@666RAMOX:,https://t.co/2Vi4uQUtga,unacceptable.,strength,reading,words,Doubt,Everton,Biographical,boob,@erbmjha:,Kowlâ€¦,@Cynthia09290813:,fact,immediately.\n\n@myogiadityanath,new.,@Uppolice\nhttâ€¦,1969,â€œStop,call.,foul?,Valimai
game,Tennessee,Alabama,Bama,Georgia,games,lost,show,time,first,Florida,https://t.co/SOBkGc8MOB,@alekia_:,Pruitt,Today,Michigan,magic,@taekookmemories:,Vols,hitâ€¦,unholy,Taekook,AGENDA,Jungkook's,Wisconsin,contest,@jmzhome:,https://t.co/NkkgYCXzv4,SPREADS,today
people,white,vote,tweet,like,respect,Conservative,stop,economy,Capricorn\n\nyou,reciting,privacy,https://t.co/81yNUwocHF,home,austerity,@dylanthegypsy:,terrorists,,lyrics;,Conservatives,scammers,effort:,tryinâ€¦,@AdDien90:,stay,Video,@Realbrianaroy:,golden.,@PhoebeShafinaz:,ruin.,\nYang\nPete\nBeto\nDonald
amazing,coffee,shop,protest,walk,sunset,Beirut,heart,Lebanese,Blessings,https://t.co/ykj8Vw0hlE,@MSN:,Sunset,shopping,#Ù„Ø¨Ù†Ø§Ù†__ÙŠÙ†ØªÙØ¶,@unsenthugot:,protests,milktea,Democracy,mic*,morning,Here,,Grandpa,https://t.co/JycAT2xHg4,@wawinaApr:,#Lebanon,city,Doggo,cats.,offers
like,insta,time,media,Stedman,Hughley??????????????????,https://t.co/fC3RF2GLsb,@_KingMalcolm:,tweet,@itsindysev:,empathy,Kittredge,,https://t.co/a5tbktfRgP,@Xo_Shereen_Xo:,https://t.co/G4NyCd4dCA,home,debate.,Labour,johnny,Special,@OWMENFESS:,asian,@2HJae:,#YoungJae,#ì˜ì¬,\nğŸ’“\n\n#GOT7,\n#GOT7_SPINNINGTOP,@2hjae96,#ê°“ì„¸ë¸,https://t.co/slSPBWH6Tj
Scorpio,YUGYEOM,help,Watch,cancer,refrigerator,Italy,@MrSilkySmooth24:,bride,Opinion:,sale,father's,snacks,read,Coffee,Delhi,alrâ€¦,Berkeley,France,,real,rhymes,groom,Saudis,Quotes,@Edward47058863:,World,white,Neha,Busta,\"Hello,
mood,Gemini,JISOO,change,corruption,#JISOO,autism,Horan,https://t.co/emL4YTRKpA,friend,lovable,lmfaooo,WaPo,@Timodc:,angered,@jichu_charts:,democrats,Jisoo's,JENNIE,ONCEHALLOWEEN2,photo,,https://t.co/xHfKWs3dW2,Instagram\n\n#BLACKPINK,State...,Microsoft,shameless,grateful,minaâ€™s,death,girls
like,time,shoes,game,restaurant,stop,hair,Very,resist,hooping,NOOOOOOOO,@charles270:,woman,https://t.co/dXDjNCEuBS,non-slip,https://t.co/JfDJ3TFp6R,water?,WELCOME,flowers,code,Hello,could.,exhausting,@Unexplained:,GO!!,bunny,,followan?rt,@ONRPMFS:,fambest?rep,videos
mood,people,like,change,teaser,Baltimore,wound,Previous,Valimai,Beauty,President,hoursâ€¦,illness.,world?,Peace,ğŸ•º\n\n#Valimai,Spotify,Chronic,#ThalaFC,[MEMORIES],â¤ï¸\n\nOur,Contest..!,breaking,maâ€™am,NIGHT!,needs,,summons,https://t.co/i1xWzTnscJ,@unicornthorn:,https://t.co/wDrX1gxrR2
hope,first,legs,Blood,woman,home,@ncamisile_:,https://t.co/NoMnWCSugd,wow...,game,@bffjeongguk:,history,https://t.co/iK2qDMIsP9,Storm,death,Congratulations,time,rain,Today,showered,https://t.co/5EWXsfagvU,@Astro_Christina,@Astro_Jessica,blocks.,@HMOIndia,Florida,Homegirl,World,true,check?
people,first,heart,Africa,draw,BIGIL,Gomez,power,\n\nWhile,https://t.co/ctEH6CfWzW,neglect,\n\n&amp;,motorcycle,volunteers.,cleanup,,hate,,comic,[ENG,stay,sober,lacks,MUFC,Solidarity,#kny,Very,cuties,(Video),@JuliaDavisNews:,Socialist,Town,
people,twitter,listen,method.,today,(Shastra),pipe,@justinhmin:,@ijaicool:,https://t.co/SYSbfndtWT,https://t.co/M6UdsLJXkm,bear,hottie,Reply,rotation,social,trump,@ClixHimself,differently.,Power,October,Altuveâ€™s,@stoolpresidente:,@BaseballBros:,slapped,@lightsjihyo:,trade,MOMENT.,Maduro,wealth
school,Oregon,black,deal,children,importantâ€¦,kids,science,@CBSNews:,teacher,@GrahamAllen_1:,son's,students,bailout,â€œsleepâ€,students.\n\nBecause,BREAKING:\n\nCalifornia,security,heroic,https://t.co/rcrp9eBhwI,lunch,student,,\n\n#CancelStudentLunchDebâ€¦,20000,25000,disarms,teacher.,grad,1+6=16,https://t.co/aNazT1It5J
Special,work,Education,Health,hiring,Nurse,Read,JAEBEOM,YUGYEOM,healthcare,update\n\nâ€œGOT7,Healthcare,AGASâ€¦,Sales,Free,apply:,@malaymango:,Management,Retail,bio.,Services,https://t.co/GA0VOvf2NZ,Baldwin:,@Sanjay_Dixit,LONDON,\n\nJames,Insurance,@koviebiakolo:,Interested,@SaketGokhale:
website,power,Dems,CHEN,Video,time,masjid,testing.,privately.,Copy,Engel,masking,procrastination,#CHEN,decades;,unannounced,@patrooocle:,@deray:,Schiff,,â€œplanning.â€,vomiting,Female.,pretty,@newgayrt_:,#KathNiel!â€¦,friend,trending,@kyledcheney:,freebies,PELOSI,
Like,iPhone,hair,Reply,like,@WolfRewardz:,surprise,enter:\n-,IPHONE,it!\n,Correa,........,Retweet\n-,Friends,7:30pm,#Horny,Gift,LISTENING,Boobs,ISN'T,winner,@Buster_ESPN,8:30pm,something:,affection.,ishwar,@CatRewardz,World,Apex,cuddling,
MUFC,career,like,song,regret,time,ICYMI,goals,@RandoTheReal:,https://t.co/AXAesp3s4T,CALLS,UNITED!,spin.,Rashford's,draw,ğŸ”´âšªï¸âš«ï¸\n\n#MUFC,Valimai,Chandler,film,@Lawrence,power,people,@jameskirkup:,@BlentGirl:,https://t.co/uE6ZwlOYqC,https://t.co/U0DXXSwghZ,Life,Survive,https://t.co/gJh9kT7FEJ,Courage
people,nails,time,wine,daily,Food,awesome,awareness,@Tayyyunbothered:,brian,,@aylaffyu_:,https://t.co/fdvKknbW3e,@KavliyaForever:,best,Everybody:,@Skoog:,asf!!!\n\nMe:,decades.,https://t.co/FqKuMBhHBI,Future,far?,serotonin,@LadyRedWave:,energy,death,alien,liquor,dose,believer!,bowser
real,people,single,Family,Radhe,Instagram,pumpkins,#Mosquâ€¦,Tsimshatsui,irritant,,#Radhe,milky,fuck,@iFireMonkey:,V-Buck,giveaway!\n\nAll,friends\n\nWinner,https://t.co/L8lOswâ€¦,midst,writâ€¦,pumpkin,games,@DrPhilGoff:,@vioriie:,Chihiro,#SalmanKhan,everyone!!,churches,https://t.co/Q3aONNvI55,time
people,happy,Davido,Congratulations,proud,Chioma,real,best,film,Baby,bang:,@Kca_14:,germs\n\nCillit,https://t.co/wvwWPRPJHT,way.â€¦,GENDER,@Ketnipz:,@Yankees:,Goals,https://t.co/AADoFEAiRH,realizes,PERIOD.,hard,choâ€¦,Survey,davido,Hispanics,wife,@Alex_Houseof308,camila
like,sports,game,hero,#ê¹€íƒœí˜•,earthquakes,\n#taehyung,@fruity_GIF:,\nLink,@samoyeon_:,glimpses,FE3H,francisco,rock,@milkshapes:,maeng,beast!,https://t.co/a9Acun8HZW,rejected,,Sirsa,@JoWolffBSG:,@derasachasauda,,â€œultimate,nightmâ€¦,su\")\n\nDH:,BEAST!!!\n\nDH:,BEAST!\n\nDH:,word?!!\n\nSN:,(\"a,HUH???\n\nSN:
Virgo,like,time,Floro,#KathNiel!,\n#BlackMagic2019\n#StarMagicHalloween\nğŸ“¸,\nâ€”\nFor,hero,#GOT7inEurope,Movies,Science,woman,#ê°“ì„¸ë¸â ,#GOT7â ,191008\nShape,Autumn\n\n#ì¬ë²”,â \n#GOT7_SPINNINGTOPâ ,\n#GOT7inAmsterdam,@DefinerJB:,distracting,Buddy,#GKCinemas,Bookings,https://t.co/90f5Lf22Ct,wives,didn't.,did?,\n\nNote,\"my,commentator
journalists,protest,snapchat,apple,government,world,observations,Cannon?,today,recovery,pulse,,@DickKingSmith:,quickening,discovery:,crystallising.,said?,@strunubi_yu:,\n\nSource:,ç«‹å ´æ–°è,public,students,waterâ€¦,@khonamarie:,https://t.co/axjuUh4dTj,thingking,scan,churning,daily,#HongKongProtests:,20\n\nThe
like,hero,people,friends,time,real,shower,photos,instagram,Twitter,twitter,selling,aides,,mother,replacements,@tonklinton:,thanks,Kushner,,@kaitlancollins:,Japanese,routine.,handle,,morally,frog,sweets,@Atdan86:,joshua,self,,Stream-,https://t.co/wLdc7Q3gxF
Special,Congratulations,today,American,help,time,Dust,@karanjohar,jacket.,Fashionista,trying.â€¦,@Forbes,style...but,eat?â€\n\n,https://t.co/4nSOU3IhKx,impeachment,@FlagsMashupBot:,Females,@brittishbeaf:,\n\nğŸ¤”,Empire:,(1924-1955)\n+\nFirst,Empire\n=\nSoviet,https://t.co/cG1jJa8sp3,\n\nSoviet,@TitaniaMcGrath:,militaty,prophet?,\nTo,tweets?\n\nOr
like,hits,snap,stop,positive,home,first,caps,Removing,Twitter,cuddled,\"betrayal,Menendez:,today,@_Deashay:,pretty,hard!,morning,@sundargv:,talk,reading,differentttttğŸ˜©ğŸ¥°ğŸ˜­,funny,tryin,Sweden,perfect,feelin,@jack,community,construction
work,together,YUGYEOM,people,drama,fight,,@woosandaily:,passion,actor,Twitter,rock,help,@CarloThatguy69:,https://t.co/mB24E6T716,calls.,https://t.co/jqimFpkwZC,seungyoun,#MUWomen,@ManUtdWomen:,Florida,Weeknd,@katiezel,@jessSigsworth5,ğŸ‘‡Check,Peace,Yohan,\n\nGoals,emoji,lessen,fighter.
best,piss,money,President,analysis,protest,,Mina,disrupted,words,happy,Dancing,character,uniâ€¦,precedence,@__jassbae:,awesome,serendipity,embarassed,Sale,designers,matteâ€¦,shaky,Write,@KinggCaroline:,apologized.,apologyâ€¦,@taesqueenuwu:,@DaudSuratman:,university.\n\nThe,@TomArnold
like,time,train,people,Watch,young,President,fact,Gatie:,travelling,@_iw77_:,https://t.co/GAFRxKc9vb,Hello,girls,first,true,vote,photo,money,\"She,video?,@toptiersongs:,PSA:,today,debating,#ITA2019,Neil,Leadership,Saturday,world
Indian,Pakistani,Update,Modi,today,Chairman,Smile,Doval,,@Ali_MuhammadPTI:,Hindus,india,@BBhuttoZardari,just.,Hindu,Gandhi,Congress,@audoodoo:,@ElifTurkey,None.\nOnce,#TWICE\n#twice4thAnniversary,muslims,191020\nNine,https://t.co/KBXbPz6jV5,together.\n#íŠ¸ì™€ì´ìŠ¤,https://t.co/ZhbGntGiDx,@frznhh:,@RJSeokjinnie:,death,Fake,@UmarKhalidJNU
walking,Special,clothes,house,namjoon,seokjin,girl,penis,content,bird,like,playlist,bisexual,Japanese,Uber,HEARTWARMING!,@Jamierodr14:,friends,tree,tonightâ€,@turbofart420:,solat,â€œbaee,https://t.co/bGkyrJQPyT,jumaat,naked.,@imanissapearl:,https://t.co/JTkNQR9jnc,hoseok:,imagining
like,game,perfect,home,real,patron,photo,dreamsâ­ï¸,@sjhsjh0628:,ğŸ¤¢ğŸ¤¢ğŸ˜·ğŸ˜·,fall,transferred,Hair,Sailor,ğŸ¤¢ğŸ¤¢ğŸ¤¢ğŸ¤¢ğŸ˜·,information.,funny,@MsKorinne:,https://t.co/rUARVqTlm3,behind-the-scenes,Mars,animation,@dcexaminer:,@InderMann_:,Bruno,https://t.co/GPrbNzjfXp,mad!,Moonâ€¦,https://t.co/m3KpgOCRAQ,trending
like,world,NAMJOON,@AMIT_GUJJU:,Gang.,#GlossyPosse,https://t.co/yimv6gsnAz,dispute\n\nNow,personality,,Bigil,@starrfireeeee:,https://t.co/eoLRaUKjpz,bonus.,motivating,share,women,@najihahermy:,attentionğŸ˜,https://t.co/k0n0q05mwZ,attractive,like,@Amin_Nuestt:,@ReallySwara,melodious,@sridevisreedhar:,@Atlee_dâ€¦,â¦@Chinmayiâ©,defied,invites,power,British
like,train,Find,happy,tinder,FIRST!,https://t.co/dtzimD1X3d,man?,https://t.co/s6DNwtxvPR,\n\nolder,@ttaevee:,siblings:,Jude,Benefit,Mexico,Confirms,smacked,@JenPal4U:,Burn,&gt;&lt;,@BgSnezana:,$16.3M,desi,https://t.co/N4aoGsYDcX,elections.,bothering,@neatao3tags:,irene,@Inter,enters
first,real,inktober,girl,fuck,\n16.,carbonated\n12.,possibly\n15.,rank\n14.,soda:\n\n18.,these\n13.,you\n17.,because\n10.,beverages\n11.,they\n9.,Ubuntu,@ubuntu:,#Ubuntu15,https://t.co/HFcJ3FFzGp,tattoos,wrestling,house!â€\n\nTrump,self-destruct,game,Remix,Thailand,vote,@ThegirlJT:,NONE,hard
Delhi,King,Breaking,world,Like,today,á¶œáµƒáµ˜Ë¢áµ‰,Ê·á¶¦áµ—Ê°áµ’áµ˜áµ—,Ê³áµ‰áµƒË¢áµ’â¿,Ê³Ê°Ê¸áµáµ‰,https://t.co/Mfs8QA5BBa,@malayopangumaga:,WINTER,review,interview,fall,important,SOLDIER,FALCON,you???,time,energy,Vegas,deploy,Muslim,,dababy,\nTHE,wateâ€¦,bro...,@sagemyster:
read,reading,book,like,time,first,events,h-he,nose.....,https://t.co/rPCwv2Q4Xt,gym.,people,it.\n\nI,@Sarge_Mt:,series,https://t.co/j0Mzjkur8g,articles,mount,Southeast,masterpiece.,library,manga,UK.â€¦,sales,rewatch,Dem/Socialist/Media...,https://t.co/w4piXzNvv2,article.,Hongkongers.,react
like,world,Like,time,read,together,African,abilities,againâ€,tempo,Read,market,song,Mumbai,verge,league?,straw,fan!,artistes,chanyeol,toll,ground.,praises,\n\nOne,church,Everâ€¦,@EuroTennisOpen,Fire,Life...\n\n#2,@shabbaranks_:
like,Schiff,Umar,Solar,MAMAMOO,fanart,bared,fangs,,@GregGutfeldShow:,Wheein,#Gutfeld,necklaces,#ë§ˆë§ˆë¬´,nap.,grandfather,https://t.co/2elF8Rv0Wk,use,,help,words,Beautiful,eagles,Moonbyul,https://t.co/mBgMGObWyG,#Solar,cowboys,Bigil,pineapple,@MSignorile:,Taeyeon,@dallascowboys
Hillary,Clinton,Tulsi,Russian,truth,Twitter,time,stories,paid,daily,legal,CHIP,United,Green,draw,Senator,,President,independents,professional,,Watch,Arkansas,,Stein,,@tfrogdotcom:,aide,Video,environmentalist,mishandling,existed.,equating,woman
Indian,Army,white,glass,beer,guns,stop,Film,Malaysia,Pakistani,Palm,Tangdhar,media,courage,Shaheed.,undertakâ€¦,CFVs.,King,Dreamy,https://t.co/iYCoOâ€¦,Mesmerizes,Syrian,dance,girl,Targeting,Ceasefire,hoists,Valley.,@ZahidSiddique_:,Diwali,
Entropy,Book,Teaser,Bookings,Cool,DWAY,photos,Housefull4,Whistle,teaser,BIGIL,DOWOON,@akshaykumar:,Vela,hilaâ€¦,(Both,Tiruninravur,sing,#Entropy,New.,#DOWOON\n#The_Book_of_Us,#ë„ìš´\n\n#DAY6,screens).,https://t.co/hO2jsiaik7,@miiharu1989:,#77à¸”à¸´à¸™à¹à¸”à¸™à¹à¸ªà¸™à¸§à¸´à¹€à¸¨à¸©,couple!,Europe!\nWe,here\nHope,soon.\nAnd
Murray,Need,today,Dolphins,Singletary,@MatthewBerryTMR,@YahooFantasy,@celestialhoseok:,https://t.co/IMVFU6PeNm,#FantasyFootball,game,@BenSchragg,@MyFantasyLeague,fucking,Flex,ESPN,@heathcummingssr,Miami,Rams,@SiriusXMFantasy,Austin,trade,radio,,flex?,@FieldYates,help,Miles,Amari,@CBSSportsHQ,Lamar
like,rate,work,degree.,@Our_DA,amazing,@darwinlechler:,Mark\n\n#MarkTuan,https://t.co/PefFam4Fâ€¦,@HermanMashaba,London!,morning,read,Africa!,Operation,best,@fireboydml:,@helenzille,cows,â¤ï¸\nall,Scary,picture,,Scouts,,Hyunjin,real,namjoon:,runner,thanks,Special,statâ€¦
building,people,game,support,flowers,cityâ€™s,thanks,colleagues,,world,checkpoint,Kongers.,Adaâ€¦,Chunking,softly,focus,Byungchan,whistleblowers,implementing,yalls,100K,expansion,dire,gimme,October,servingâ€¦,remotely,film,hide-people,Choi,Reasons
deal,Boris,vote,Labour,British,remain,Doral,trade,people,Remain,like,Tory,Leave,extension,yielding,important,public,prayer\nLord,support,Gove,like!,history.\nGive,Deal,Brexiteers,Farage,government,democrats,@PaulBrandITV,Macron,@joannaccherry
Twitter,proud,media,balls,support,Disney,,officialâ€¦,NBC,,sundays,courage,https://t.co/GwMmjx2cam,lifeaccordingtopoetry,@JennaLynnMeowri:,coffee?,President,@ItsKeeda_DUhh:,https://t.co/3nRQLAhAjy,ğŸ‘“â“\n\nâ™¥ï¸&amp;,intolerance,https://t.co/XsXRBqq5uQ,firsttttt,reckoned,btsâ€™s,pressures,Islamophobia,@kemiunruly,who,,King,social,sir!
first,time,thanks,game,MUFC,career,writer,fact,World,Switch,Nintendo,property,read,relationships,share,Astros,,Sales,bears,Jimin.\",animation,Sydney,Inkigayo,President,https://t.co/CCâ€¦,Stockholm,Seattle,customers?,Denis,performance,vandalism
vampire,Missing,today,goth,Rock,Save,Brazil,master,upload,@chinesebritney:,https://t.co/8Vu0OJZ6Fl,show,Firm,@MCamerlengo:,https://t.co/Lrx39rXNSp,NowPlaying,interview,Jazz,https://t.co/sQOx04EVWc,https://t.co/fXekAYquCs,Nurse,subtle,nightmares,@yagirltoomuch,Learned,Responsible,Spotify,perks,Marching,@StreetFashion01:
Dems,time,Twitter,#HugsforChan,ğ™¬ğ™ğ™©ğ™,legs,#CB97,ğ™¨ğ™©ğ™ğ™¡ğ™¡,https://t.co/UHymNhoAqV,@glittery971003:,\n\n#Chris,@AmbassadorRice:,NASCAR,WHCD,gross),first,Valimai,trending,ğŸ”¥ğŸ”¥ğŸ”¥ğŸ”¥\n\n#Valimai,#ì§€ë¯¼ëŒì•„ì™€,https://t.co/WuTtJjmJY6,if....,taller,@RKIVE_KOYA:,site....,list......,Moses,@kyoquijano,Phoebe,@mvddm:
America,woman,perfect,learning,important,young,time,media,shopping,read,people,cancer,@SteveBarclay,code,Learning,@CindyKendrick11:,@RoddyRicch:,https://t.co/Hmimiy0Kdq,expâ€¦,teaching,MUFC,checkout,,Courts,proportion,@sturdyAlex:,depravity.,morning.\n\nAt,DExEU,steak,sâ€¦,ABSOLâ€¦
today,first,United,GHOE,Special,best,titties,talk,Sabarimala,Afghanistan,@Alex_Houseof308:,@gainbtsmuttuals,Barr,,words\n\nDavido:,now]\n\nBaby:,DAVID!!!!,*Runs,crib*\n\nBaâ€¦,Ch...ch...\n\nChioma:,Congratulations,@AmandiOnAir:,Pompeoâ€¦,FCKING,@fllwhp:,friends?,health,,\"Done\",@lookatmin1013:,https://t.co/aoZkBkZ7DY,KATHRYN
like,people,amazing,time,tired,fall,true,allergic,support,Lately,\nAre,â€œTrump,kidding?,few,,spooky,winning,movies,report,,.@AOC,read,power,show,compliments,hill,salads,@abscbnsports:,\nThâ€¦,https://t.co/FP9oNAJNkl,respect,job-
time,star,regret,https://t.co/6kNlh7udrZ,event,Chelsea,@heavenbrat:,fucking,hairs,LOUD,switching,best,safeguard,tryâ€¦,sport.,freedomâ€¦,senerade,Europe,together,â€œNoooooo,Leon,back!!â€,https://t.co/w9aUWi6nq5,@VivienneChow:,HAVENT,@popoy__gonzales:,streaming,Khan:,sadness,,â€œPolice
positivity,vote,game,Republicans,rain,100?,30,000?,10,000?,@peakylui:,1,000?,Shelby.,https://t.co/KHxy5YYBy0,\n\nSee,talk,Loads,inflatable,\n#SundayMorning,1990.,@Gwyn_crnchzz:,@JuddApatow:,noon!,rewarding,blah,https://t.co/BSo2KSmw9Y,2019\"\n\"I,2019\"\n\"Hello,@AndyMitten:,Waco,,@TaikaWaititi:,@silvadjr_94:
action,song,Aries,mood,listen,Hope,first,insta,world,@PericoPrincess,#BestOnEarth,https://t.co/PhTMgEP4Ek,recommendation.,statement...,vibe...,4:05pm.,Catchy,wild,@stateofgrace:,Likeâ€¦,134340,@JOONSMND:,@alluarjun:,https://t.co/AlkmRuSHBJ,@dearra:,Video,Diwali.,lions,jimin,excellence????
like,NUEST,Scorpios,paid,friends,morning,Twitter,Dollar,inktober,update,tweet,unbothered,ruins,pisses,friend,history,Hello,Need,@rabiasquared:,hostingâ€¦,Emotional,shed,movie,interview.\n\nOn,\n\nThey've,Florida,legitimate,kidnapped.,Doughty,https://t.co/qAn10XR5rI
like,young,people,house,heart,@Lialisaaa:,https://t.co/TY96rup9gS,Korea.,Writing:,chemicals,admire.,@noacmps:,https://t.co/GvaB9J6j2X,lash,@adultswim,girls,gun.,#rickandmorty,@RickandMorty:,bought?,https://t.co/GIv7eV5t1U,https://t.co/Jgx1mKMDri,@zkdlinguxxi:,EXOprint,Blessed,thinking.,1998.,Flawless,https://t.co/p2VTPspWS3,2.9M!!
like,Need,stop,people,Trending,Today,Muhammad,thankyou,girls,friends,#TPHOnline,hard,Mimi,listen,Live:,Geronimo,pbuh,Marquez,America,@T1LoL:,#SundayMorning\n\nWatch,Sanghis,abundance,deep,@jimoticons:,family..,propoganda,small,,https://t.co/CKzmx8OUGo,lion
Today,world,MUFC,important,hero,Modi,vote,#JacksonWang1stAlbum,fe3h,vibes,liberals,,Jesus...,@DangeRussWilson:,@LATINCULOS:,KHALIFA,BLACK\n\nPART,spree,,mood,Lynching,Coupâ€¦,@fikaika_:,research,demonetization,,thread.\n\nKevin,Loya,Vivoree,@Speaâ€¦,Miya,beard,https://t.co/qGrtlxd5YF
like,update,MUFC,people,OnlyFans,@teteprint:,https://t.co/bW1tZtZqDW,morning,instagram,first,friends,Arabic,time,elle,submitted,kpop,@gentleseouI:,twitter,@beverlylove:,fanning's,https://t.co/KGzJ4juE5u,weekend,NOISE,confront,#OnlyFans,BIGIL,breaking,Schiff,brain,lead!
time,Need,President,friend,coffee,Twitter,https://t.co/ScaMn5BSMK,@KatyTurNBC:,outgrow,@OnlyCae_:,bullshit!,met,,M/V\nhttps://t.co/idl6KeJXfV\n\n2019.06.15-16,â€œECLIPSEâ€,TOUR\n\n#GOT7,#ê°“ì„¸ë¸\n#GOT7_SPINNINGTOP\n#GOT7_Bâ€¦,publicity,talk,young,Erdogan's,reflecting,school:,@SenSchumer:,Conway,Kellyanne,diwali,advantage.,nobody:\n\nme,https://t.co/Br7MnusSOJ,demands.\n\nWhen
time,Listen,President,mole,(+12,1,385,94â€¦,back\n,@MlGHTYFOSTER:,Southâ€¦,https://t.co/dDqo4GNU7J,God!,@knightlaiart:,Greenwich,to..,wick,china,nuclear,ideas.,@donghoyuyu:,haunt,Lasagna,@JayMcGuiness,Fairy,hard,eyelid,@CNN's,bombshell.,\"htâ€¦,@TheKalenAllen:,@FoodIsLyfph:
like,people,home,followan?,Tamil,fambest?,Pittsburgh,@Skuyfess:,swift,-sana,nurtured,despise,acid,screwing,trump,paid,positive,opportunity.,embarrass,ã… ã… ã… ã… ,criticalâ€¦,@LoriKinsey1:,stop,scandal.,woman,dumb.,breeding,fucking,cuddling,babying
like,regret,important,mood,listen,work,@naudiad_:,#SweetestDay,https://t.co/TRmOEuqFQW,CAREFUL,@iamRashmika,Jonathan,@JiminsTaeddyb:,https://t.co/20DRNCLIsY,white,Aditi,Hatchet,https://t.co/pn1aGFwVDp,Rojava,hyungwon,missed.,movies,\n\n#WoWGalatta2019,#PS4share,death,better?,Entry,wonho,winner,grip
stop,fact,culture,@Always,door.,meat,song,practices,Abhijit,awesome!!,packaging,retro,children,listen,woman,@sambitswaraj,true,research,BABIES,shattered,@blondedvibes:,rabbit,sanitary,Andre,Liberals,oce-ğŸ¤¢ğŸ¤¢ğŸ¤¢,frank-ğŸ¤¢ğŸ¤¢ğŸ¤¢not,https://t.co/oNseXFRfR5,today,democrats
like,today,Happy,proud,facial,dirty,Twitter,Friday,Independence,help,@MothershipSG:,stay,money,GOOOO,@LMcCullers43,repost,@doll_mother:,#wonwoo,reconstructionâ€¦,@badlydrawnkpops:,light,@bts_twt,https://t.co/svtixYeO7z,(à²¥ï¹à²¥)\n\n#seventeen,trail,closes,Wow!!!!!,https://t.co/SWUF05r1Hb,ASTROS!!!!!!!!!!!!!,ğŸ”¥ğŸ”¥ğŸ”¥ğŸ”¥ğŸ”¥ğŸ”¥ğŸ”¥ğŸ”¥ğŸ”¥ğŸ”¥ğŸ”¥ğŸ”¥ğŸ”¥ğŸ”¥ğŸ”¥ğŸ’¯ğŸ’¯ğŸ’¯ğŸ’¯ğŸ’¯
Children,like,Christian,Prabhas,JOKE,Wide,Disappeared,Bethany,@DavidCayJ:,stealing?â€¦,admits.\n\nWhen,1,250,,Valimai,World,Services,,Swiss,Jerome,leak,today....,trafficked,@ShannonDingle:,change,Judge,,Whistleblower,Nessie,â€œAP:,@miyesul:,Reomit,,Gitasav,,YOU??!!!!
first,woman,like,time,Giants,suicide,https://t.co/0H2tHGsgqV,trap,controversy.,pete,mana,Laca:,â€œdamn,hentai,https://t.co/DcZfs0jTiq,ğŸ˜\n\n#SHUARS,ğŸ˜\n\nHow,@SarahLongwell25:,https://t.co/xvoGx4tXRe,hard,davidson,heartâ€,sissy,perlu,@anitakumar01,@Abang_tabah:,quinn,Tracy,lewd,partnâ€¦
Doral,trump,stop,golf,President,fresh,hung,pumping,cave,they'â€¦,Miami,@Politidope:,@MaxBoot:,@Fahrenthold,capacity.,Surprised,@waltshaub,@SarahLongwell25,â€œget,backlash,Itâ€™sâ€¦,selling,191014,laughing.,takeaway,@BULBLAMP:,Show8,@ZekeJMiller,bedbugs,bipartisan
like,people,Sweepstakes,Lmao.,song,\n\n#Sweepstakes,@Panashe181:,youâ€\nhttps://t.co/pCUszhbz1A,Egypt,Bigil,daily,weekend,queen,https://t.co/v1i70XbvWi,@muddu_21:,â€œlook,#POPTimeAwards,https://t.co/XXHAIiHFNv,here!\nRefugees,today,governments.,3,000,@Independent:,@JMJFans:,continuously,@chaesbitshh:,BT21,was...,#CataloniaProtest,talk
Live,Free,NowPlaying,Watch,ARMY,trade,Radio,Green,Download,Videos,Listen,stream,Soccer,Africa,Video,Review,https://t.co/Tc5m2bolPy,@jazieeey:,October,Broadcast,,Swooning\n\nhttps://t.co/NJQ7Jz6vXi,â€˜Make,@SooChoiFolder:,Rightâ€™,Stream,\n\nAnswer,[ê¸°ì‚¬],\nhttps://t.co/sY2dkLE0h7,20-Oct,Homage
tree,HongKong,like,Legislative,Councillor,people,bigil,Bigil,today,plants,listen,@StickboyBangkok:,Reading,Hop,,birds,https://t.co/eQJ4edHxkZ,ğŸ’ª\n\n#MUNLIV,preparations...,https://t.co/YoYvwmF6i7,field,,#bigil,$83,333,Lmfaoooooooo,eat,,share,grilling,blood,quo.,show:\n\nâ€”Hunter,Burisma\n\nâ€”His
respect,Americans,time,Hello,HKPolice,HongKong,amazing,people,freedom,help,HongKongers,privacy,thanks,@anthoknees:,Misgendering,show,everyone\n\nBut,@HELLOBABYBOY310:,@iTunes,https://t.co/36605dUUSf,\n\n#Turkey_is_not_alone,@ShibaniMahtani,Saudi,Hongkongers,religion,ethnicity,#HongKongers,'Her',media,https://t.co/p6W9zeZwoo
like,people,first,\"well,Steal,@616clint:,Bernard,online\",https://t.co/5Z0B3FWy9i,Car\",@_Rewhan:,Fact:\n\nRemember,anti-piracy,thoughtful,@yeolalot:,somi,tempo\nhttps://t.co/6ggGVj45d1,@oscahhhhh:,â€œsaluteâ€,https://t.co/3mjJu6bpyB,mixâ€™s,@gcfshobi:,dept,businessman,https://t.co/ffDTMpHLET,immigration,@smeef,Gaaru,ğŸ˜ğŸ”¥'',frenzy
girl,NSFW,Capricorn,Digital,https://t.co/CZL8JBxwTr,best,women,time,listing,Content,Rapid,#é­”é“ç¥–å¸ˆ,outfit.,walk,#NSFW,Capacity,System,,#MoDaoZuShi,Fryer,Whew,commission,â€œyour,Fryer,,5.28,Circulation,HOLSEM,outside.,Paved,@bangchannies:,house
friend,leaves,best,Autumn,animation,song,Toronto,Scorpio,dehydrated,training,Unknown,border,,injured,,oddly,@cursedemojis:,https://t.co/g6ptIyY9qv,integral,@paul_serran:,rotting,Pelosiâ€™s,Saquon's,competitor,https://t.co/GaM4GcldEJ,fall,@SelfolSociety:,Military,,Gloâ€¦,@Theslimevids:,ethnical,/sf/
time,history,shopping,first,President,election,Labour,words,#WalkAway,damâ€¦,American,Tories,,care!,2019\n\"This,it\"\n\nTories,,2010-2017:\n\"It's,fuck,people.\n\nYou,old.\n\nYou,Mohon,Shauki\n\nIm,https://t.co/dOe5uzae0x,Afdlin,@mufidahshafinyi:,army:,sebarkan.,years!,catğŸ¤£ğŸ˜­,down;\n\n#ì§„,BALENCIAGAğŸ˜‚ã…‹ã…‹ã…‹ã…‹ã…‹ã…‹ã…‹ã…‹\n\nJin:
like,people,first,show,time,parents,house,#MINA\n\nThe,191020\n#íŠ¸ì™€ì´ìŠ¤,https://t.co/CzaXEhroKt,world,Americans,wild,illustration,guns,Fire,@ronnui_:,hummus\n-I,sex\n-boring\n-overrated\n-short\n\nmaking,https://t.co/lWs3XXwâ€¦,@ayetayp:,@ZekeJMiller:,@MikeAdamOnAir:,â¤ï¸â¤ï¸â¤ï¸â¤ï¸,funny?,stooge,ACCOSTED,burnt,Lunch...\n\nWON'T,OKAY
time,heart,work,morning,stay,abeg.,YouTube,tweet,galore,@KelechiAFC:,MADDD,ğŸ™ŒğŸ¾\n\nIt,Wizkid,â€¦,Master,hooman,friends,@intanzu_:,33,000,ğŸ¥ºğŸ¥ºğŸ¥ºğŸ¥ºğŸ¥ºğŸ¥ºğŸ¥ºğŸ¥ºğŸ¥ºğŸ¥ºğŸ¥ºğŸ¥ºğŸ¥ºğŸ¥ºğŸ¥ºğŸ¥ºğŸ¥ºhttps://t.co/a4GzMovnd4,@uhmLoLnah:,\nğŸ¥ºğŸ¥ºğŸ¥ºğŸ¥ºğŸ¥ºğŸ¥ºğŸ¥ºğŸ¥ºğŸ¥ºğŸ¥ºğŸ¥ºğŸ¥ºğŸ¥ºğŸ¥ºğŸ¥ºğŸ¥ºmy,morning?,arts,session,runninâ€¦,filipino,family!,ideology,THANOS,@KaiKahele
Bigil,photos,Video,media,October,people,property,important,stunningly,English,#TheGroup,#PCAs,TRACK,brightness,@Moohd_Ilham:,stay,UPSET,@Nativeesoul:,film,https://t.co/2nALRFYueg,GOING!!,https://t.co/R4dQNVoykC,https://t.co/PDI3wJCLlR,60:3,JYPE,Rt,dm,@BigilTamilMovie:,Hill:,storage,https://t.co/go9XRFpLgc
culture,hotel,flying,words,future,deeper.,institution.,ROJO,drone,pretend.,https://t.co/8CPa75iqh5,@tifahenna:,@UtdJL:,STARTSSSSSS,https://t.co/ffmMlXYUOi,Kurdish-held,vacation,@bigKurama:,Folded,Buzz,Carl,first,Buddha,peng,Time,ENOUGH,awesome,injection,best,Captures
time,first,real,Weather,paid,awesome,@defsjacks:,https://t.co/Xjr4UtvxjU,you\n\nMe:,@monetxchange:,https://t.co/r7MzC1TiqP,\n#USA,#iSupport45,https://t.co/Hf1frFmWZA,website.,Goodluck,Video,Temp,Jaebeom,rain,\n\nyou,Special,Humidity,@lastraight1:,\n\nthey,Wind:,Surprise,film,#JAYB,POLAROID
today,metal,King,rock,mood,show,#GugOthandayo,like,HERE.,members:,one:\n\nTwice,NOTICE?,MINA?,persona,review,@Wordspiring:,diversity,\nâ €\nâ €\nâ €\nâ €\nâ €\nâ €\nâ €\nâ €\nâ €\nâ €\nâ €\nâ €,â €\nâ €\nâ €\nâ €\nâ €\nâ €\nâ €\nâ €\nâ €\nâ €\nâ €\nâ €\n,true,Airlines.,Kuching,echo,https://t.co/SUj0u3b7B5,courtroom,British,Unprecedented,promotional,METAL,alchemist
Pelosi,President,Nancy,impeachment,Republicans,American,Dems,Schiff,Congress,surprise,Americans,desperaâ€¦,liteâ€¦,divinely,@taeveey:,#UNIQ,:\n\n#à¸«à¸§à¸±à¸‡à¸­à¸µà¹‰à¸›à¹‹à¸­,âœ¨[UPDATE],@WYBthaifans:,King,impeach,@JYPETWICE:,Republican,#FeelSpecial,vote,bipartisan,witch,Syrian,INJECT,Oval
government,people,military,Michael,camping,legal,@Mesut_Ausil:,Hagriâ€¦,largest,Conservative,vote,public,Spanish,respect,movie,TRUTH,media,power,poisoning,mother,stop,@AndrewScheer:,disability,Boots,prompts,retain,peddled,Syrian,truth,firms
happy,brain,like,writers,friend,morning,funny,Tension,escaltes,it.\n\n#BjpPlaysPoliticsofDeath,paid,\nbut,Indian,@octoIing:,gunpoint,spanish,https://t.co/9KbLqKkEeq,Patiently,Junmyeon,#DallasCowboys,@boxianloey:,ğŸ˜‚ğŸ¤¦ğŸ½â€â™‚ï¸,inspo,nawab,President,exoâ€™s,@YUVSTRONG12:,swashbuckling,najavgarh,2500
college,sister,students,school,Video,Football,Hero,Oregon,real,today,President,toddlers,Republican,sports,friends,@QMagazine,@LanaDelRey:,https://t.co/GwVpQDPuro,best,character,@KieseLaymon:,@kakashishoe:,today,,,,journalism,@PSUBarstool:,110,669,https://t.co/aXa7JiZAFa,Himachal,Chai,@tarealeofhearts:
like,fucking,mood,PlayStation,Hope,pretty,incompetent,,guyâ€™s,erratic,,irritable,,people,@TalibKweli,tricky,Lock,@leapsaw:,@ImVontee:,actuslly,https://t.co/1qZHpjdGXR,@tonetalks,COMPANY,D-DAY!!!!\n\nthe,Nico,https://t.co/xFD5qmxCCH,ğŸ’šğŸ’›ğŸ’™\n\n@TXT_members,15min,movement.,best,@John98838917:,lunches...,data.
single,wall,Louis,relationships,game,song,lost,community,President,twitter,mature,Acting,October,brand,lair.,@ElsaSketch:,#Untitlâ€¦,keeâ€¦,https://t.co/eqqlHD6np0,billionaire.,pins,Tomlinson,@HasBezos:,U.S.-Mexico,Mash,Doral,important,@Louis_Tomlinsonâ€™s,relentlessly,@adrienneelyseee:
like,dirty,people,JUNGKOOK,morning,âœ¨ğŸ’œ\n#JUNGKOOK,@hardtiiimes:,https://t.co/2eWcwAp9o1,else-,https://t.co/9Q90UpwecO,energy,https://t.co/a8zpz2pfcn,history,blessed.,@canzaynnot:,everyonâ€¦,soulmate,https://t.co/pZwZ5h467A,work,Hello,fact,reserve,woulda,made,,alwaysâ€¦,meds,humble.,mampus,read,?\n\nğŸ¦‹10k\nğŸ¦‹15k\nâ¤20k\nâ¤30k\nğŸ¦‹35k\nâ¤40k\nğŸ¦‹45k\nâ¤50k\nâ¤60k\nğŸ¦‹65k\nâ¤70k\nğŸ¦‹75k\nâ¤80k\nğŸ¦‹85k\nâ¤90k\n\nFollow
like,time,today,girl,woman,MUFC,funny,summer,fresh,hope,spends,cartoon,Angelina,YouTube,first,deal,@TheAbridgedZach:,https://t.co/bRhuat3Bsr,beauty.,selfie,@DewaynePerkins:,___________â€¦,wallpaper,earns,Delta,@WWE,Jolie,vlogger:,https://t.co/SxUoQyg9H8,@ohwemgie:
history,American,versatile,Greatness,likable,canal.,Biden-Ukraine,Theoryâ€™,â€˜Conspiracy,@realmedicineMI,https://t.co/9SWyHElxst,best,real,@pitbullsad,aesthetics.,@kieradxni:,people,this!!!,help,hedge,@chrishemsworth,revamp,ruleâ€¦,unconstitutional.,future,@HUGOBOSS,@dhershiser:,inexcusable,Knight,managers,
perfect,fact,like,tweet,tight,change,Again.,German,Browns,https://t.co/nmLTwWHlTh,awsome:,ART\n\nMade,https://t.co/aobwf6zKGT,Throwback,fucking,MAMA,Lakoffian,framing.\nThe,lied.,letter.\nThis,lost,@taetaesbody:,rain,hair,measurement,here!!,2.2m,thing!,kick,,onside
like,people,work,environment,performance,today,memes,world,together,THURSDAY,Walking,thanks,,first,Ahgases,teaser,wildlife,content,polaroids,@ministryofkpop:,netflix,fish,water:\n\n#GOT7_COMEBACK,#GOT7comeback_JB,#GOT7comeback_Yuâ€¦,shonen,@guyverhofstadt,@LEC:,deodorant,@barstoolsports,anime:
party,Today,Republican,gift,first,weekend,cake,birthday,like,Send,education,house,President,best,wedding,Magic,Video,moon,'Black,Magic'.,Bernardoâ€¦,\n\nKathryn,learning.,called.,@miraaaaeee:,https://t.co/rCIORZbf2u,surprise,anniversary,oceans,\"lid\"
bottom,NUEST,like,fucking,RISE,minhyun,stop,pretty,vote,time,Austin,SHINE,Aron,line,,DEATH.,vegetarianâ€,@zipthevegan:,https://t.co/wgasTzojcX,vibes,PADS,@TurkeyUntold:,TAMPONS,dicks,@adorepryor:,BATHROOMS,community,Congratulations,pigs,centurâ€¦,https://t.co/N4A5zJvKy3
facts,gradient,Facts,English,funny,selena,fake,corruption,@MayaJama:,https://t.co/ekebWB5hvn,truth,facts.,iKON,Washington,LEGEND,@mlcalderone,fact,vaping,gomez,migrants,spitting,premarital,@JamesOKeefeIII,friend,true,send-off,@realdefonge:,havğŸ¤¢ğŸ¤¢ğŸ¤¢imagine,sick!,seğŸ¤¢ğŸ¤¢ğŸ¤¢ğŸ¤¢I
coup,stop,crime,people,Respect,President,@RepSwalwell:,impeachment,time,2016.\n,simultaneouslyâ€¦,@GladdOnTwitch,@ModernTryhard,@FleshCrunch,@AyyItsChevy,@Ehroar,@Sweatcicle,@hnybeezzz:,@ITzYanis21:,https://t.co/yV6Ep8ezPj,worry.,\n\nLooking,Ladakh,.@TomFitton,https://t.co/c96sdJ35Mr,#BlackMagic2019\nFROM,uncovered,fancafe,maybe,,@rajnathsingh:
morning,hair,trans,women,like,real,breakfast,vibes,first,white,weed,Saturday,city,reeling,matriks,perlis,fall,@maisarahdamia_:,https://t.co/L5h31g4fbb,pileup,32-car,trap,people,community,blonde,Tampa,@Gay__Omens:,balcony,walk,absolve
first,like,Twitter,seein,faith,apoâ€¦,this???!?!?,@hiraijiwoo:,https://t.co/fG184ATHfY,Outrageous!,people,#ALDUBxADNLoveUnderstands,Game,Saturday,â€œLGBT,activistsâ€.,praised,playlist,@fakehistoryhunt:,wasn't.\nBurn,'cramp','flex',,heat,â€¦,photos,Lincoln,Happy,Facebook,Depression,wine,cars:\n
like,time,friends,yoonmin,Burisma,lauv,NGOs,Wings,World,Polaroid,@nehochu_:,https://t.co/z5UCrShWfI,right\n#yoonmin,right?\",Solomon,@g7film:,\nhttps://t.co/LkooRbMXzw\n#GOT7,\n\n389.99,Euro\n\nGOT7,'Mass,Movement','Obstructing',https://t.co/BmXARrrvYG,\"drama,https://t.co/NinmFiKNGu,queen\"\n\n\"I,farms,,$1.8,dangers,@c_aashish:
airport,focus,help,lost,first,wedding,@gabbywapzxc:,@GautamGambhir,exam!!!,https://t.co/isnOpyKc0Q,@LtGovDelhi,mother,single,â™¥ï¸â™¥ï¸â™¥ï¸,Balance,WON'T,Money,words,@miyuliart:,@cookiesgewl:,https://t.co/saKoxCq7uJ,@socialjurist,tweet,Jinâ€™s,issue,,remaja.,https://t.co/2QbPxZh5v7,post\n\nğŸ“·,ARMYâ€™s,https://t.co/3dc2obRqWj
words,Twitter,Sundowns,performance,read,Bigil,first,Chiefs,digital,@SamSykesSwears:,@snuglytae:,leaves,America,@jayakabajay:,Dreamcatcher,pigeon,Brad,you\nhe,impostor,world\nbut,taehyungâ€™s,@PssMultiplexOff:,https://t.co/mLBwriuWxk,nutshell...,dog!,â€œ(ğŸâ€¢Íˆá´—â€¢ÍˆğŸ)â€,https://t.co/FyvRe2m0fp,Haunted,Shows\n#Kaithi,increasing,
kids,children,parents,like,home,Arizona,@funkemcfly:,https://t.co/D66dJQ6XPK,profit.,sexualize,\"adopt\",future,@migslacson:,https://t.co/ei2iPP3bdS,Hypernormalizing,friends,young,Stuart,time,fucking,bfore,Migrant,Kurdish,@nylsyhndh:,https://t.co/KyioLFz1WU,profiting,senaâ€¦,HAPPENING.\nSenator,orphanage,adoption.
like,work,people,friendship,talk,Republican,NO.1,âœ¨ğŸ‘‘ğŸ™ŒğŸ¼,@tamacooch:,https://t.co/jawE49tAn8,home,kids..,https://t.co/A5IT3nClWb,Murray,@vantegcf95:,@sbg1:,hotel...,pure.,tennis,really\nreally\nreallyâ€¦,Sharlene\nKill,disrespecting,another's,World,tayo,stop,@imchasingdreamz:,https://t.co/IC41uNL6fb,Mong,starter
time,like,today,hope,best,hard,proud,given,twitter,first,LOVE,stay,economy,energy,Marianne,critique,https://t.co/fYLgbMlyaZ,@danpfeiffer:,Dahlahâ€¦,â€œmenyusahkan,@FarahYunos:,skull,orangâ€,gymnastics,â€˜the,@twitter,starship,vote,seller,https://t.co/ev0j2FndAM
game,Very,work,World,happy,Michigan,October,hard,United,Maharashtra,titanic,shortly.,Bharat,Reds,America,\n\nMulvaney,Pune,@SpooSpoo98:,soft,,CHANNEL,optimistic,FUNNIEST,Youre,MUFC,SERVER,Live,@Shehzad_Ind:,Target,https://t.co/XP5kjQocw6,@pearlhouzuki:,Harbaugh
like,Happy,meme,woman,USSD,191019\n-\nğŸ‡«ğŸ‡·\nI,Wi-FiğŸ“¶\n@mtuan93,https://t.co/zMCEu6glmc,bird,NIGERIA\n-,@chikanels:,N5000.\n-â€¦,@Telegraph,Piece!!,https://t.co/9WGERg2o4l,enthusiasts,journalists.,camera,CONTENT,fire,S386,Congress.â€,https://t.co/RHEM7YnDxU,shopping,-@GOPLeader,Robux,Kong's,â€œgood,Bercow,Oct:
show,today,nipples,tshirt,trump,fraud,gift,Women,talk,tweet,best,anyone.â€¦,@RocksyLight:,power,borne,,changes!,âœ¨\n\nVacantion,photos,greeted,Dahyun,casts,@KongLam01076:,shoes.\n\nPR,hair.\n2.,film,real,anticipated,https://t.co/ZpJzJYuhxb,Twitter,Colors
like,people,Michael,work,videos,share,psychology,reading,outsmarted,@grecciiiaaaa:,@FrankFigliuzzi1:,'BTS:,Releases',https://t.co/hIN1pwkWb1,bugged:,playlist!\n\nLet's,anniversary,honourable,thanks,pleaâ€¦,Fish,Coffee,@Brooke_Lynne1:,Vine,legend.\n,https://t.co/AQTawWO1rS,happy,Bercow,?????,@XCIII9394:
campaign,freedom,religion,election,Warren,Freedom,racist,running,facebook,@samswey:,Gillum,HongKong,fraudsterâ€¦,digital,respect,ordering,stories,Tulsi,muslim,Liberal,Conservative,World,Warrenâ€™s,friends,bringâ€¦,Vancouver,@1776Stonewall:,Bernier,rhetoric,paid
Twitter,flowers,time,flying,garden,summer,help,President,money,fact,@madd_madam:,ğŸ”„0\n___â€¦,gummy\n|___________________________|\nâ¤1,NAILED,people,@MrBeastYT:,tweet,you\nReally,ğŸ˜ğŸ’™\n\n#SPOOKtacularKathNiel,\nSupport,ALWAYS,,happy,https://t.co/iTtftnaDy7,first,tuneâ€¦,â€œlast,leaveâ€,mistake,,relaxed,flower
Africa,World,England,Wales,stop,Ireland,best,rugby,support,mood,â€œYouâ€™re,#WeMissAshDeepInYUDKBH,scheduling,@001Danish,Jikook,game,@SonyTV,Vlive,pretends,@Jim_Jordan:,flight.,Australia,.@RepAdamSchiff,simultaneously.,Membersâ€¦,mother,intl,do...,@sumeethmittal,sunbae
white,racist,kids,Baby,Lisa,time,natural,like,people,photoshoot,photographer,attack!,@WestieJordan:,popo's,Moslems,women,black,twitter,numbers.,Maya,racism,@knamored:,â€œfuck,Fries,LISA,BEYOND,pumpkins.,grateful,@MrTeddyTedster:,McNuggets
star,rock,moon,series,pink,time,Miami,best,friend,magic,hair,world,Rudys,senateâ€¦,@GotJanie:,sure;,@asante_waa:,prematurely.,kids,heart,Congratulations,Maryland,punk,media,white,scorpio,hotel,taekook,public's,black
time,game,fall,first,like,best,Davido,today,woman,Modern,winning\nEverybody,winning\nWizkid,boat.,winning\nAll,Bordeaux,demographic,woe,,good!\n\nWoe,,https://t.co/H5GoomciHA,Woeâ€”you,https://t.co/dd0kLDkeY2,tespit!\n\nWell,@MevlutCavusoglu:,Yerinde,MySpace,https://t.co/Mi8Iw4M7wj\n,Hiro,lady,Life,@cheripiart:
Allah,words,reading,Muhammad,Read,peace,gender,best,Quran,grace,strength,Somali,turn,,https://t.co/86RSsW6AG8,Winston,@JohnRentoul:,confession,him),childbirth,prayer,tides,\n#MuhammadForAll,@helenleâ€¦,novels':\",doesnâ€™t.,harshly.,\n\n#MuhammadForAll,Churchillâ€™s,[T]his,people
lost,home,training,Dahyun,game,holiday,children,Kansas,people,selfie,releases!,hook-up,chanceâ€¦,herbal,Gained,@hibbettsports:,running,workout,@fullsunie1:,https://t.co/oIMAGYeXX6,smile,Seventeen,Cool,Tzuyu,heart,Maroon,hospitalized,half-time,market,yoga
justice,Justice,Uber,Truth,American,vote,support,paid,please!!,Aslam,Momin\nYOUR,enormous,welder,Plumber\nYOU,Barber\nYOU,Karim's\nYOU,Ruksana\nYOUR,@Mr_Overlooked:,https://t.co/zf9â€¦,Marc,showering,Far-Left,Mina,@mintyoon09:,https://t.co/LylIyAFUZ7,ğŸ”¦\nRun,87\n\n@BTS_twt,https://t.co/lâ€¦,Strange.,President
power,democracy,real,Nigeria,legend,Zuckerberg,hero,wealth,TRUMP,Kpop,Respect,solar,people,media,Hindus,Blessed,life!â€¦,againâ€œ,public,pain,world,trending.,events,beach,pokemon,freedom,nuclear,faces,,@QmagaMike:,lonâ€¦
Bernie,Warren,poll,largest,fundraising,Washington,vote,surprise,Security,Find,Obama,Valley,support,Michael,Hillary,immigration,Sanders:,Graham's,@HelenArmstrong5:,history,@ProudResister:,Harrison),(Jamie,clear:\n\nBernieâ€™sâ€¦,Tlaib\n\nItâ€™s,Sarsour\n\nRashida,Sanders:\n\nAOC\n\nIlhan,Omar\n\nLinda,@bernardokath,,Intelligence,
Russian,Tulsi,support,American,hiring,President,people,paid,woman,Putin,media,Hillary,Antifa,true,tweet,politics,forceâ€¦,Dems,disavows,@CarlosSimancas:,https://t.co/NXXJ1Q5o2Y,table.â€,Norris!\n\nğŸ˜†,abortion,Duke,,@Cernovich:,outlet,Portland,Congress,first
dream,true,fish,housing,Winter,people,Fall,education,real,gas,,Together,,gratitude,Today,Beautiful,@cherryemoticon:,STUPID,jaemin,tripled,debt.\n\nTogether,,right.\n\nTogether,,Stranger,show,home,@renminrise:,@baekstudios:,https://t.co/8IZ6b4YQjO,Radio,2013,,dreams,#Scheer
kpop,beauty,twitter,truth,like,wife,DAHYUN,girl,show,HALLOWEEN,girls,people,culture,support,superm,KPOP,/krt/,@couribruv:,https://t.co/rMNsIbSutL,https://t.co/DkNiUeaBsc,BOLD,Rouge,@ShawtyRiri:,Primer,best,https://t.co/pnnKOUoMT7,stan.,sunkissed,all-star,products:
fucking,Apple,stop,reading,homework,tired,Esperanto,hard,tweet,fuck,treats,(â€¢â—¡â€¢),@Rinawbu:,\nRâ€¦,|ï¿£ï¿£ï¿£ï¿£ï¿£ï¿£ï¿£ï¿£|\n,Bolton\nBetanyahu,Esper\nTim,Cook\nMike,Pence\nMike,camera,https://t.co/m6Zd3E9MDq,@SwaggerSouls:,children,@jiminscloset1:,@_TudyNiece:,weight.,security,_differentbutsame,,#JIMINstyle,Gucci\n\n#JIMIN
like,today,stay,LMAAAOOO,https://t.co/9oGAHHsWuv,pushâ€¦,weakest,lifestyle....Remember,@MW_Unrest:,\"quietly,adopted\",https://t.co/68soxODFbj,Today,happy,gift.,ears.,community,nooo,applaud,Vincent,MOSQUE,#HongKongPâ€¦,Kowloonâ€™s,CLEANUP:,swear.,u're,registration,film,mashed,beyoncÃ©
like,series,perfect,teacher,first,house,time,urban,@direklauren_:,chicken,morals,Kiko,@iHeartRadio:,10000%,@BenjaminNorton:,chairs,Escuadrâ€¦,@Btsmaykoook:,ansâ€¦,https://t.co/KzVBGkcOn9,MICHAEL,âœğŸ»#MakeItRight,vehiâ€¦,Kartarpur,reactions,saves\nGOD,teaches\nGOD,.\nGOD,blesses\nGOD,speaks\nGOD
saturday,shower,exols,astronomical,https://t.co/4jKaa3bSqa,âˆªï¼¾ã‚§ï¼¾âˆª,world,bigot,broadway,@ProudPuff:,people,@prasannavishy:,dusted.,atheist?,Scotland,Taqiya,https://t.co/ccUâ€¦,Entries,Sarkar,Thumb?,hair,+25K,\n#Mersal,+30K,https://t.co/QKNdYArwAf,bop\nLike,Herald,@softdahyunniee:,thanks,trending
funny,Spanish,Cute,fortnite,reddit,rate,meme,chat,ateez,comedy,like,chanyeol,memes,react,@boye_g:,Minister...,https://t.co/hNyeopRmYb,Chen,@babiejongdae:,fail,https://t.co/ze1Lk9C5kI,hongjoong,hope,@eisrim:,https://t.co/dPoSKfy1M7,superm,reinforce,sneezing,@KATHNIELSpikers:,years?
tired,color,brand,fucking,hard,Dems,Antifa,-You,..BAM,..When,American-who,mural,handle.,â¤\n\nCongrats,October,tweet,single,world,hair,real,promise.,people,@hell0erick:,@GAFollowers:,media,read,communication,#OutKast,Tawar,hatiâ€¦
ASTROS,Anime,best,Dallas,Dogs,pasta,like,Film,@TheIsiahNunez:,\n\n#NYYvsHOU\n\nhttps://t.co/uH672ZHtxE,truth,@AndyLeeman91:,https://t.co/OTG20WxG6B,spurs,WALK-OFFâ€¼ï¸\n\nJOSE,https://t.co/ApCguWfTk2,LINKSğŸ‘‡8âƒ£â–8âƒ£\nâ†ªï¸https://t.co/bNduzjXwKn\nâ†ªï¸https://t.co/bNduzjXwKn,BOMB,LINKSğŸ‘‡8âƒ£â–5âƒ£\nâ†ªï¸https://t.co/bNduzjXwKn\nâ†ªï¸https://t.co/bNduzjXwKn,Belle,reliable,careful,,amazing,Loud,pasta,,@NabellaAnuar:,Like,More:,Hentai,jeonghan
smile,sweet,dance,like,mina,happy,best,heart,happiness,perfect,Unfollowed,Cherish,Followed,,(monitored,ğŸ™‹ğŸ»â€â™‚ï¸\n\nhttps://t.co/0LUxN5ftq6,CNN...\n\nRAISE,@doublebeom:,https://t.co/V9AY5PaGzu,people,Krist,@krist_est:,à¸•à¸¸à¸¥à¸²à¸„à¸¡,No.5,him\nYou,à¸•à¸±à¹‰à¸‡à¹à¸•à¹ˆ,11)\n25-27,(à¸ªà¸¸à¸‚à¸¸à¸¡à¸§à¸´à¸—à¸‹à¸­à¸¢,9.00-17.â€¦,Krist_est\n\n\"Mini,Exhibition\"\n\n@
ocean,heart,green,enjoy,horses,Mina,color,Ocean,wild,Justine,Belâ€¦,angers,Rodil\nMake,team!\n\nHair:,@bernardokathâ€™s,Rosario\nStyling:,Neric,Aranilla\nCostume:,@NaturelsLit:,@ismaelan:,speechless,\n\nAnd,today,\n\nI,too!\n\nYes,,submission,morning,sunrise,roller,show,beach,@Nikki_0206:
hard,Libra,innovation,fall,American,proud,work,Mina,protests,kids,happy,fuck,perspective,brilliant,,true,Philadelphia,Baby,magic,song,Japan...\n\nThis,Sooner,today,trade,completing,pain,thalapathy,glass,precious\nhttps://t.co/FxnMg1TThP,positively,fucking
game,today,sketch,kitchen,Salah,real,LOONA,church,Tiananmen,Apologize,justin,Subhan,Beijing,,@pathofthesalaf_:,Adhaan,@sweet_novacanee:,pilots,tax.,Republican,https://t.co/t7gn9ewt4t,tampon,@Miv4t_:,Justice,https://t.co/3HYNjxZ13A,help,Cats,Tulsi,https://t.co/AaUKsPKXog,#MUNLIV!\n\n#FPL,https://t.co/p1FyWCZAr7
games,goals,today,time,game,Klopp,first,Salah,Scotland,Minecraft,best,train,Saquon,Alisson,fall,girl,sprain,,high-ankle,@NFL)\n\nhttps://t.co/OSJPi5IDN6,Sports,battling,HONG,winning,roblox,Messi,@SkySportsStatto:,Pooh,goals,,Giants,manager?
morning,strength,Find,support,listen,june,stories,LOVE,@sevenlkon:,https://t.co/ra7QsDIKHa,@MalcolmNance,Mina,photographer,Hotel,winning,protests,Cracking,wings.,#TCMParty,altuve,\n\nKim,MOMO,corruption,holdâ€¦,singles,jose,Mubarak,@rohitnig:,France.,Crore.
true,worship,cancer,earth,people,real,house,Cancer,sports,power,HongKong,Peace,Mina,death,colors,luxury,world,Minnesota.,ğŸ™\n\nFour-time,https://t.co/nKwiPfTKQv,Cancer.\nTrue,Sonipat,homeless,enhanced,NASA,Baroda,,Kidneys,Youth!,guru.,takingâ€¦
song,sing,like,time,awesome,Dance,dance,singer,listen,friend,Requested,@MostRequestLive:,#NowPâ€¦,birds,fucking,guitar,Watch,hope,@drugsfromchina:,more?â€,https://t.co/KhnabWjtzd,SB19,world,stop,Cover,Hon'ble,WENDY,Allah,designated,PLASTIC
people,like,time,thanks,Life,racism,energy,world,asking!,vote,walk,cars,advances,peace,contest.,song:,keepâ€¦,deal?,earphones:\n,white,stay,show,career,support,strengths,power,Dale,Chip,worships,women
Scorpio,today,time,vote,read,Gemini,@LILBabyy4PF:,whateva,@ChelseaFC:,clean-up,Hudson-Odoi,breakthrough,Pulisic,@SonyMusicSouth,empire!,BABY!,https://t.co/VxnAA9d8Ds,https://t.co/pJGjXJâ€¦,verâ€¦,\n\n@arrahman,\n@Chinmayi,#Madhurâ€¦,fearful,OMG.,supporter,,ğŸ™Œ\n\nThe,https://t.co/zNTlsLRqmi,event,@DanishNazar_:,ğŸ¥ºğŸ˜”âœŠğŸ»
grateful,work,together,people,show,unique,amazing,Corrupt,share,insurance,sale,October,Cummings,support,commission,trading,holidays,traveling,frieâ€¦,weekend,Twitter,\n\nWeâ€™re,NHS\n\nTogether,photos,Widow,Future,thanks,spouting,@BsbLifestyle__:,dog,,happy
time,like,best,young,show,United,people,yusol,https://t.co/wePre9nGST,@yuunisol:,kids,seats),astros,@arsenalsguts:,https://t.co/tVz9EUOy2I,Congress,Instead,,Bigil,book,America,Pledge,death,mistakes,,Class,typos,LMAOOOO,Zimbabwe,halls,Shake,approximately
movies,Marvel,Ford,movie,charity,twitter,comic,film,book,Batman,Godfather,superhero,Salah,comics,series,leftover,rescuing,Horror,marvel,October,#UCL,@roomatear:,contention,Wednesday's,home,hair,Netflix,GAMEDAY,Doug,@thepeeinghuman:
book,World,like,romance,poetry,reading,@janineshuitaa:,https://t.co/XaMrcWp4i7,@houstonxjordan:,https://t.co/PZgp8fjnAm,Read,Bro,,*The,@BostonStrong_34:,â€œHey,,read,author,AGAIN*\n\nYankees,rings.â€\n\nEVERYBODY:,joke?,review,whom?,ily.,You.,@skustacleeezy:,badside,@softhyunin:,THIGHS,Romance,loved\n-made
cash,World,surprise,first,funny,single,Valimai,thala,poster,change,people,#thala,dirt,Raises,time,tony,Mervyn,shoutout,$150,000,Conâ€¦,Wows,Observers,,money,Changing,witty,Mets,games,â€˜get,#AjithKumar,wealthiest
girls,throwback,help,naughty,https://t.co/MA5cYobSzH,ğŸ˜­ğŸ˜‚ğŸ˜‚ğŸ˜‚ğŸ˜‚ğŸ˜‚ğŸ˜©ğŸ¤¦ğŸ¾â€â™‚ï¸,@joelycett:,https://t.co/Miqg6y4PNj,like,mercâ€¦,leaked?,Sir),superintendent,,SecDefâ€™s,President,existence.,https://t.co/qwIOeWavKp,Impressively,,supreme,Cool,@bestshipsever:,Beautiful,,Glitter,@itsOddFuture:,https://t.co/chcM1G3BTq,Momo,Berries,@BadestMelanin:,https://t.co/EsjGdVWZLp,environment
October,trending,Bigil,YouTube,iTunes,Chennai,Saudi,worldwide,BIGBANG,military,awesome,Bookings,Trivia,Worldwide,Tamil,Esperanto,anniversary,Davido,25th.,anything.\n\nReason,everywhere.\nWhen,\n\n#Khaidi,BIGIL,tag!,topping,KST,,stressful,,articles,resisted,impeachment
hope,best,people,friends,like,happy,faith,nice,world,help,actioâ€¦,@ic409:,Kong.\nI,eventually.,Muslims.\nI,Mexico,summoning,Edelgard,share,@EvaBeeSmith:,healthy.,up,,,too.\",amazing,theirselves,https://t.co/VUR7tg56Tv,zombie.,Zaid,,@nurdiyana02:,circle,
happy,happiness,time,anniversary,like,bottles,exposed,first,Nolo,woman,people,Sneziey,tiger,soul,jobâ€,insightful,flourishing,Schmidt,@vantebear_:,Cece,@janiaabaniaaaa:,@valerhyun:,chuu,@Space2Mal:,@karinadoubleu:,https://t.co/5kBxb0Cuie,@aaronMCN:,Luyolo,heejin,truth
Happy,Birthday,birthday,anniversary,videos,thanks,hope,Saturday,event,true,friendship,Saudi,Today,twitter,@bagsoverfame:,https://t.co/x7zZIfnPO3,@jaymesblond:,https://t.co/uImVq8e7N4,@Diddy:,Youngboy,puppy,Gandhi,https://t.co/xiGNS8IIJv,@movementsCA:,Tweeps,,October,Omg.,lovesâ€¦,twins,@SnoopDogg.
today,space,time,Mina,Cancer,Sagittarius,green,NASA,courage,oceans,Snapchat,deal,October,first,update,birds,Jihyo,https://t.co/rdzj1tmeHq,unnie\",light?,https://t.co/gheSrNWlVm,stretch,sliding,proud,Tuve,unfollower,patientâ€¦,@ArishaRozaidee:,Twicetagram,Marines,
future,Facebook,like,beats,economy,hard,help,hope,'keep,mind',children,@Realtor_NG:,says:,these.ğŸ˜‡,https://t.co/cRydQp8hh6,Tory,green,saturday,videos,father.,Tripura,Boris,Arsenalâ€™s,Facebook,,wired,Christianityâ€¦,phones.,referenced,*and*,undâ€¦
Twitter,Learn,Instagram,Media,research,Business,content,Marketing,Science,Data,LinkedIn,History,homeless,Share,Market,Digital,tips,Bidens',ex-VP,,@CLewandowski_:,https://t.co/U4AjBJoA2g,Technology,too\nMen,3years,@MimiTajiri:,Security,hearing-impaired,https://t.co/lQLg1lmYni,Doesnâ€™â€¦,@SHlRLEYH:
dance,Naira,blood,performance,adorable,spooky,time,happy,Georgia,given,dancer,teachers,pumpkin,beer,October,ğŸ˜‚ğŸ˜‚\n\nThis,ğŸ”¥ğŸ”¥\n#starboyfest,\nhttps://t.co/fJfqDGDxFC,Instagram,this...but,@MrRandyWATTsun:,https://t.co/JFZrGm2WYw,.@JJWatt,bath!,game,Lily!,@CatzoniaMY:,https://t.co/zeayF39e9i,@JoseAltuve27.\n\n(via,@HoustonTexans)\nhttps://t.co/V1mPnnWoUm
parents,proud,regret,fall,iPhone,like,building,Very,flying,pretty,gender,support,moveon,@quraishahnur:,https://t.co/ZrWbSeiAvA,yes\n\nthe,hidâ€¦,ups/downs,Gatie,@brentalfloss:,https://t.co/50dc28muCA,world,https://t.co/pinECxiGjK,@jnkjisoo:,@nxhimx:,moomin,subscribe,talk,you\"\n\nI,;\n\n\"
pretty,sweet,dreams,lady,like,help,death,adorable,hope,heart,Hillary,@livingd0ll:,Clinton:,girl,fresh,friend,ideaâ€,Libya,endearing,march.,@akaworldwide:,effortlessly,Feed,amazing,#HKprotesters,funny,gaga,@sahouraxo:,bluâ€¦,hoe.
dress,like,girls,makeup,wedding,artists,work,progress,home,witch,amazing,incomplete,dinner,Branch,Relations,https://t.co/hG33Q0el1v,sticks,bankers,light,\n#BamBam,superintendent,\ngood,pending,adult,@wandererasc:,@shar_sanpedro:,https://t.co/9JEvb72m6w,\n#got7,stop,YOU..ğŸ˜œğŸ˜œ\nMission
people,fact,like,Life,alcoholic,,@Solextial:,City.,blood,song,Gotham,Beautiful,goals,skills,best,@jenniaki:,@KaelyrianSteel:,https://t.co/h6qaV7dXEW,\n\n\"Come,young,smth,over.\"\n\nNigga....no.,assholes,back...,Carter,affects,kidney,Salah,sewing,calledâ€¦,classic
work,hard,morning,people,home,parents,children,Future,wife,kids,Vande,Woman:,Mataram,BMK(V)J.,relax,admit,,sale,teamwork!,@aqilah_ahmaddd:,https://t.co/JmUceiSkbM,@kamaliyae:,https://t.co/RthZOfhWSY,@chaesmoltzutol:,Tuesday.,masculinity,faith,soft.,taxi,blames,https://t.co/7tjnHrxHGH
talk,people,Giuliani,Friends,first,change,Catalan,Spanish,chicken,Alabama,[kst],ğŸ¥ºnow,replyingâ€\nbold,\"terasa\",pickle,show,marinate,brine,@lZoe7i5:,it\nBut,\nCover,administration,,talkâ€,riots,tweet,universe.,@GregSankey,outâ€™,@SEC,countries.
Time,German,focus,Hope,Light,time,Legend,Reading,#itsyourmoment,restaurant,mafia:,methodology,Madrid,chicken,@ChickfilA,min/km,,yaoi,estimating,@billmaher:,crowds\nhttps://t.co/lâ€¦,#Pricâ€¦,2009.,cosplayer,British,convention.,Prepare,cosplayer,,shuts,@grave_weaver:,first
character,Sana,growth,restaurant,first,development,stop,time,fuck,girl,Mina,game,like,forward!,world,https://t.co/EExtT4j5PM,Marlians!!!,schoolâ€¦,positive,ğŸ‘ğŸ»ğŸ‘ğŸ»,weekend,bit..,cute!!!!!,BALL,https://t.co/q609RZ0HWg,power,Crocs,cake,fire,#GameBoyAdvance
movie,Disney,film,pumpkin,Saudi,African,best,Bigil,train,movies,deep,TANHAJI,lion,first,Bollywood,scary,Tamil,https://t.co/PZKJNJfdWI,update,poem,together,actor,Arabia.,Yaiba:,Netflix,KSA.,\nhttps://t.co/wnFCpyEhiE,https://t.co/US6xOCwKI5,Mamallapuram,Arabia,
walk,Game,World,hits,studio,home,game,Need,Pokemon,first,Houston,Hollywood,Chapman,Philly,amazing,Rams,@1800BUDDHA:,https://t.co/tWIgHTjFtf,shoes,Nationals,@So_Safadezas:,Bigil,@barstoolbets:,Nats,Falcons,Atlanta,'hero',rerun/replaâ€¦,Election/Final,Redskins
Black,Magic,stop,tweet,school,Congratulations,women,https://t.co/V8aroH9BKk,https://t.co/ETJHM0qjMv,@KrishnanGaniel:,https://t.co/GVscsbN5QP,(Part,people,alternative,Friday,@MAYWARDHAOFC:,ONLY.,Nigger,balls,first,Lite,woman,@otaku_barbie:,https://t.co/GFFpSpSydp,Women,thread...,Live,,Sheep,whiteâ€¦,Halloweenâ€¦
shower,sport,session,skills,extension,medical,Mane,first,hockey,Design,Business,time,@spittinchiclets:,https://t.co/o6bKMsRLxA,vote,Identity,Logo,students,game,people,Boris,teaching,YoungBoy,legal,there....,share,\n#MANLIV,@regielyn__:,awesome,would,
energy,vote,positive,Republicans,Taurus,Congress,Senate,election,Labour,Republican,British,Conservative,Florida,party,Tory,brain,Boris,Mitt,show,Haryana,remain,Government,PTSD,Establishment,budget.,@labourleave:,polls,https://t.co/QgmyPBbOyY,traumatic,#SpiderVerse
stay,Kurdish,healthy,Pompeo,Conservatives,Syrian,Liberals,Monster,emoji,help,deep,appeal,,winter,Read,Yesung,Bigil,morning,single,submissive,home,Scottish,important,bitch?,cleâ€¦,babe,\n\n#Thalapathy,Kerala...,Kerala...\n\nBox,viral,@theJagmeetSingh:
running,pain,fucking,girls,work,camera,spiderman,like,Cummings,Rashford,parking,impeach,weekend,@chrisdelia:,Capitol,https://t.co/uoD0YOU7uX,bcos,jewelry,party,https://t.co/bujMcNo7zK,Sanjaya,Sukamuljo,Fernaldi,scrubs,stop,https://t.co/vzKB232Zvp,smiling.,sickle,subpoenas,@NurulImanMka:
friends,best,thick,friendship,fucking,like,teacher,Life,amazing,LGBTQ,share,trump,show,United,courage,humor,Dogs,healthy,stop,@mygbebe:,Depâ€¦,would?,@Enough212:,https://t.co/9jgxCLKCj5,@dino_comedy:,support........â€¦,â¤ï¸â€â€¦,manners.,people,@liltecca:
world,history,lunch,like,first,Honda,Dragon,fucking,real,earth,wild,best,parents,Bigil,train,@bazzi:,ğŸ‘‘ğŸ’¯\n\n@actorvijay,Indians,sketch,euphoria,wisdom,watches,threats,,@Femmefeministe:,doctorâ€™s,learningâ€¦,write.,@ayosworIdd:,wolves,blaze
YUGYEOM,@TXT_bighit\nhttps://t.co/hTLsaADBec,debut\n\nâ˜¹ï¸â˜¹ï¸â˜¹ï¸â˜¹ï¸â˜¹ï¸â˜¹ï¸â˜¹ï¸ğŸ˜­ğŸ˜­ğŸ˜­ğŸ˜­ğŸ˜­\n\n@TXT_members,critic,https://t.co/U2HtAm0RJk,bighit,\n\nHistory,ceilings,color,@TheDailyShow:,@dilqn650,@AbeeLCorrales,@Michael57071100,@paintedIife:,https://t.co/5NUxJhfLdt,@ROHLL5:,@tv_edis,@kayanyildiz_:,https://t.co/pKJw0EV8bW,winner,man!!!!,yet:,@Sifill_LDF:,HKers,@CSGOEmpire,OMGosh!!!,monkey,https://t.co/OkHtzvdtJK,@kenklippenstein:,https://t.co/3jVFXAQMCP
Vote,Canadian,VOTE,vote,Fall,Support,Deal,politics,Leave,Kerala,Liberals,like,Bigil,election,Alberta,ARMY,@ColourPopCo:,@TheShawnVotes,MENDES,Muncâ€¦,#NBA,âœ¨\n\nOur,collectionğŸ‚,Green,@MaximeBernier:,difficult.,Liberal,CATEGORY,\n\nCALLING,DANGER.
Vintage,Gold,Black,Gift,etsy,share,meme,Baby,#etsy,Free,Soul,Resistance,handmade,Green,vintage,Fashion,Pearl,who:\n\nLIKE,Women,@yokoboji:,\nRETWEET,PartyğŸ‰ğŸ‰\n\nFollow,ğŸ”\nCOMMENT,ğŸ’¬\n\nDrop,Party.\n\nFollow,ğŸ‰ğŸ‰SUNDAY,Necklace,Earrings,Leather,Shirt
ghost,ASTRO,trade,NUEST,ALBUM,SEONGHWA,Family,construction,Jaguars,Response,school,Bigil,@Realrclark25,#ì°¨ì€ìš°,\nRemember,#ì•„ìŠ¤íŠ¸ë¡œ,@hunantvchina:,Biggest,horrifying,#WINNER,https://t.co/EWâ€¦,181020,@the852spirit:,.@jalenramsey,JanaSenani,#Winner,backstory,https://t.co/WK3SJAnuU0,191006,#goodnight
Hope,logo,twins,Saudi,Fire,real,entertainment,enjoy,proud,@IdolsSA,iTunes,home,World,Likely,Fiverr:,mixtapes,prank,awesome,gold\n\n,https://t.co/WI1Q3Wtpvw,@ScotchandSoba_:,Virginia,MOTS:,Persona\n#67,World\n\nThe,D\n#36,mono.\n#2,#IdolSA,Answer\n#131,Arabia\n#1
home,tweet,Help,Twitter,read,twitter,https://t.co/wZrSgVW0WO,@quistalktoem:,https://t.co/qVpvwFfmgN,art\n|___________________________|\nâ¤4,ğŸ”„1\n________â€¦,@daniela_florezz:,Netflix,weed:,#RETWEET,@funkeolotu_:,dreams,Peace,Ayomide,yesterdayğŸ˜­ğŸ˜­,https://t.co/XvxyqIIAxm,Followâ€¦,https://t.co/xafO5LVâ€¦,@k_xgh:,obliged,@suzanyummy:,threshold.,@MpeachTheMF:,dayâ€”when,@StevenBeschloss:
proud,power,time,today,studying???,skip????,earning?????,start????,GALING!,ğŸ˜#MayWardBlackMagicalNight,adulthood,focus,@Camila_Cabello:,Surprise!,@jaynooch:,https://t.co/0hfQSsV2Wh,Schiff,Wonderland\",co-conspirator,\n@realDonaldTrump:,testifying.\"Alice,Verdictâ€¦,https://t.co/7PjalNb6jV,youâ€™,@JRFURugby,#ë°•ì§„ì˜â€¦,Legacy,@smpjmth:,Elephant,match!
time,like,first,pretty,Very,scary,today,rain,security,clouds,wall,read,support,disgusted,emoji,@AP:,policy,,media,Beloved,Mitchell,money,photo,,incapable,Mock,Hillary\n\nThey,skies,young,Today,hopeful,ejected
today,like,blog,time,show,first,happy,gift,house,Washington,LISA,stop,Yoongi,help,thanks,work,retirement,pro-EU,Brexit:\nThe,irresponsible,Media,https://t.co/QryGklvc9E,@robertarchives:,gold,Women,politics,https://t.co/KQ2bLYgCie,stream,Twitter,ğŸ¤¦ğŸ¿â€â™‚ï¸
jimin,park,iphone,like,friends,talk,party,iPhone,cars,jimin:,fucking,Twitter,flexed,iPad,@nochudevil,mood:,best,@worldbestsmiles:,https://t.co/Mm6iHzLM5W,@mnrrntt:,Hello,@TAESUNlVERSE:,ğŸ˜\nhttps://t.co/TFwX0fNsdm,jeon,McCain's,parked,ministers,https://t.co/mdktA9zDRgâ€¦,well.\n\nDownload,@AshramEstore:
like,#ìµœì˜â€¦,Send,drowned,\nGOT7ğŸ’šğŸ’šğŸ’šğŸ’šğŸ’šğŸ’šğŸ’šğŸ¥\nKEEP,best,understanding,,loyal,,nasty,,@peterquillsI:,FACTS,impact:,people,@teexxx03:,https://t.co/GSWsNEYbl5,businessâ€¦,https://t.co/U2Msph6ptU,\"we're,Lmfaoooo,abortion,Kodak,-tiffany,soldiersâ€¦,English,home\",,Candy,@Pschmeichel1:,reading,right?\n\nWe're,DoNt
like,time,photo,people,friends,Communist,markets,@tinyanimaIs:,Time,mood,passionate.,Calm.,Caring.,https://t.co/4n0SZDnCPk,@onlikshai:,Intimate.,Worrying,@jpaap,@SenRickScott:,Average,freaky,armor,walk,apple,Dylan,https://t.co/lDT29wWLnz,@prncessaIIi:,denies,help,@adjunctprofessr
EXCLUSIVE,rain,thalapathy,Exclusive,Youngjae,Bigil,Superstar,palette,kyungsoo,#Jessica,Punk,winner,Hazard,Musâ€¦,JUNGKOOK,XOXO,Thalaivar,Biggest,USMCA,#Youngjae,Taipei,Baahubali,gall,SNSD,Virgos,SyeRaa,#Virgos,#JUNGKOOK,#ì •ìˆ˜ì—°,Instagram
College,hero,dragon,neon,essay,rack,â€œChoosesâ€,Today,Gerrard,summer,for...,trending,applâ€¦,gamers,Sloth,@RMPICS_twt:,Sleepy,honeybunch,snoogums,sugarplum\npumpy-umpy-umpkin,my\nsweetie,harvard,cuppycake\ngumdrop,boogums\nuâ€™re,meme,giraffe,\n\nwensdsnesday\n\nfeburuarie\n\nur,\n\nrestaueuanrut,\n\nAlso,unicorn
mood,LOVE,tattoo,Government,awesome,pretty,@fairyktth:,https://t.co/hxP48y81rh,Venmo:,moly,,JKbday,40!?!?......,#JKâ€¦,relax,people,wild,Enjoyed,President,Twitter,criticism,,present.,brain.,@x1members,justification,Memento,Ghoul,here!!!,https://t.co/cjcr9OZ9AL,Mori.,@WardcoProps:
black,girls,parents,white,women,pregnant,hair,people,Very,woman,diet,superiority,Kashoggi,Epsteins,Bush's,Epstein,,jaehyun,@smh_natii2:,https://t.co/lm5IacTOxD,Khashoggi's,,@_sajot:,lolzâœŒï¸ğŸ˜š,https://t.co/DwQt6ytLEv,pengest,@abzsaidsym:,https://t.co/WXiSAmB4R9,https://t.co/qEIVfrk6t7,publications,stream,young
jimin,song,healthy,like,help,heart,happy,wild,jungkook's,energy,exactlyâ€¦,yoongi,@GIRLMEETSEVlL:,enteritis,,vacation,@kimvanadium:,words,jikook,https://t.co/dQVPfmQnBZ,before?,fact,afteâ€¦,https://t.co/RfybGxfLyb,'beautiful',@jikookheart:,\n\njimin,throwback,green,consâ€¦,beauty
draw,legal,first,best,winter,@RahulGandhi:,Banerjee,\n\nThese,color,song,internship,yeet!,@ScottHech:,@XXL,chicken,friend,NOLA,Review,https://t.co/xWvG8V9smH,fucking,injusticeâ€¦,Witnessed,Bernie,crime.â€,Defenders.,Honest,â€œPolice-created,Venezuelan,deserved.,#HOUSE_OF_BTS,heres
death,pretty,taekook,#ë¸Œì•„â€¦,Photoï½œJeA]\nBrown,nonchalant?â€\n\nMe:\n\n,@phamousphillips:,https://t.co/ETf8AfWGht,school,#taekook\n,\"neh~\",1:43\n,,@smhbrook:,0:20,â”€â”€â”€âŠ™â”€â”€â”€â”€â”€â”€â”€,\"V-ssi\",probaly,lmaooooodeletoooo,first,morning,stinging,spray.,@yashar,chemicals.,actor,mosqueâ€™s,dance,retching,shoved
time,tweet,stop,artwork,real,https://t.co/v7lab2khd4,@mya_rosee:,money,Mumbai,@baddoleesa,outfit,,model,initially,experimental,android,@gauravcsawant:,market,stranger..,@Aimnhazmi:,https://t.co/tjbMPM7VRb,Investment,Germany.,installed,ğŸ”¥ğŸ”¥ğŸ”¥ğŸ”¥ğŸ”¥,ONCEHALLOWEEN2,seater,terrace,@EbituPromise,aircraft,,Waits
people,impeachment,morning,orlando,Chernow,biographer,mind,\",@eradikaiit:,https://t.co/RJPFoXLXsB,@hollandcourtney:,weekend,ğŸ˜­ğŸ˜­ğŸ˜­ğŸ˜‚ğŸ˜‚ğŸ˜‚,@chewykiss:,Dreamcatcher,https://t.co/aWKC9huVil,it...\n\n,https://t.co/cEuUIOHmyO,@ryanmcnally95:,hope,kurds,British,DNDNDND,https://t.co/X5NMVUxde8,Twitter,hyunjin,@HouseDemocrats,@FBI,game,Siyeon,to...
like,costume,diabetes,twitter,peace,mindset,pregnant,girl,world,https://t.co/kGgfyr3jU0,@Jacquees:,EXCLUSIVE,dough,@c_bhatoey:,some...,PewDiePie,convo/giveâ€¦,@nathanlawkc:,@lizzo:,https://t.co/fhAvsdFO73,buddy!,China:\n,\"Chinaâ€™s,dream,@caaadestone:,https://t.co/uDASz2F5â€¦,draw,@CuteSlutty:,that.â€¦,vegan
time,hits,stop,first,Forest,kookoo,beer,ğŸ˜…ğŸ˜…ğŸ˜…ğŸ˜…,lost,young,baby.....,https://t.co/R86hC0TDTU,yixing....,@GreatWishIist:,@hot_pcy_pict:,respect,https://t.co/ggLHpkIHD3,#CBDstore,#BuyCBD,#CBDcandy,#CBDedibles,Wigan,furries,character,bounty,#nffc,Harvey,Noodle,bobby,prioritize
people,time,Europe,stream,goals!,@thespybrief,Bobâ€™s,ğŸ˜±ğŸ”¥\n\nhttps://t.co/fâ€¦,@KhairulAbror1:,https://t.co/wyFJNl2L25,Marshallâ€™s,media,rule.,https://t.co/HYETvtHs2y,@_missssbk:,tourist,VIOLENCE,flying,like,@BarstoolsTweets:,https://t.co/Qy7Lt0Cevn,@20committee,real,Neverland,party,@LouiseMensch:,lost,@qyscha_:,Legoland,@911CORLEBRA777
time,people,sports,freedom,truth,survival,POISON,Michael,OHMYGOD,Chapman,first,trumps,Reuters,WhatsApp,Lupita,mail?,cameron,@Be_ll_adonna:,https://t.co/jfxc7ekZTR,frustration,vagina,\n\nCheck,smiâ€¦,rounding,@BTSVotingFam:,highland,bargaining,beacon,@new_gaywanking,@SyedMuhdFadli:
fail,community,people,work,best,peace,Glasses,tiktok,funny,girl,reset,legal,teller:,https://t.co/2018E5Uil6,@mustymichelle:,bomb,$3.48\n\nme:,$1000.0\n\nbank,@sowhuttt:,https://t.co/1XpKJBrWRI,tissue,time,Mane.,Putin,baekhyun's,@liddolbyun:,bordeâ€¦,path.,brain:,Florida
people,deep,stories,YUGYEOM,time,Thread,journalistic,selling,accusation,defensible,https://t.co/hodQ0H4AwU,yixing','puppy,https://t.co/3DWei6tDs3,FJFJDKKF,\n\ntHIS,@krupnan:,(never,because\ndunno,you\nkinda,to\ngotcha,of\nlemme,me\nlotsa,me\ngonna,know\ngimme,*drinks*,enough\n\neveryone:,@_alexicostelo:,game)\n\nA:,@bunnny_buns_art:
findom,morning,Send,femdom,paypig,slave,goddess,#paypig,#femdom,Goddess,tough.,tats,money,oligarch,heels,fetish,weak,,9th-richest,Ottawa,@AF1PRE:,color,cowardly,DONGHYUK,sissy,Cozy,toes,finsub,house,Donghyuk's,#WarpsiwaMAX\nğŸ¬
YUGYEOM,Lions,daddy,change,Vikings,reppin',@NHL.,https://t.co/mdBsEA5nbs,ğŸ”¥\n\n#OneBuffalo,first-place,PORN,https://t.co/gm90UiJAza,@904sav:,game,â¤ï¸ğŸ§¡ğŸ’šğŸ’™ğŸ’œğŸ–¤\nBEST,ONLINE\nClick,@ettph:,linkâ¤µï¸â¤µï¸\nâ¡ï¸https://t.co/EuiGU1jZAt\nâ¡ï¸https://t.co/EuiGU1jZAt,frauki,around\nvia:,@TravelVida:,important,member,,M/V\nhttps://t.co/74zcnHsFFs\n\n#GOT7,https://t.co/94hVtjgQ37,turtle,babe,,@Lions,seungwoo,@iheartshinee_:
videos,content,YouTube,time,daily,code,October,show,youtube,tweet,subscribe,best,Patriots,quotes,https://t.co/EYEv8YrVOh,\n#NoRoomForRacism,subscribers,clear...\n,https://t.co/qur8ZQeb1X,Subscribe,Onlyfans,Mina!\nThank,@Currymuncher00:,mistaken,Numbers,people,\nhttps://t.co/NqfC8EnGwn,ğŸƒ\nğŸƒ,Astro,goinâ€¦
like,talk,@lilaaron911:,https://t.co/HkT4kuLIsa,vibing...,camera,@ABSCBNShowbizUP:,help,@nrzhda:,MISSED:\n-Jimin,\n-'Make,Weverse\n-Jin,views\n-LY:TEAR,Vlive\n-Joon,skinny\n5)â€¦,skin\n2),has:\n\n1),math\n4),naruto,face\n3),difference,,@deadluvrboy:,https://t.co/fccYKn5YhZ,\nKeep,fucking,panty,just...,people,staircase,Luck
like,Overwatch,hits,development,best,first,bitcoin,crypto,conservative.,blockchain,hates:,soldieringâ€¦,https://t.co/8mKqsFfyWA,@Neon_woof:,@mgiggsart:,faham,@Reddingpower,Ji's,Syrian,kita.\nbut,@fylassssss:,Crypto,gold,support,@OfficialBSB,cryptocurrency,change,Airdrop,#à¤¸à¤¤à¤­à¤•à¥à¤¤à¤¿_à¤¸à¥‡_à¤…à¤¦à¥à¤­à¥à¤¤_à¤²à¤¾à¤­\nThink,#bitcoin
Twitter,Instagram,Bigil,Microsoft,Vettri,Artist,seteth,https://t.co/SPz15Ppozl,@flamingopunch:,#Vettri,Watch,\n\nNearly,Mera,\n\nOct,(Monsters,Hatter\nMomo,enoughâ€¦,Inc)\nSana,(famous,movie)\nJeongyeon,Cosplay\n\nNayeon,Hello,city,perfect,doodles,Mention,,Reply.,Dawg,@RadioFreeTom:,sincerely
sharing,real,like,important,Durham,Deep,Rohit,classic,Fake,people,Very,Media,embarassing,interview,Hawaiâ€™i,positive,â€œFrankly,Worried,Mifsud,Facebook,@artisticrozay:,@melanindaj:,@JoeHoft,stream.,MIGHT\nBI,composure,rosÃ©,Happening:,https://t.co/vmiQJ2Sâ€¦,amazingâ€¦
birthday,Happy,happy,weekend,best,Birthday,hope,today,Hope,Today,amazing,enjoy,@_kiatakahashi,real,October,greetings,gift,@iamPavanRayudu,event,Rollie,Philippines,Hoeâ€,â€œTea,ğŸ˜‚ğŸ˜‚\nhttps://t.co/HrFfâ€¦,https://t.co/IcfeiMy6yj,share,awesome,Happiest,commemorate,belated
time,like,brain,home,energy,@ani_digital:,yeah?,Ram','Jai,https://t.co/KGOGTâ€¦,Bengal's,Basirhat\n\nRead,Stays,INCONSISTENT!!,sweetie.,@KeviaTa:,https://t.co/DYoZpMfkC8,moving...,magic,sneaky,narcissistic,https://t.co/HCjhphdDCb,@rizzzy__:,breaking,Hope,\"Always,\n\nIts,genocide.,greedy,behind.\"
like,United,time,best,squirt,@SolidADNTRENDS,@SAT_RandomGames,drugs,,@aliceintrapland:,truly,,@88SEATTLE61:,https://t.co/PW8UY3kjGO,Peace,Stevens,Ocasio-Cortez:,shinee,operated,,authentically,,owned,,bogus,decideâ€¦,@Darwaine88,microphone,footballer,Haley,@JuliaMorales,@ATTSportsNetSW:,@WDabuet,streaming,@sherrypie18
brain,peace,like,CHAN,deep,cooking,people,shading,aneurysm.,wall,lisaâ€™s,LOVE,https://t.co/Ud3NBmc9k7,:\njisoo,2025,problems.\nSupreme,cashless.,government,chicken,https://t.co/LTF4sSeFAZ,@ftnbkrzi:,recreated,dives,time,parents,soul,,@firefliesmv:,involvement,market.,President
daddy,Google,like,whore,fucking,thick,milf,fuck,naked,Video,gift,hard,butt,#cock,hairy,#ass,@androidauth,@mnmlcase,#tits,naughty,muscle,cumming,cumshot,fucc,#nudes,twink,Anal,balls,lingerie,babe
ALBUM,MINHYUK,SHOWNU,selling,HELP,stop,URGENT,â€œcupcakeâ€,@sottgrande:,MESSAGE:,mckinney.,kamille,poster,@38_degrees,@gumtree,@Official_MX_jp:,HYUNGWON,KIHYUN,RELEASE,white,Reply,\n#ëª¬â€¦,vicious,#MONSTAX\n\n#ëª¬ìŠ¤íƒ€ì—‘ìŠ¤_ì»´ë°±,ZONE,#KIHYUN\n#í˜•ì›,#HYUNGWON\n\n#ëª¬ìŠ¤íƒ€â€¦,#JOOHONEY\n\n#ëª¬ìŠ¤íƒ€ì—‘ìŠ¤_ì»´ë°±,NUEST,#WatchmenHBO
ESPN,Football,Ocean,Saturday,mother,Messi,Vegas,Championship,Green,Mane,@encikmatahari:,Squidward,SpongeBob,,https://t.co/8waMJaTAfQ,death),Listen,#RaiderNation,kins,comic,Video,@Ms_Aflatoon:,today,\n\nâ€œIn,Yogi.,GOAT,@EZBiGirl,Fantasy,Circle,@EZBiGirl:,#NCT
interview,mark,clip,Prince,Mistress,best,Britain,TZUYU,today,walking,Vandy,#íŠ¸ì™€ì´ìŠ¤,#TWICEÂ Â #Maleficent2,@SECNetwork)\nhttps://t.co/XIojgd4kHt,Class,Epstein,kindness,morning\n\n#ì¯”ìœ„,https://t.co/TRAHHqFâ€¦,ONCE\n\nDonâ€™t,1976,Zara,ğŸ˜‚ğŸ‘Œhttps://t.co/yWaV0Oc7yS,Clown,world,anniversary,@Brycematic:,forks,'Rosedale:,Moyersâ€™
single,like,Biggest,Today,Film,paid,@Mayyyyy_Z:,bartender,https://t.co/4FgCYKxDsp,ğš†ğš‘ğš’ğšœğš™ğšğš›\n#Markson,promise,,leans,History,Devils,#sylvixweek2019,Cantina,sneakily,King,Malaysia,@tmorello:,@tanawwww:,energy,@MY_btsarmy:,https://t.co/NBkMh0W8v8,PUNTO!â€,@yarixenon:,â€œDije,https://t.co/O0o2Yla2r4,@LindseyGrahamSC...,world
morning,African,share,talk,stop,time,hard,sketch,work,\"how,@egoraptor,DONKISS\nFreaktastic,behead,enabled,draw,Kurdâ€,â€œinfidel,earlier.,@ronalucas_:,goal?,barriers,Culture,security,Warning:,@SamueILFC:,Today,commissions,spoken!,Kobe,show
stop,people,stream,show,HongKong,Pewdiepie,money,real,(mixâ€¦,pewdiepiâ€¦,vote,deep,time,wedding,wrongly,wonâ€™t.,fact,women,cancer,faith,@HVALSlE:,#Parliament,winning,@Anna_Soubry:,@CaucasianJames:,#JulianAssange,extradition,victory.,warming.,character
girl,single,time,like,Capricorn,friends,kpop,career,lost,birthday,focus,happy,thanos,@ConservaMomUSA:,indisâ€¦,makeup,talk,angelina,measuring,trap,daddy,https://t.co/MLWK2IIFGc,@tbyaisha:,pretty,pregnant,hair,jolie,@heterocities:,@xxmalaryy:,white
MUFC,best,Michael,@KeralaBlasters,@travis_orr1:,https://t.co/6wOiAhM1W7,pick-six,ğŸ¤¯\n\n(via,@AF_Football),#HeroISL,\nhttps://t.co/RMXRH3tC5z,Universal,ğŸ˜Š\n\n#MUFC,https://t.co/OiyIm8zgtn,https://t.co/PUKJbJnZEw,#KERKOL,Keith,@KensingtonRoyal,@IndSuperLeague,GGMU,Rampalji,Believe,scriptures.,today,@MatthewJshow,words,@IndSuperLeague:,GameDay,first,@ukinpakistan
like,mood,English,Very,Patriots,airpods,reference,hope,@hmzmcbg:,https://t.co/RmkyUahLeq,@nicktolhurst:,â€œyeah,@CBSNews,offenses,characters,,funding,,(Full,content,Version),translations,flaunting,@FaceTheNation,draâ€¦,Required,excessâ€¦,Arcuriâ€™s,+BREAKING+\n\nBoris,Unite,@enchanting_tae:,talk
help,breeding,suicide,community,@JoeBiden:,hittin,@LlZARDHEAD:,*exists*\n\nartists:,https://t.co/JDfHPoYGOp,gain.,tied,@RequestABet,mara,town,,Hosting,BABY!!,marked,yibo,hotel?,https://t.co/6TQjkjb9cy,â„ï¸â„ï¸â„ï¸â„ï¸â„ï¸,Agent,Mane,peril,aces,Order,Loses,channeling,Fest,messages.
United,Manchester,President,Live,Salah,Rashford,Stream,today,Watch,MUFC,Trumps,stream,game,Time...\n\n,gracefuâ€¦,But.\n\nMelania,States.,Leagues,ğŸ˜¬6ï¸âƒ£,https://t.co/sJxpVo90e3,Young,,@politico:,Listen,Wan-Bissaka,,Invincibles.,goals,@Aubazettes:,\"Everyone,States:,relegâ€¦
like,people,hypocrite,Good.,eliminated.,@ReddzLeon,heart,@SRhyheim,https://t.co/LmqY1qMixo,DARK,Beck,@shrimpdancing2:,@mmpadellan,@yurioberon,FEMALE!,nails,thief,@colomental_:,shiit,DANCING,criticizing,#Jae,Joji,SLOW,@hopeworldtear:,@fullfeeled:,fans\",sock,pasabog,election
YUGYEOM,Update,in\n,shitğŸ˜‚ğŸ˜‚ğŸ˜‚,LOOKS.,LIKE.,@natasharothwell:,BEING.,elsa,ALLY.,https://t.co/GwO76uKJ5s,youu,https://t.co/Pqj4OW5d59,@vaIkyried:,maleficent\n\n,https://t.co/XvFa6RUâ€¦,XiaoZhan,https://t.co/RHN8ZQIyNY,carats,#Hoâ€¦,support,Heels,overhead,#à¹€à¸‹à¸µà¸¢à¸§à¸ˆà¹‰à¸²à¸™,@rodmagaru:,LEON,Congrats!,LARA,PASCUAL,CROFT\nMAYWARD
like,show,strength,people,support,thanks,Send,much\nâ €\nâ €\n\n#hugsforchan\nhttps:/â€¦,chan\nâ €,help,babe,Yorkers,lost,morning,talk,choked,Theres,Raila,@MigunaMiguna,@BTSBEINGBTSYT:,GOSH,distress,Pence.,you\nI,breakfast,Falls,@Anxious_Matt:,@msnbc,NOW:\n\nNew,\n\nRetweet,
like,change,work,morning,world,Venezuela,@CBSSports:,TYPE,event,fan's,read,particiâ€¦,seed,@ClubBrugge:,16\nâ€¢,https://t.co/pPBEzt58kA,determination\n\nâ€¢,PASSION!,@seanhannity:,threads,irregular,@simmnfierzig,people,prayer,assignments,deluded,author,concernâ€¦,(including,Members:
photo,Very,best,like,liar,HongKong,teaser,Instagram,fraud,celebrity,@sunnytaeup:,@shanmushy:,#watercannon,Execuâ€¦,Voter,technique,twitter,American,photos,today,\n#IGOT7\n#GOT7_for_AGâ€¦,\n\nâ€œGOT7,\n\nAs,VOTER,ninja,FRAUD,tweet,@_OurNanny_:,#ê¹€ì„ì§„,selfie
fire,given,people,Tacha,tree,students,country.\n\nThank,win.\n\nWe're,masks.\n\nFoâ€¦,@versacehome_ng,looks.,addiction,Bhakti,house,swindler,darshi,Tatva,teachers.â€¦,Santiago,CURED\n,sunshine,cease,@burnaboy,battlefield,Queensâ€¦,loans,@bizzleosikoya:,fire,,#à¤¸à¤¤à¤­à¤•à¥à¤¤à¤¿_à¤¸à¥‡_à¤…à¤¦à¥à¤­à¥à¤¤_à¤²à¤¾à¤­\nAIDS,dropping,
game,yoongi,hoseok,today,christmas,winning,song,Cowboys,Brooklyn,Texans,like,Bears,Apple,Colts,building,Saints,soccer,@MACHE275),https://t.co/ioDQQqMtiv,@brkicks\n\n(via,@rosaalieee:,@JamesCageWhite:,app,I,https://t.co/mScCSJLnVK,https://t.co/nzbbZXkMWC,\"Titanic\",@taijay_blagrove:,trump,fred,tripping?
women,first,talk,Beautiful,black,woman,cool,Women,African,earth,children,walk,@GeekRemix:,shawl.\n\nI,@yrsunflower__:,attitudes,,@ImpeachmentHour:,space,,feminists,spacewalkers,@SamEdwardx:,gender,trans,white,Speaâ€¦,\nâ¤ï¸âš½ï¸\n#MUNLIV,https://t.co/GTSDRjXCkF,empowering,obey,flips
like,first,one:\nLiterally,https://t.co/qreaPQabCi,Riiiise,Faithful,,gameday!\n\n#SFvsWAS,https://t.co/8A4XS6hzlg,semester,Kathryn.,\n#BlackMagic2019\n#MetroxBlackMagic2019\n#StarMagicHalloween,silver,mario,slytherin,\n\n@galattadotcom,@immancomposer,\n\nBringing,manga,#Adichithooku,donate,mines,power,fucken,@NFL_Memes:,team?,askiâ€¦,Dude,,best,Freddy,lovely,
like,Twitter,song,mood,Sports,potion,shrek,\"Fella,overstepped,note.,@jha2K2:,https://t.co/EgmmwrUvgz,@copeland2x:,https://t.co/OwvtZR8eFp,BIGIL,Instagramâ€¦,hoax,,Gloves,Bosan,Difficult,@SJofficial,FRANCE,@lawak_hangit:,Caturday,Seasons,PREMIERES,âœ…\n3rd,âœ…\n2nd,ğŸ§¨\n\n1st,âœ…\n4th
support,Americans,show,thanks,women,@ananavarro:,impeachment,vote,Obama,election,fueled,\"have,bank.,piercings,true,light,USMCA,https://t.co/G6Ic6KWAHV,Trudeau,,Varun,inquiry\n#ImpeachmentTaskForce,Monday's,https://t.co/NuV8AVYGda,bank,,shower,@IndyaMoore:,@WhiteHouse:,Conservative,ranchers,game
like,best,stop,science,today,important,kids,hard,@bilbowt:,@lqkimjongin:,https://t.co/fPkYgKrkYe,Save,weverse,Tesla,https://t.co/VvVSRKanWA,pre-match,@Dylan_wadley:,tweet,Mexico,https://t.co/22Xpni1WQt,friend,monâ€¦,reactionâ€¦,writhing,release.,@CamomileCloud:,Instagram,pain\n\nPlease,funny\n\nThe,catch-up...\n\n@D_DeGea
performance,amazing,people,sales,soul,desi,world,Need,ONCEHALLOWEEN2,Congratulations,#ThalaFans,Equal...,\n\nAvoid,experience,,https://t.co/le6bPH5PIr,\n\nThanks.,young,Jinhyuk,Seulgi,phantom,UP10TION,@TakeAShilllPill:,vibes.,yours,,Lover,flawless,motivates,@seulgistation:,today,ELIMINATED
fuck,calm,public,remain,today,WONDERLAND,@ATEEZofficial:,breeding,EP.FIN,#WONDERLAND,RECORD_EP,Behind\n\nhttps://t.co/DVLdbB6eG6\n\n#THE_RECORD,Powerful.,days...,https://t.co/yIdXgi68Lm,salmon,words,Ateez,Valimai,@BASEDSAVAGE_:,https://t.co/6BSd5R1Ocv,ğŸ¤£ğŸ¤£ğŸ¤£ğŸ£ğŸ£ğŸ£\nCalm,Illini,@tengkuafzan1:,@kkris_tiann:,daun,https://t.co/PrrRStUAD6,PLAY!!!,Gulai,https://t.co/wx5363TEP5
Jesus,mother,King,church,Christian,Church,Christ,earth,Action,Family,death,time,Bible,rubber,like,Wendy,crackdowns,Catholic,soul,girlâ€,fuckers,Satlok,like?\",lot...\",\n\n\"CNN...I,Sierrâ€¦,Christ.,people,place),#Thalaivar168
listen,first,happy,ghost,best,talk,hope,LINKS,interview,SHOWS,@ABSCBN,abuser,event,@sgore3811:,ğŸ”¸ğŸ”¶LIVE,CHATâœ…\nâ–¶ï¸https://t.co/br2UygFNiE\nâ†ªï¸https://t.co/br2UygFNiE\nâ¡ï¸https://t.co/br2UygFâ€¦,ğŸ”¶ğŸ”¸\nCLICK,âœ…REGISTER,Jiminâ€™s,@Igot7Linn:,https://t.co/vN8ynvâ€¦,retreat,happiness,#MaineMendoza,@walkingeyebrows:,@JJWatt,going?,jogging,wife,nadine
like,hits,wall,words,people,weed,job),â€œrather,helpfulâ€\n\nâ€œi,cannabis,different.\n,https://t.co/LaeOSJKLMe,windchill,https://t.co/oWMZ2FnDA5,Africa's,game,As***le,marijuana,SEHUN,books,,@wonderofscience:,deadliest!,https://t.co/yyhy7Eb9M7,ğŸ˜¼\nhttps://t.co/cBpRpKEyMd,tattoo,@elpinchegordoo:,fact,https://t.co/wAQfrpd4DL,@MickLew:,lazio
heart,like,soul,reference,Women,stay,time,Twitter?,somebodyâ€™s,guyâ€¦,LMFAOOOOOOO,adorable,hope,perfect,guysâ€,@goodmiad:,vote,bestest,catchphrase,https://t.co/2RxJMJplaW,economy,,https://t.co/djySNT4jB5,@curledbitch:,fiancÃ©,@freshhel:,kids,@tyIerzilla,Youtubers,#MyTwitterAnniversary,@stvemjolnir:
time,money,people,like,Singam2,world,work,best,President,Suriya,help,@bet2win10,nevermind,#NGK,ref,,talk,\nPray,@SunTV,@realDerekUtley:,https://t.co/FXZ2OAD4na,benefitted,#Suriya,running,Film,*blows,#MegaBBSingam2onSunTv,bookmarks,@watanabekou,ğŸ˜\n\n(ğŸ¥:,@Troll__Footbal:
Google,Apple,Microsoft,Android,Samsung,iPhone,best,Class,transport,mobile,BOX.,Gaming,@Oceandiversity2:,CHECKMARK,https://t.co/lnRvDhIKV1,true,game,boatğŸ³ğŸ¬,https://t.co/5p6GhWLnCf,people.\n\nThis,\n\nGovernment,\n\n#Staâ€¦,Unpopular,Rank,opinion:,time,Windows,Core,@ZionTechGroup:,Gold
thanks,people,city,google,Lecturer:,theatre:,*asks,@Aliyahjx_:,question*\n\nEveryone,https://t.co/R4HnofT9ha,girl,answers,,zankush,https://t.co/zTE14pc08w,Government,update,@meenmeenh:,Fake,https://t.co/eSs1xYr4VO,phoneğŸ§,Buka,@an_rosni:,angka,https://t.co/2aGHjVNBSr,[54:49],,LOUDER,crime,Support,Communist,show
today,time,hero,support,stop,October,tweet,fact,first,wife,REVEALED:,henchman,@JDNalton:,song,https://t.co/nQ8v6tom4n,@Out5p0ken:,photo,skirt,bent,maps,share,https://t.co/RH85Cx0hKr,return,,Quinn,@TSM_Hamlinz:,Hindu,Lagos.,Tournament,fire,spans
like,Baby,babe,people,Bigil,Soul-stirring,'out,world',#Bigil!,ğŸ’¥ğŸ‘‘\n\nClick,áµâ¿áµ’Ê·,áµ–Ë¡áµ‰áµƒË¢áµ‰,áµ—Ê³áµ˜Ë¢áµ—,áµ—áµ‰áµ‰â¿áµƒáµáµ‰,áµ‰â¿Ê²áµ’Ê¸,Ê¸áµ‰áµƒÊ³Ë¢.,Ë¡â±áµâ±áµ—áµƒáµ—â±áµ’â¿Ë¢,,@badboyrepublic:,range.,@GoldenKnights:,Ridge,@tamararenaye:,settings,,canister,(now,fire,Stormi,@rhiie247:,https://t.co/hBDReU1Goi,@L0vingnature:
like,best,deep,friends,australia,fact,Pompeo,,heldâ€¦,BOYFRIEND,together,hemsworthâ€™s,https://t.co/MNRwUYRldK,@professorhuIk:,Dems,appointees,stored,SEONGHWA,clarity,permanently,rotten,weather\n\nWind:,people,@CollegeGameDay,complains,Costa,politically,@GirlsJerkOffToo:,key.,Derby,Life
pigeon,Valimai,like,Contest,lost,Capricorn,Brussels,Photography,Cancer\n-,Leo\n-,Tuned..!â€¦,Aries\n-,friend,cosy,@R_Calico:,serious:\n\n-,Virgo\n\nTheir,#ç‹å˜‰çˆ¾,Phoenix,Trick,#AZvsNYG,creeps,@hkpoliceforce!,https://t.co/3yjRwDBB5W,#jaeyong,Commissar,#memories,Juventus,Joaquin,\n\n@JacksonWang852
listen,Listen,real,people,SoundCloud,like,Atlanta,@Snowden:,inaugurations.,https://t.co/sXqqYi0k86,\n#PoliceState,@foxindimples:,chan\",@gloombugg:,Islands,stays....,#hugsforchan\nhttps://tâ€¦,delaying,#HongKongRioters,#SoundCloud,@Boyslv93:,#SoundCloud?,JoJo,@StandNewsHK,https://t.co/BQwIqEUhzb,Journalist:,Time,Offset,\n#HongKongPolice,,cybersecurity
like,people,help,first,photos,Twitter,YouTube,@EmrgencyKittens:,@Ionelybxbe:,home...,https://t.co/cyXfSfNUH7,lovebirds!\n\n#SPOOKtacularKathNiel,https://t.co/Zgrpzl5Lx4,wine,work,CREDIT,regulations,support,paranormal,light,green,renounce,earthquake,welcome!,@remindmetweets,Lean,Content,@lure_lady:,LINKâœ…\nâœ…NO,Ahri
Harry,people,Prince,today,time,Liam,Louis,collaborate,house,series,photographed,@bestsongzwrld:,Playing:,first,prayer,#bbnaija,HIT.,Conor,@LarryUpdatesAcc:,Mail,,comedy,duties,@esthergbenz:,@Blayofficial:,photocopy,entirety,one:\n\nGirls:,British,procrastinating,commending
weekend,USSD,Today,adventure,ALLEGED,STATEMENT\n\nDISCONTINUATION,NIGERIA\n\n@DrIsaPantami\n#FMoCtoday\n#FMoC19\n#FMoCStatâ€¦,winner,time,sail,Adopt,change,code,Straw,pinched,suspension,jaehyun's,Line.,Yoongi,Anniversary,,message?,@jungjaehyoons:,mobile,#NextLevelOfDoom,https://t.co/K626E52Vxr,taxed!,@OnePiâ€¦,Workout,walk,\n#SundayMotivation
meow,YOONGI,https://t.co/VwLms3ve3c,betterğŸ‘ğŸ½ğŸ‘ğŸ½ğŸ‘ğŸ½ğŸ‘ğŸ½ğŸ‘ğŸ½ğŸ‘ğŸ½ğŸ‘ğŸ½ğŸ‘ğŸ½ğŸ‘ğŸ½ğŸ‘ğŸ½ğŸ‘ğŸ½ğŸ‘ğŸ½ğŸ‘ğŸ½ğŸ‘ğŸ½ğŸ‘ğŸ½ğŸ‘ğŸ½,Colonel,balls.,kitten,freezing,kitty,time,Bartender,Preach,\n\nCongratulations,Kitty,year....ğŸ§\n\nA,$123,548.40,@DimpledDork_:,real,@JesseKellyDC:,@globalARMYforce:,#cats,Knock,@ChrisJZullo:,https://t.co/smXZPOBYLg,form.,reading,Jagatguru,Cartoon,@supplierofmemes:,@DaveVescio
like,winner,mood,people,morning,TAEMIN,best,BANGKOK,work,@moncheri718:,\n#2019BESTOFBESTINBKK,TAEMIN\n\n#TAEMIN,https://t.co/yk7PNpesJk,overwhelmed,TAEHYUNG,myyyy,soberano,@MichelleYs11:,https://t.co/osCq06OAxi,witch.,@louyanong,@info_seoyeon:,corruption,@rickygervais,afterğŸ˜­ğŸ¤§ğŸ¥°,https://t.co/ZOIW7rcLts,#HTTYD\n9,https://t.co/JjlPLP4s8O,@reagandwalker:,Shatta
like,Capricorn,butt,light,ALARM,BELL,Agaiâ€¦,@animatedtext:,RINGING,divorce,Louisiana,brain,Valimai,Time,Tiger,slightest,Tanhaji,paul,corruption,Back!,Producer,@erpemnfs:,house,corrupted,THALA,upfoll.,cramps,Unfoll?,support,intervention
church,morning,like,people,today,show,real,community,stop,photo,@rizickyusuph1:,help,Guilty,farms,HKPolice,allowed.,Magic.,https://t.co/l9v8Dl4Hw5,satan,America!,black,metallic,brighten,winter.,Nolan,late!,@DeepStateExpose:,stream,https://t.co/bfmizxPlWj,botnetworks!
Schiff,Liberal,Fact,like,game,weekend,IMPACT,marvel,Turbo,Jammed,https://t.co/AJOe2WDKlI,@KensBestLyfe:,UpğŸ™ŒğŸ½\nRetweet,Saturday,capcom,Calgary,https://t.co/wacf4nQ9jo,Fascinating,\n#ì—‘ì†Œ,truth,Schifty,Connected,Kangaroo,\n#EXO,pattern,prisoners,Friday,October,baru,@MobPsychoOne:
like,best,people,character,Manning,borahae,https://t.co/Ne2DZSd1yt,Peyton,Needed,fact,buys,Namdaan,home,Weekend,#à¤¸à¤¤à¤­à¤•à¥à¤¤à¤¿_à¤¸à¥‡_à¤…à¤¦à¥à¤­à¥à¤¤_à¤²à¤¾à¤­\nAny,Happy,money,declares,british,sour,kidnap,skit,above.,Crack,union.,YOUTUBE,@iChopTweets:,https://t.co/24I6mxfnMk,#fix_SuperClapViews,existiâ€¦
film,SEHUN,LOVE,london,women,https://t.co/NJ7LiMLjmX,\nhttps://t.co/XwOgY9PqqK,first,Breaking,settling,LOVES,cityâ€,@1800callstar:,malay,Mina,Result,https://t.co/albwDF0vQv,@adlynazal:,NOTâ€¦,Italy,brain,Modi,yetğŸ˜,https://t.co/kmkMe4JjEy,fucker,@nicshields:,Divorce,2020â€¦,ğŸ˜­ğŸ˜­ğŸ˜­ğŸ˜­ğŸ˜­ğŸ˜­,Lucknow
share,Spotify,streaming,Stream,stream,twitch,time,Flash,Twitch,Dreamcatcher,Osiris,first,cancer,Invite,Fleck,chat,anniversary,(Oct,P.J.,playlist,\n\n1x,Live,@boostrck:,Renewal,best,youtube,\n1x,legend,\nRetweeâ€¦,â€˜lek
Days,october,Target,Special,Nature,King,Apologies,Quote,Need,@HongKongHermit:,eilishâ€\n\nâ€œuh,eilishâ€\nâ€billie,@sevenfour2008:,2017â€\nâ€œits,eilishâ€\nâ€œbillie,2018â€\nâ€œâ€¦,Netflix,light,Hongkongers,today,greatness.,Tory,offers,manifests,stop,divinity,Brennan,,Thankful,Bigil,hard
change,climate,light,Power,Climate,animal,death,world,Indian,green,responded.,Effectively,versa\n\n-,FACTS:\n\n-,CFVs,crisis\n\n-,Sectors,shahkot,Jura,,Nousehri,trees,stop,girls,show,@_RebekahJade:,https://t.co/yO3U7Magyn,real,https://t.co/ZxRLHEFKjA,LEVEL,@bucketapple:
like,song,English,paid,time,@keepslayeyn:,nudes.,enjoy,@RingsDaily:,Boris,killed.,united,todays,https://t.co/fsAEMUUhnD,downfall,Velvet,@luigipacho:,akin,KINGS,@SheSeesBeyond:,Like,https://t.co/Q04e1GxCZ6,Gaddafi,Heskey,@PaulBrandITV:,week...,Johnsonâ€™sâ€¦,tactical,corrected,#NewEraOfPakistan
LOVE,OCTOBER,people,Pompeo,tight,fall,fucking,hero,today,update,Special,work,agree!,first,@itsTodiii:,TEXAS,like,CHANCE,Dance,\"I've,you'â€¦,https://t.co/CteUBLMHVI,â€œ\n\nMe,@kyharchive:,24TH,10pm:,ANIMAL,IT\nWE,@KiannaBanks,tweet
LOVE,Milestone,Bigil,heavenly,proud,Americans,step,,bro....,Impressive,@4yun1yuni:,https://t.co/p5C04h6ooM,feelings,,first,producer,@CocaOlaaa:,https://t.co/8v4GwTihjE,Australia,@kolohekaia:,Nintendo,https://t.co/wQKLZM0rRa,ğŸ™ŒğŸ¾\n\nIf,money,\"Trump,@drkelseileann:,made...,190727,edge,,https://t.co/p44ODâ€¦,Moment\nhttps://t.co/InWowFv6rR\nhttps://t.co/xSi51dm6lt\n@weareoneEXO,weakness.
single,people,Netflix,â€œceasefireâ€,assist,,tacticâ€¦,extremists,,white,spraying,,@supermupdate:,Friday,@AlexGoldberg_:,twitter,&lt;Super,undo,https://t.co/1Zcp25mpVw,song,Car&gt;,Â©\n\n#SuperM,unfollowers,(FREE,buttons,@nightbarbie,Tammy,fake,us\",sickest,@iHrithik,@Abigail_PCY:,@SuperADianNitin:
Today,people,volunteers,morning,listen,today,Black,Tearâ€,this.\n\nWâ€¦,walk,poggers,moai,storyline,https://t.co/xPyEN2tIRN,@senn_twt:,Naamcharcha,Trivia:,first,\n#Korea_pride_BTS,Immigrants,Convicted,inability,meditation,dulu,important,seesaw,@caliboycomplex:,https://t.co/VMRklX1bdn,#SpiritualSunday\nThousands,sebab
social,media,anxiety,fact,real,depression,talk,fuck,people,socialism,campaign,suicide,stay,thekingofunderdogs/IG),life\n\n(via,https://t.co/HiohXw8DAR,walker:,@_omnificent_:,important!Â¡!Â¡\n\nSummer,Blast,daily,summer,meme,@ddale8:,Pashtuns,Dimon,beauty,fake,JPMorgan's,@levelupdub:
LOVE,OKAY,HELP,TRUMP,ENDLESS,PRAISE,SHOWER,Special,https://t.co/y1VaB9uBLg,BOYS,EYES,MIND,SLEEP,LOOP\n-,LOOP\n~,-\n\nGOT7,@idogyoucat:,~\n\n#GOT7_for_AGASE,https://t.co/YNom1y9djC,TOLD,MINUTES,FACEBOOK,SINCE,KILL,MAKING,CRACK,WATCHING,PHONE,FRIENDS,LOST
public,Houston,teachers,history,creative,education,school,people,hope,teacher,students,dedication.,fraud,https://t.co/8PlK3bDwfd,wholeâ€¦,restaurant,,draw,Loan,obstructing,inappropriately,@RachelintheOC:,transportatiâ€¦,groped/touched,(bar,,cancelling,@MsAvaArmstrong,talk,@les_htx:,https://t.co/Jlf7kQyKrm,York:
time,first,Hello,like,Congress,American,Americans,model,fall,fact,United,@SdDawg8:,together,Republicans,ears,,millionaire,,performer,,@daveweigel:,@Dafhneyy:,https://t.co/EfFD1NYIâ€¦,America,spot,,chats,innumerable,area,,diffâ€¦,https://t.co/kCi5QQA6ON,@primadonatae:,@haetbitmark:,,,thisâ€¦
Coup,spying,Russiagate,Flashback:,$28k,@RealDonaldTrump--,Need,hentai,upsetting,market,Cover,Panipat,cheese,Rock,respect,WayV,Bloodshot,homegirl,Featured,gifs,fall,vibes,lady,Unexpected,Desperate,Karthi,#GoodOmens,Cast,update.,lrt
like,people,real,President,lifestyle,SANA,perfect,writer,time,Teacher,@aimanzhaikal_:,Forrest,@dreddxn:,lot\nâ €â €,\nâ €\nâ €\nâ €\nâ €\nâ €\nâ €\nâ €,â €\nâ €\nâ €\nâ €\nâ €\nâ €\nâ €â €,death,Staâ€¦,Bushâ€™s,glue,Gumps,MOMO,Ukrainian-connected,young,Aint,Video,gestures,together,donghae,'One
wife,like,fucking,hair,real,PACK,happiness,ADOS,Eliud,Congratulations,Huntington,manhandling,#KamleshTewari,else's,GO!!!,@VistaEarth:,https://t.co/zuXFJ6u8MM,older,,Kipchoge,ğŸ‡ºğŸ‡¸\nvia:,https://t.co/giNxUXp1rU,ryanlongnecker,Kenya,seonghwa,\n\nhttps://t.co/Ien5j8HPDt,LIE???,@LilTunechi:,British,@eldeen0:,curtain
Beautiful,like,Twitter,Happy,morning,@Yuno_lt:,pink,https://t.co/jbb69n7uIW,monolingual,Naeun,Kurdish,weep,smile,people,(Team,ë¯¼íŒ€ì¥ë‹˜,Min),@PamKeithFL:,legit?,Friday,tamang,https://t.co/IiAoMxVh0s,@leoblija:,faked,tatters.,GLORY,true,light,Desk,frozen
makeup,hair,time,fall,girl,pretty,brand,work,tired,fact,wedding,Family,like,important,backgrouâ€¦,dress,young,coming?,Gee,,Stephanopoulos,reckless,natural,Celtic,Ukraine:,nails,influencer,butt,crappy,ğŸ™„\n\nhttps://t.co/vfoLxQdwKt,formula
Origi,United,Congratulations,winning,united,game,Mane,Salah,Manchester,liverpool,MUFC,Klopp,fucking,YNWA,today,Rashford,young,salah,GGMU,fouled,given,ManUtd,Keita,Alisson,first,disallow,@Neelofa:,@paul_tomkins:,ignores,shin
like,data,Mommy,President,https://t.co/k3LmS6edhi,Culture,Nadine,101%,ocean,,significance,https://t.co/LqJzTw815C,gayâ€,reply.,management,,@DrawsQu:,twist:,https://t.co/GSpXQecdEh,@Genius:,@namkook666:,@blaqueword:,Lustre,praxis,seokjinâ€¦,â€œseokjin,womanist,Stallion,,not...,sexuality/empowerment,tails,admired
mina,costume,like,happy,Ajith,designer,heart,sana,dahyun,event,jihyo,cool,ONCEHALLOWEEN2,Valimai,momo,tight,Bigil,best,funny,chaeng,@sanasloops:,sahyo,patting,focus,girl,https://t.co/FEDv3UvG2z,@jeongyeonjy:,sobbing,,jeongmo,wipingâ€¦
like,people,today,dancer,time,hero,song,friends,secularists,woman,vibes,\"co-existing\",help,seoul,#HKPoliceTerrorists,Robbie,hope,funny,cannon.\n\nObviously,â€¦,negative,,@yannnnnn111:,stationâ€¦,Dahyun,real,it.\n\nThe,pictures:\n\nThe,jaehyun,lady,@angah_md:,@OpalsJimin:
like,Obama,real,world,President,MUFC,others..,pregnant,@RachelLeishman:,@x_rae___:,https://t.co/afbTNipXP6,erased,Vietnamese,moods,property,REPORT:,BLOCKED,https://t.co/qXvWZsAHIu,@boatsandhoes214:,Stray,Eartha,Kitt,Attempt,@emptywheel:,wonderful.,game...,https://t.co/AlCGzpoBuo,corruption,Happy,UPDATE:
like,friends,Jesus,house,best,Send,real,NBCâ€™s,https://t.co/Etc8MYOJvX,DONG,Distance,Dome,LOOOL,BANK,fundamentally,@geeald3:,MMA2019,Ever.,\"small,AMEN,#TXT,@actornajaemin:,bum\",https://t.co/Tjbgix3t2n,https://t.co/d368txXc0K,renhyuck:,DIDINT,@Tobincii:,ways.,spend!!
flying,truth,Very,Juvenile,she?,hain,$2,000?!?!,girl,girls:,fuck,akkians,Explain,@cachaito235:,ğ’ƒğ’†ğ’”ğ’•,https://t.co/3AAY1K50zt,#ThalapathyVijay's,@Bre_aun_na:,@reikossr:,Unheralded,chat,https://t.co/Kth7duWxNr,TU/MBLR,#SangeethaVijay\n\nShe,faith.,raha,kuch,Twitter,THERE!,@CauseWereGuys:,sath
fake,book,Hindu,plastic,read,true,kids,social,lunch,people,stories,sharing,real,Charing,Bray,journos,@StGilesResident:,@daviâ€¦,@David_Cameronâ€™s,Cancer\nForever.\nTo,\"GYAN,sage,Road!,Foyles,,*ğŸ“¸credit,#DavidCameronâ€™s,@Greg0wen:,#à¤¸à¤¤à¤­à¤•à¥à¤¤à¤¿_à¤¸à¥‡_à¤…à¤¦à¥à¤­à¥à¤¤_à¤²à¤¾à¤­\nSay,required.,girl
queen,event,Entropy,AKSHAY,beauty,stay,learn,,Great!,buzz,king.,Dizon,Ryzza,KUMAR,@alvarezdaryll:,frees,@rynford_:,smart.,improve.,@HillaryClinton.,warmongers,,Boffum.,@Adorenuuu:,https://t.co/Rg7W7cs7Ns,GLOBE,#ImpeachAndRemove,PROJECT],@got7pinoy:,[#GOT7SeeTheLighTPH,Ahgabong,\n\nInviting
Rashford,home,GOAL,Arsenal,@Poshmarkapp,#poshmark,crossâ€¦,James's,pretty,mins)\n\nMarcus,MUFC,#style,primarily,Yovanovitch:,trickiest,arsenal,junhoe,@wisteriamemory_:,ğŸ”¥COVER,UPğŸ”¥\n\n@GStephanopoulos,https://t.co/HoyF5iZzM3,training,@peta,precisely,#shopmyclosetâ€¦,Soooo,@WhoopiGoldberg,glass,iKON,#junhoe
